"x","y","z"
-0.0352118940547632,-0.170671688414403,0.956711486787548
0.0172583306221446,-0.0876872646833009,0.937725677866892
0.607204156391655,-0.649128971846907,-0.299491015015406
0.681941801634286,-0.647720419491193,-0.293383612634043
0.451116238354175,-0.743101839862391,0.265281899344862
0.363252724693446,-0.823913902326429,0.302354982943335
0.390172697964837,-0.81652213696018,0.278483420144521
0.455682208285748,-0.791492077061567,0.349771568942105
0.970426122921854,0.125167485743592,-0.0310566144720754
-0.504836093759599,-0.818096244376009,-0.18232584028889
-0.504397058382714,-0.748507971902332,-0.210295101667536
-0.470756374934422,-0.655449476714678,-0.446303156411766
-0.454052510833975,-0.701969175142921,-0.502711476562779
-0.553783195904805,-0.707951113966491,-0.427591526727771
-0.470032898396001,-0.816282748154061,-0.305324704369222
-0.562829849633509,0.805740767748104,-0.136781139289107
0.0158785816312307,-0.962932318545431,-0.0897548169539484
-0.475427990981723,-0.241761974248432,-0.845839694304725
-0.422866709446558,-0.195297513227372,-0.819318654630468
-0.52940715477765,-0.228112384739855,-0.762773825368442
-0.852926783058384,-0.362343218567444,0.0471648860751995
-0.937409970763037,-0.282548454875047,0.0932125427206239
0.135311104223588,0.865669610614405,-0.476413277234774
0.0467429756797331,0.834712605247446,-0.393815756539845
-0.738567693641341,-0.00204636413558762,-0.612362062251421
-0.712519859085876,0.0445371164205853,-0.665054468291037
-0.106572936643404,0.594901404138165,0.728524574193345
-0.194938767786787,0.511469607266213,0.75777547430012
0.823704143663127,0.349150635962832,-0.311717565059884
0.779770159718669,0.424336733289553,-0.36087909294038
-0.506615429424403,-0.353352492872463,0.76938216405574
0.546466476279788,-0.532516686686737,-0.605499878559519
0.582936546737805,-0.442926653471442,-0.630868361156427
-0.229016130966558,-0.934342938298485,-0.219226629991942
-0.158646294920284,-0.922870780926993,-0.195956997849079
0.562352730069029,0.467368821612103,0.680031855720815
0.0409962492611864,0.83190605518945,0.393803118893959
-0.0538016078693945,0.685038924306227,-0.618646799755505
0.0182463138114545,0.704797277822415,-0.612035865797311
-0.0196721621199265,0.410500103465798,-0.885550092779746
-0.889596946232464,0.421179642544495,-0.0934907668595779
-0.86513362315841,0.404340577510762,-0.16236014839422
-0.615053709205342,0.453454350387169,-0.51137611234254
-0.131180301670724,0.738849016367631,0.527496578012606
-0.168503391026548,0.66491229287239,0.583535385277978
-0.217488221800897,0.708741224934269,-0.58005474389181
0.954137613308651,0.184168592518093,0.0686152679355185
-0.278326327339182,0.654828875977211,-0.610608732524709
0.434990894554145,0.216726892324961,0.781896705649699
-0.127940914353293,0.127593258982871,0.944780724378808
0.470858855512681,0.577576053861878,-0.578740815799032
0.539855503216348,0.55963014017017,-0.555451187475983
0.805400963218589,0.463519039944383,-0.283953767536273
0.817065125963971,0.400165682867556,-0.322363394643879
-0.0949641196229356,0.0639377928138388,0.908558943610308
-0.0309437492578419,0.0599641566681052,0.947425412373209
-0.143139965514948,0.0180655820456955,0.983223715436332
-0.667419594145092,0.130575541397542,-0.591717669792846
-0.612131962819013,0.0952069778654295,-0.667165284307995
0.698012249917178,-0.574326103660291,-0.0525561982870562
-0.570792000259871,-0.347492651471795,0.608805558605403
-0.88112489954291,0.368669270662069,0.119704595899116
-0.8377731551911,0.429676389212396,0.124578787918492
-0.876736470556457,0.357617983359091,0.218995132910343
-0.325340838977793,0.561977076682582,0.692805914870544
-0.276566295710015,0.584624984122896,0.640526700859672
-0.401270736802754,0.59062205207235,0.63437547758645
-0.159697353700931,-0.238719163746959,0.948783127607702
-0.0848334442015517,-0.175888102660423,0.927625320131294
0.52299440620315,0.768015457362038,-0.295853842161229
-0.0112009035509373,-0.753740299998678,0.544891668626011
0.0637541812943787,-0.75114610661251,0.544818071705933
-0.236468565367515,-0.656975314737862,0.590257498199806
-0.300210418063095,-0.617455881221144,0.589820932680547
0.442852427247878,-0.16265608950943,-0.869611185190599
-0.0362470318935564,-0.37841975437763,-0.898109164583589
-0.887484114282482,-0.00474255533262448,0.199673086020511
0.842493549244461,0.253921728658516,0.247499146792326
-0.881113300925216,0.0118035926576025,0.366312402925344
-0.829287463184434,0.0887321648839684,0.403676520975673
-0.879405937791033,0.386927621175099,0.0327037935206683
-0.168705785886688,-0.689994120735932,-0.650472361522156
0.441807312916053,-0.758466793081752,0.365904529798438
0.413429441414625,0.794695731015668,0.224943256180754
0.373463077376589,0.854958357971757,0.205040855875001
0.19182867186023,0.556253465640506,-0.708542806364723
0.161836679897209,0.602812762072226,-0.759116636888752
0.338416072517018,0.227033576382009,-0.844842237893687
0.370191192613283,0.289001198775901,-0.816997031524978
-0.442293296393734,0.648785696848182,0.46191459656092
-0.0324780420011269,0.343483391796983,0.910688977221713
-0.0759800809296803,0.4300175271407,0.83166735974033
0.838219499883752,0.439756632002857,0.0531842962499382
0.903103355423553,0.373301604864973,0.0902493020963351
0.192017578168767,-0.854267850419295,0.330260974154793
0.098695609876223,-0.922733984028449,0.283055055218511
-0.70432114120226,0.662463413422267,-0.09622581469176
-0.746929420400171,0.602031864409974,-0.0836734273583564
0.808411152945057,-0.326145959891006,-0.276911112156196
0.51365385054812,0.733675397916009,-0.302011811072765
0.530553894998781,0.716845403955765,-0.399125866702544
0.649242626049265,0.0609418913382234,0.64134670102656
0.639603519789592,0.151677157936054,0.726782051004981
0.00639998725460325,-0.677157857599391,0.732913819499541
0.0463623918242068,-0.613830082160523,0.73710894512097
-0.544357850792528,0.759688431728546,0.191054812032107
-0.405056217648745,0.475478867949177,-0.715090729348864
-0.446857370509382,0.413374596016635,-0.710538474165924
0.516726651785751,0.0382498389238849,0.79784372467247
0.548405437435821,0.0995031238758487,0.768356615245968
-0.817776604554675,0.47486578771032,0.0867964368044917
0.521529451601896,-0.246441722813839,0.774147590064522
0.533570582656048,-0.147257436585639,0.778329518846684
0.578527755754458,0.545207711294149,0.546054691382923
0.505283738914244,0.541045730727361,0.614010499926947
-0.644183773911939,0.437788782802344,0.47418865126359
-0.142926030126397,0.669437782536698,0.600970860553163
-0.0554285250102255,0.671087961949085,0.649359531813619
-0.676971919415596,-0.556187974249842,-0.450475746509252
-0.706370409786591,-0.491801791362387,-0.47527792820945
-0.646674405618711,0.257186523244525,-0.594104778594173
0.118684600269802,-0.689104221578772,-0.654861880944003
0.19276473761156,-0.699650092960431,-0.659952838440164
0.131231877387921,-0.591748783926769,-0.67395336062757
0.0546429925383217,-0.00401860999529286,0.987498223895602
0.465814241674802,-0.545324250497234,-0.645829161951653
0.504814779074571,-0.54529784796152,-0.581767025041967
0.124956416937797,0.95823472855748,-0.00669845648554512
0.0263002163215176,0.925888569750024,0.0629124628472955
-0.576748796198704,0.76272845355837,0.122730901876423
-0.525985474887567,0.844508570730704,0.0429806815335197
-0.94923119626528,0.156095289388202,-0.126139255094414
-0.918266056224442,0.197576640009251,-0.180411325746868
0.765899895613223,-0.267307807896648,0.451363009131656
0.82833240656131,-0.226393728151341,0.458658189411242
0.764065454472054,-0.282138822549242,0.550240083471839
-0.154318587223474,0.0755551623785186,-0.888476900436717
-0.277052945260173,0.052508641020686,-0.882987345753286
0.081697893079454,0.463910874665599,-0.851182556653915
0.471524671336657,0.718832051355084,0.418525177652845
0.546061483955098,0.726190023949509,0.414636244125121
-0.89856557410425,-0.0110020868110731,-0.130122557144078
-0.0733698965660472,-0.776362285077583,0.453953673522839
-0.0572888757911876,-0.830698814969712,0.404821786828755
0.128852426888458,0.477351052137087,0.770615563066927
0.198922024240575,0.462800670568992,0.793055213757948
-0.390318026398349,-0.713735905465523,0.48720791058935
-0.336662243162815,-0.789881218782079,0.450835555904714
-0.131031930448814,0.0924586772351418,-0.899275110970327
-0.216569374912807,0.80944463010585,-0.482434382225217
0.869456077669094,0.182903023767,0.218749456727204
0.893507802595792,-0.0884132042433881,-0.222165339957461
0.895880920410263,0.0255683796131451,-0.170905542324279
0.919393213753929,-0.000400940927516875,0.0511639085817034
0.989472535345163,0.0708967780148016,0.0535142189728187
0.579612494083297,0.56799889778141,0.516335595046523
-0.820787492432553,-0.160900677506121,0.332821817393125
-0.835776879992726,-0.0953794351221198,0.406864271816435
0.121277088770041,0.0716419019945636,0.966253536019568
0.541129420429429,0.595383822351728,-0.426277595734454
0.600071237741908,0.633082767708109,-0.453289661388881
0.48080330261421,0.6705008685828,-0.453076641890303
-0.812181015681155,-0.519349818975367,-0.0228029283396084
-0.587948770672666,0.73374223230246,-0.0157396434841729
-0.742137944868136,-0.536185576572391,-0.0207143213399724
-0.433329850585177,0.0520732044769521,0.803725636614331
-0.479045559635877,0.0927199325874822,0.760333040011911
0.330059805132872,0.385688421958122,0.745558858587248
-0.84493430653138,0.14060405137117,0.404972588532962
-0.801604373633624,0.223791209725424,0.370296752565819
-0.517718549811403,0.384608186797688,-0.672796124987774
-0.562893180486494,0.298764521528518,-0.751632143891089
0.858159471380978,-0.343461757634131,-0.220684426532691
0.864941108422573,-0.306713740635944,-0.155656796668632
0.26744404585461,-0.88907568667686,0.0146465998397965
0.438354428381376,-0.888087656499852,-0.100747759774022
0.317785088521859,-0.919309586337651,-0.111388501432563
0.270653217373799,-0.434633013572633,-0.757313290007179
0.810036230402436,0.123272993626581,-0.488983552840563
0.725992121200976,0.215364596293714,-0.497968230170994
-0.777585737698425,-0.34571062171503,-0.310647527856195
-0.238191935445765,-0.57331494909863,-0.65543836602311
-0.21332362872392,-0.456721063910053,-0.817550329570066
-0.269127185466538,-0.506742938294466,-0.814588043637995
0.571148157034118,0.672584722173251,0.186719811372281
0.504943863369866,0.772232764924317,0.150494694722375
-0.149988982688404,-0.687406620192867,0.687991347131389
-0.24361710029455,-0.604591034472381,0.688586624631907
0.559866229966519,0.648374747013313,0.445901888958226
-0.498961932159719,-0.493407975766668,0.579638486419639
0.925662415303629,-0.0216876720031984,0.0611858840405651
0.99269330883186,0.00295112594585215,0.0840941565296209
-0.799404754397242,0.547346648398966,0.0357143134655712
0.443965371085217,-0.26822974612043,-0.82546040043667
0.442249362258752,-0.270356484987924,-0.750510201667774
0.351100039887202,-0.305188510614434,-0.828635300208265
0.0506586791679075,0.887381740477343,-0.209669435089198
0.342298564966123,0.72326005696295,0.552703101667712
-0.511041039896082,0.647102213583616,0.482224094757255
0.947689747110977,0.193952860939771,0.0232358773666681
0.880005052626512,0.22877313592024,0.0880921074670147
-0.897582266337708,-0.00543541061438409,0.323663666850479
-0.897709734590867,0.0945610853875305,0.324491035682094
0.101731988437003,-0.883933950118225,-0.146183503263621
0.265095826198896,0.807571562294525,0.359005165127005
0.30994533007619,0.763453050346617,0.399835042734743
0.342157569343623,0.868442103142184,0.340130181672453
-0.510306049424921,-0.0693550097343892,0.781855675026653
0.49214244011986,-0.367566693032302,-0.66460382348992
0.106869057668032,0.927645982766049,0.115504322634429
0.165798378169947,0.973387220511773,0.123255087414229
0.0640760511378,0.993301997780872,0.0533911494384245
-0.821223716707668,-0.306718540536628,-0.266648595470839
-0.874877820725441,-0.332983774978915,-0.311995862000826
-0.76091521050184,-0.381365191206992,-0.294769079515719
-0.791303428066982,-0.300069709893655,-0.495226617042995
-0.849480507139884,-0.283560851727931,-0.415584385327596
-0.0237091038505983,-0.606629272918628,0.670918528586845
-0.110750126768449,-0.62584307872447,0.71624721702882
0.978009917052252,-0.108016556140132,-0.156737358771631
-0.510741102911098,0.845041109273563,0.0805265226947873
-0.437591363578072,0.853274164695415,0.0948907990055183
0.817008434520811,-0.314001211471928,0.339113847078377
0.821293751587383,-0.216310282106544,0.360045124568449
-0.791547166691189,-0.13700309171826,-0.523510708446468
0.411633734029585,-0.802396633198887,-0.32215771164896
0.401090745297659,-0.777253815114847,-0.225946048700067
-0.326161283903187,-0.590759863755549,-0.729362032791233
-0.824014577238395,0.474204628796072,-0.100368763581032
0.342353644722667,0.0527420322630563,-0.870355415424007
0.0280719294328956,-0.866707777571597,0.404739839118303
0.0984916918937425,-0.86939080770809,0.379071601854234
0.0482383038205006,-0.78039868591452,0.451043813476766
0.553107301639331,-0.704996617570154,0.247615596405962
0.753444690683816,0.5887060955503,-0.228063148893357
0.795275556607797,0.544377012748885,-0.184358331378177
0.246705707247627,-0.889254720690334,-0.176261200861302
0.30555915405224,-0.848766255451062,-0.153414844876487
-0.0751441349666074,0.0830529601798706,-0.969345300857848
-0.00394245319083798,0.0795351855936343,-0.992646497699695
-0.0500503632877081,0.153876800781752,-0.903358285276549
0.834253740762708,-0.446873889400063,-0.0428155380576108
0.883455171568563,-0.390667009839534,-0.0361068946235878
0.774811492041329,0.497850004548942,0.139069628569382
0.810918375838937,0.558681930633192,0.163984879146218
0.719840624188191,0.555311780618553,0.0784367333853428
-0.807876844879731,0.494458551257917,0.125130847247405
-0.74430524443423,0.530201930950145,0.142625487140093
-0.804591936486942,0.53362272411317,0.0331777236386067
-0.869449297148857,0.0781839052891178,-0.285648045981526
0.548929336336886,0.148751195038575,0.721673429293426
0.564811938874916,0.193197779893119,0.779959311215095
0.531930851549572,0.165801842196426,-0.803042275041118
0.50938809303046,0.263209755856954,-0.804919079413496
0.432979114929868,-0.846528568632823,-0.237396329337751
-0.469091543121314,-0.169962038901097,0.771426934967692
0.83049781605708,-0.0491052721843775,0.394807374943129
0.893246351489038,-0.00811758691046779,0.392044956250888
-0.240893724681557,0.867464007623423,-0.0445679493963468
-0.20592873893499,0.926233196507654,-0.0137680758636213
0.747665930983918,0.134447900939036,0.553514056505395
-0.555871147789839,0.651589512705913,-0.446554980582436
0.253684988867538,0.482443316519792,0.794483932902517
0.21193245234137,-0.894867548320041,-0.354146080780324
0.170732851129298,-0.870349998860797,-0.296470413220427
-0.251849990315534,0.24031340974312,0.888966213322022
-0.234676320707153,0.167348433738494,0.886480786029479
-0.154985160953466,0.263422973217621,0.879847391650592
-0.294072594447555,0.090262752043784,-0.92628937638789
-0.263252579718877,0.138266224806851,-0.877598583677054
-0.286028940246678,0.0167835112582639,-0.858938795093589
-0.0539887323404315,0.514937072334809,-0.797890688922946
-0.0980559576861414,0.568200887795784,-0.768803825687635
-0.128759968902802,0.44896325484056,-0.79035958089228
-0.828418819661465,-0.414206733610694,0.183139660331214
-0.845642142083689,-0.485803407716617,0.197361946424187
-0.776149571520946,-0.409867724304374,0.268281299363267
-0.0780693349973542,-0.967776506073162,0.0213674046691133
-0.0478812507021792,-0.898456233089787,0.0868149357157291
0.538063668043297,-0.145321352347818,-0.764756849779026
0.434890126132372,-0.101032777712952,-0.819699933114115
-0.68621367479177,-0.41658303906505,-0.522512994610068
-0.011383599053845,0.750079097374234,-0.568270780300151
0.370746559419484,0.884593658980871,0.2056527173872
0.449952185017207,0.835733920718743,0.122200965754118
-0.238385328563612,0.841223266441627,-0.396930343053878
-0.779257734322051,-0.598771767520328,-0.0272342498782777
-0.734557408861075,-0.563584836558043,-0.0761092004474407
-0.705410702238663,-0.662667970629197,-0.00569611902285966
0.45616782502254,0.634757047628888,-0.509588118047074
0.457539105300497,0.709714710727774,-0.51170196126576
0.0605910220275851,-0.165508308262534,0.923872305919458
0.839842031515356,-0.204707151897347,0.403003485346479
0.885618711021289,-0.145637153107096,0.409346265204771
0.286171449796584,0.562774542883997,0.664956306451741
-0.76791510179481,0.30104367099535,-0.504798476126098
-0.71785191952767,0.415341491427344,-0.497403476073161
0.993903405009003,-0.0941842935460619,0.0560829844989523
-0.450243469120026,0.693621459903317,-0.408747420426338
-0.041176101688149,-0.946929162425419,-0.305311888657365
0.0837247760080326,-0.949463198937306,-0.30102826756302
0.792165291266789,-0.0673180044854233,0.470154960636853
0.37294294064285,-0.334243794440293,-0.813300469293566
0.343132204473654,-0.402696483951796,-0.82041027292604
-0.528101256589415,-0.311829348510232,0.676576460276753
-0.616237044735449,-0.338350510222192,0.637477728464513
0.339479154376276,-0.593776738130541,-0.656709133257673
0.385354591211637,-0.643666980243117,-0.624593591270755
0.836029927611482,0.0311037652784751,-0.426594878550513
-0.306869383396539,-0.823736468559368,-0.407595310222783
-0.21588038912666,-0.821754007359071,-0.449032887002142
-0.30105559287616,-0.852222047358153,-0.140691763489965
-0.292149071075978,-0.906598546163267,-0.089810821604812
0.780856552132418,0.350170192803728,-0.479466788735332
0.96593121757359,0.202823796616251,-0.114006557982045
-0.193045189640304,0.675579730600248,0.594293367425251
-0.110870680383243,0.73129498073112,0.606258355148418
0.60291241707766,0.411828408106444,-0.682860901128243
-0.067160179014138,0.0985878290088507,0.983650747514392
-0.0819450040437226,0.153673095715826,0.93494733551209
0.0741853226715848,-0.188037043691137,-0.963518833165551
0.017510017280304,-0.166894575143124,-0.919180297076712
0.122019092660504,-0.10262539494316,-0.943103625432112
-0.424801417844541,-0.874901006812959,0.0816710517801838
0.0318631936139376,-0.328327280687781,-0.854225783994531
-0.748571389802022,0.552557990878231,-0.229197905873135
-0.777247260442866,0.609115192374915,-0.121476146688405
0.400245497994514,-0.199232866281703,-0.793969074285227
0.235968267792745,-0.67034745760195,-0.639199678742276
0.168437950182198,-0.637803472546271,-0.636844845390562
0.205382307436399,-0.738616585389502,-0.57283835551702
0.711305891616767,0.252672405818338,-0.622534348025564
-0.91644845113923,0.13907550485952,-0.229762143107847
-0.445742440377256,-0.637414053538593,0.460489704162451
-0.515394285910704,-0.665227898433979,0.460387498878311
-0.419194113235994,-0.703639300605833,0.39042257223254
-0.0139049923014329,-0.898987093064048,0.113920130420606
0.0173921078913338,-0.961901624246878,0.0877046142981128
-0.0769443653013629,-0.898002690299435,0.0362988163182746
0.0491240156704857,-0.652317182916572,-0.746799782655273
-0.751643795349274,0.532000860090193,-0.25714652990067
-0.680190292513835,0.536910222042703,-0.279401756202939
-0.0163049933929109,-0.678444996669946,-0.663725216964981
0.608477436101191,-0.481087494492048,0.478884530494514
0.590477809373979,-0.43349748594749,0.533986295660522
0.395033438084143,-0.0228307394043577,-0.816016844315882
0.686934116231392,0.383920407354523,0.574139549284444
0.645701714666525,0.449572410904166,0.510975449582864
0.0102698781108586,0.526121232668457,0.830445286044355
0.0747284134485653,0.563583297695331,0.822278836017579
-0.365620599657153,0.8640601474172,0.130608088942804
0.253981977080295,-0.935425360504222,-0.114764371239586
0.23030331611073,-0.895431203092899,-0.0559019181166758
0.317883773260814,-0.862332233128931,-0.138721732851476
-0.888595062261469,0.34645024845319,0.288057817931269
-0.849862862171683,0.292199266797512,-0.175285623075717
-0.844297559353631,0.349907526317409,-0.222864864218547
-0.770736135928943,0.422594824356146,0.207467283171845
-0.411977206773514,0.747004087102589,0.364982905824523
-0.715458961125595,0.541099621888228,0.106932955652865
-0.739491434904482,0.489313353460593,0.189034250444166
0.599481088681779,-0.629728089572461,0.360681177454377
0.689322396466141,-0.609627291945561,0.321636365374437
-0.89198658608019,0.00387734537995966,-0.349652993944854
-0.0471764874263609,0.705217763662851,-0.625285817683358
0.024888918338555,0.700225193059354,-0.605120215021719
0.0830993042235615,-0.83499525577961,0.376439094819063
0.119350544323644,-0.898826858883026,0.361064634293435
0.0244369280150385,-0.883865267747382,0.441018097194754
0.786286108034799,-0.443047688624329,0.38860565635623
0.702880954868066,-0.530573708741204,-0.45064537984243
-0.400910650561553,0.35137647009777,0.738190834896414
-0.337705405937484,0.361778119942533,0.777202406673497
-0.428647068846691,0.445374772701406,0.758065698627947
-0.634945893085888,0.058116002680573,0.767699515673602
-0.822037756461007,0.164167871175543,-0.505854962160717
-0.45487945708555,-0.678160728275839,-0.490200037558827
-0.415450771835514,-0.735814901695879,-0.517519903347399
-0.45148597062899,-0.633478189708875,-0.579597772412015
0.291843760546768,-0.86613316540157,-0.318864542425836
0.35538777780617,-0.793484541067014,-0.292704740193531
-0.608808975546539,0.534014029962833,-0.552882772274796
-0.620115658077028,0.47775426434193,-0.50459201019305
-0.518768680791413,0.496707064382839,-0.575264363809428
0.390951197704923,-0.0206801036970101,-0.8446696886889
0.438067332092563,0.0138407531247171,-0.891716264809376
0.448095602976427,-0.102691255044366,-0.847617230180932
0.796274377332802,0.510722440056593,0.310873791091983
-0.472442859603974,-0.0779317048011927,-0.783695447624615
0.216211739630778,-0.145563165069877,-0.931198149287877
0.291072467218528,-0.146522834188513,-0.926731551005579
0.217231972674428,-0.0456636701575673,-0.92683351404514
-0.0563241206871712,-0.409117866505389,0.890064638588907
0.393486721182304,0.791330703360805,0.284150877388768
0.437420717880514,0.776814671740491,0.343177047517955
0.664108387008198,-0.0849139148945347,-0.667653798921637
0.893258323767907,0.329497516464621,-0.155500431910994
-0.744918907598044,-0.36323003371441,-0.452841669160832
-0.679419478281247,-0.427715699196316,-0.413453552849821
-0.21636141849537,0.129448936960564,-0.868020782708744
0.651957999760633,-0.251001703182606,-0.688830715479472
0.712353063169293,-0.262232891332677,-0.645804017621029
0.363812614527392,0.448093742900179,-0.772899063894676
0.409509738087712,0.405172958522107,-0.814064330402788
0.442739696334221,0.498518165472836,-0.737857754477473
-0.238291000577765,0.749353721884107,-0.590667892049294
-0.247062508587387,0.695934729886146,-0.642576195249831
-0.805557612387819,-0.4490904381144,-0.108651903862036
-0.260449154560281,0.0383886020732019,0.918764621973116
-0.234492311179127,-0.0280682836308146,0.895640508493687
0.257753841953757,0.0608642543983271,-0.957568022587758
0.16486277903416,0.0969554980769124,-0.965854913404011
0.210806191297156,0.782522022248638,-0.533005501149894
0.143273910671572,-0.854952932433446,-0.475908667995815
0.19860751104991,-0.775372191668585,-0.451309920700748
0.9675003211667,0.0279762417449589,-0.225569121862155
0.262417208779516,-0.746497376733021,-0.563578380934741
0.620828185543034,0.684712537484992,-0.316574101816314
0.683584962960629,0.644261156699853,-0.309483778781781
0.384146122587559,0.492998020605071,0.679764646136687
0.31548574283124,0.500897411506251,0.708891126787609
-0.965191915637543,-0.166388222899214,-0.178168163803989
-0.899417517212215,-0.132282165812177,-0.189808841694984
-0.964133634565891,-0.135922804617961,-0.0829277399802699
-0.535962400277097,0.594567453436023,-0.45249981957527
-0.484181914219937,0.679835375897399,-0.459439752053694
-0.250366435193887,-0.160320860882502,0.950160975072998
-0.199928136211402,-0.0987266765123943,0.889645403130442
0.693883763720883,0.470880241446575,-0.388428812841964
-0.444481457209978,-0.35378309697196,0.762866715983434
0.0868562596842352,-0.625611941110167,-0.642591258057275
-0.418175054905839,0.174028236539982,-0.870726492084626
-0.348602173649448,0.14601728472289,-0.870754276696146
0.0459794670992541,0.675863278582514,0.665994234315641
0.10340513429075,0.685932660763463,0.713173682066813
-0.387776529203912,0.669111291436843,0.507710465966305
-0.853727534867786,0.206758633132068,-0.398568049832827
0.212102687809442,-0.89318585367609,0.161459271560603
0.25958087412834,-0.949330025422224,0.146672324519091
0.289358460400607,-0.833708246048494,0.183684477796766
0.883167028702969,-0.355756872993819,0.112342444306756
0.919558605582838,-0.293130551298787,0.0928848760325105
0.137657376483584,0.828690884070741,-0.54003999934785
-0.218096764901624,-0.278541446192073,0.834643488895768
-0.185490257760543,-0.230402605119123,0.882019302051977
-0.00839652998027957,0.590182999311886,-0.742539597263237
0.0644789978840176,0.607751658444712,-0.740194462986778
-0.337431375748805,0.843493039468958,0.357245465754557
-0.377925889668301,0.790635544823443,0.322730547208759
-0.365752257358033,0.807217735935737,0.446026263331785
-0.836457897751872,0.247406208603806,0.312649722490137
-0.885205390901671,0.196042741672688,0.28794190639024
0.350793898486802,-0.248457261701709,0.890968065707107
0.426730237594361,-0.183799210423148,0.88368735092072
-0.657822807576314,-0.692616580475215,-0.117217124588568
-0.598919679659112,-0.682355617894417,-0.0719387172790659
-0.710611018520006,-0.626877202465199,-0.063442233010615
0.811509655002373,-0.426563647741682,0.359257058174637
-0.233195458225318,0.88548033249482,-0.214548390619591
-0.285088187315269,0.839060413235932,-0.242429132424558
0.427945592727735,-0.642507458716053,-0.526115557121293
0.966200613495454,-0.106172752146112,-0.225320689247391
0.597112691072714,-0.226023231216335,-0.727583377598284
0.602540152024243,-0.139222391843646,-0.776940818291823
-0.313610680495901,0.409938068364991,-0.835857260132773
0.62117505093922,0.441378198398071,0.555585840068672
0.685440116234965,0.437133874736697,0.517154250208361
-0.404994934604411,-0.314360731173081,0.822065013902045
-0.480300242545401,-0.214591392727483,0.822500561879105
-0.890625833503399,-0.38388390305581,0.225642165344492
-0.552707460158151,0.502372596765837,-0.580011598863229
0.398846517634506,0.778797865280375,-0.41538235247051
0.0657960583935333,-0.500741059751914,-0.767400572735676
-0.606103335800887,-0.206069394774373,0.763383117002583
-0.274544148779952,-0.433005211061869,-0.807990525878029
-0.201647702741338,-0.382095366656405,-0.853754003647435
-0.550322365651178,0.783747878562651,0.131872755625794
-0.546150647746389,0.746472351119978,0.196819902011092
-0.629524378546833,0.728741500464106,0.105389940032349
0.446364321949039,0.830080261796119,0.0372889673933572
0.341700229959203,0.891331815663476,0.00697931551846169
0.173918411302224,-0.407318125699357,0.831965895673446
-0.480474536997711,0.166594305889249,-0.8286152170708
0.44116666093455,-0.811275561763502,-0.271237660833958
0.454098485401325,-0.849207385724988,-0.207842513962014
0.351008036038963,-0.853942528031124,-0.27837575206723
0.870876832638758,0.157321837078953,-0.265055469005619
0.944416932065335,0.142613369498893,-0.265772935224703
0.89044810531539,0.25533395723687,-0.268309633716731
0.51427514997996,0.628908956006162,-0.400281799645616
-0.822576169887303,-0.192250316036103,-0.423705953466583
-0.863649256662832,-0.242174290419183,-0.385684928697022
0.88759911938172,0.075125938070174,-0.40697120037578
-0.835994970150891,-0.083178090801259,0.472905367669338
-0.653475288187684,0.272554504916847,0.642269644712815
-0.801133980889086,0.360633087676744,-0.257258718193083
-0.843111875689276,0.413921026896704,-0.22527040967522
-0.841929364322897,0.292209739123646,-0.196810541518599
0.39680222653274,-0.523816465445057,0.63080179594461
0.426562055928175,-0.491992063522866,0.691847352676034
0.329976147161233,-0.57125231172324,0.688108999712597
0.563137325001588,0.0555604921123323,0.818392412499715
0.525226759796798,0.0343984141431489,0.757237236906151
-0.425951429886251,-0.817584531638929,0.254365765375284
0.559654877384894,0.266224478106178,-0.72056389484277
0.471545678923304,0.810826818867687,-0.0577023526728372
-0.790609483232795,0.110720012676167,0.463657620027045
-0.866052893715383,-0.344903664099734,-0.0886944609689063
-0.840743358265969,-0.385063775621526,-0.0306290421906683
-0.779783564938278,0.393701696367216,0.246296317685752
0.0344404367311024,-0.9182498677628,0.121283816003072
0.00186503459969168,-0.979507405410019,0.149768149545853
0.918740252193287,-0.340154863702136,0.0712313095327109
0.854874625707226,-0.303722758152094,0.0860260193552643
0.892848671558528,0.305253721914019,-0.26226842114823
0.923608110115554,0.132609938615684,0.171701289883969
0.948452362897439,0.0689791083498951,0.140735493537093
-0.599961951732121,0.318388725889749,0.703106600576614
-0.556063730071601,0.258166044498112,0.711543115321775
-0.519147435620462,0.377287018910945,0.7030354329738
0.445772544188915,-0.807473624291197,-0.213722394992491
0.499649855592525,-0.755596517012858,-0.219290254217557
0.130683814122977,-0.905796283218032,0.395192840302735
0.130557426224398,-0.831337851663307,0.38619695254724
-0.566889877833101,0.694602986378013,-0.205423847883606
-0.545018753135005,0.78555770085123,-0.240763539726292
-0.225557616543081,0.899314708582331,-0.321580787746818
-0.314118396593745,-0.887245451509612,0.262872596243819
-0.423657976780386,-0.839832660306655,0.225749724548876
-0.348838239053356,-0.207223823391977,-0.871638181962968
0.446804276589056,0.800022835730944,-0.330329370742499
-0.790826920268072,0.379827757487553,-0.385831870183401
-0.716239315356137,0.385703252659587,-0.391044139361454
-0.371237210168185,-0.0908735116104188,0.916212106572065
-0.27575519150214,-0.118185897477572,0.927926102034786
0.17529419407633,-0.587524858773459,0.719778450920238
0.259893520947764,-0.577142959790482,0.667479597525469
0.0296304618718627,0.462366925144301,0.86406271019175
0.0965969409955571,0.428987051402162,0.85893682463561
0.0349729408287131,0.487909131573916,0.767527464766556
0.0894903585642089,0.686915589426938,-0.579575685928139
0.480078969297566,-0.84421545470109,-0.106079084154972
0.539296744613563,-0.811653605258233,-0.0735524635576079
0.794471791427349,-0.00402004728451393,-0.589400041478477
0.76777074171587,-0.061398119600379,-0.629646914172147
-0.799959226213715,0.0550108371243274,-0.588132474027318
-0.816432034574781,0.107068062964818,-0.536715630264872
-0.544115763133978,0.635455129021353,-0.533618853788401
-0.106238975977199,-0.833854831139137,0.471790502335113
-0.0429280332170501,-0.882348187583888,0.411457104390496
-0.0694768972042785,0.864589974347303,-0.435361161067047
-0.881904469494609,-0.0113045613273366,-0.314280556851675
-0.951695790346848,0.0425765094803235,-0.267100033938934
-0.123503550476547,-0.0726827687531845,0.928582181523292
-0.231541810459122,0.659894412145005,0.646724799017009
-0.102769834341532,0.702307122845049,0.569144652491172
0.40028413598551,0.554782422481967,0.660074947697076
0.528397110142151,0.218440028017151,-0.814790843115637
0.587080425177216,0.190331172833781,-0.777492575102555
0.876199448386303,0.336910453498338,-0.310660240982293
0.814435869374515,0.295399121504465,-0.319991351513682
0.823466048176504,0.403511747176135,-0.257901770735734
0.864745311431354,0.141934326666955,0.330468571009411
0.829152200473668,0.202278773179514,0.357239417605042
0.788819967055874,-0.429484057651407,-0.27931071244383
0.155224697690743,0.955882487135792,-0.142653530443563
0.212950611407643,0.908169785560481,-0.138626497548936
-0.731484015569864,0.280746609289104,0.455718426134373
-0.74524176561063,0.287872584932751,0.529100609155471
-0.758827398649264,0.375857398912653,0.441356076084392
-0.708532557354004,0.26417518470829,-0.630626674198556
-0.423000144331481,-0.196418154951929,0.824341423742442
-0.490629328113384,-0.178506127583825,0.851368313621926
-0.45398061999768,-0.290253724597194,0.809008583273546
0.571944645406922,-0.803770320304257,0.0601412948684639
0.278562483323145,0.218013034073465,-0.851242146882343
0.528727415209872,-0.574330374926212,0.502291138412432
0.569410366628513,-0.637327566104123,0.503409783826467
-0.121824809023498,-0.89502840200722,0.0853552856857542
0.199089496747871,-0.616803248045187,-0.728379312669155
0.237985273627796,-0.562338678136576,-0.694530691344541
0.125321155761906,-0.605487140279747,-0.661819733544739
0.270268174959884,-0.764112258202436,0.405364602143129
-0.30007263322886,0.503339917125303,-0.735086466493598
-0.385168436258558,0.477172874886355,-0.689545383862682
0.913566756575565,0.306280003665757,-0.0317469959133236
0.895276859997794,0.403722390992135,-0.0186909308357211
-0.0689719306077363,0.281428806168965,0.873766617794358
0.00375961265052965,0.295841307361523,0.862479349540015
-0.0896263572323542,0.378889937311292,0.865122395604575
-0.317475871792324,0.719927851603061,-0.595704629524847
-0.272898304126819,0.695022401241585,-0.54077231659958
-0.257621900213262,0.00264424799822657,-0.960098646014017
-0.620473346877833,0.712082081084818,-0.15613963935277
0.427394979709737,0.0161708978725132,0.815959323302999
0.456413436338787,-0.052169782673319,0.826565008448262
0.515864337690158,0.0485284157807127,0.782400960211919
-0.697745937084065,-0.686617392972233,-0.0120309936447738
-0.0602379387878226,0.0259330322947589,0.950207115101437
0.00716770484349005,0.0412754306912634,0.979294741647641
-0.756042901744102,-0.269985164512424,-0.425351186815113
-0.815509394055746,-0.313894359973607,-0.43802868049883
-0.811630142696937,-0.211861004473134,-0.365923578222991
0.0877589677589022,0.624349281053329,-0.738100654318703
0.10830910834953,0.512990625692925,-0.791034023737512
-0.215481605178265,0.0116456421836596,0.960175037946733
-0.155656747782265,0.0117615326465104,0.91494260481575
0.774228073980145,0.0396732748432225,0.541449708798462
0.810222484753277,0.0787860713060667,0.488538542245917
0.78455359351752,-0.0269753018987302,-0.479173618319532
0.845850855422831,-0.046787738069125,-0.440766417745868
-0.4179177788437,-0.691777082444395,0.579496967081513
-0.433097134153369,-0.618351202278039,0.581293434219782
0.741326013533245,0.361388716260476,-0.49322120056719
0.742998458041462,0.436182951855521,-0.498515088658162
-0.732561618090137,-0.152512994286805,-0.532419291177843
0.669122677869793,0.218348306300008,0.561616461354833
0.694372889066958,0.251341518712943,0.652577303309893
-0.824466661005717,0.0319770682514052,-0.37785054536969
-0.821467806345899,0.129909299920391,-0.357843424860697
0.59231221346635,-0.241216738952426,0.705324275810573
0.479123350737791,-0.233459920021639,0.75779439220353
-0.557155467885938,-0.689952448139648,-0.20000640726535
-0.521507888152327,-0.73188410586903,-0.250957228055617
-0.644898274180105,-0.714379958021438,-0.241291958062201
0.0552741313472415,0.628188511092258,-0.767733187209152
0.051983705197616,0.670108220662817,-0.67700330764749
-0.752681213314273,0.0365148443056098,-0.61124272732993
-0.685795741287219,0.0611216449768603,-0.634605924723343
0.664772518927085,-0.0333383361044418,-0.664294638508282
0.694647118673521,-0.0743598337131743,-0.609070141915493
0.711251847111539,0.0479041085979127,-0.629090416740052
0.697362741896535,0.319061208719798,0.607885498132028
0.649471444921407,0.406437952154649,0.599416237198502
0.00485087337520377,-0.20921823922546,-0.931398411722999
0.0759016754063787,-0.186508448458503,-0.923585029993694
-0.0215433727407489,-0.116959546267914,-0.959535173187954
0.213899247456467,-0.643491832334382,0.601509377431972
0.220029763882381,-0.710354090413732,0.56808999364229
0.274944023173748,-0.674354581524886,0.674454741027138
0.398738075408436,-0.818690842180896,0.00160244888704177
0.212842162064852,0.877039055911405,0.157187785671435
0.285537880088658,0.859950094583254,0.164137604498446
0.234073884260359,0.935518419365526,0.0788974412947903
0.302140369405405,0.924103462652105,0.0557465137020294
-0.277537786010972,-0.82264124950432,0.35396646603023
-0.2026563617995,-0.822138082441637,0.349780879934035
-0.614527995835424,0.450643909602289,-0.525475526155945
-0.458984251683264,-0.741054624158058,0.46579416513588
-0.40879380502271,-0.69495741565798,0.497114548794362
-0.531371858303755,-0.674439070032601,0.48374973130115
0.296885049920486,0.937360488147721,-0.129492181739822
-0.0196702231171311,0.379114047944385,0.871719894445316
-0.00604889731066463,0.308245029379877,0.85129829580619
0.693139455934144,-0.0878834028140398,0.629314965481867
0.363719970957676,-0.872401059636716,0.320871799662318
0.393139775744331,0.811908768727934,-0.0485791316359994
0.44288652879463,0.796022265171442,0.0367020477982817
0.657405288396253,-0.451297483975399,0.481170277610495
0.676531833317392,0.624562764660813,0.107730568228665
0.817928752383899,-0.291649863941343,0.298786557351387
0.889384047734716,-0.286739786498512,0.321035869831394
0.788319559389172,-0.293490158547138,0.394284772025615
-0.507028447807522,-0.665782448019351,0.523047427610543
0.887341659556289,-0.0266891356892487,0.291408038857415
-0.318678865600952,-0.919516753379957,0.118231410731206
-0.361079285905495,-0.827027950978893,0.190847013657954
-0.268940309252484,0.818043398490924,-0.309290770316188
0.790484232576402,-0.237110841394956,-0.538294970364646
0.490475706070808,0.143831404859569,0.834786927072747
-0.0914311001050134,-0.348692250478981,0.930654098816643
-0.0165215151084163,-0.345380054048123,0.929046793481305
-0.0958846632609584,-0.24880636809339,0.928928910343522
-0.394445375375443,0.781933553561593,-0.444537975689225
-0.384171830885005,0.712795993348422,-0.471730843345528
-0.479448059289332,0.752201100151366,-0.401057808467328
0.834644389985566,-0.398478616839404,-0.218643940218233
0.840387221132875,-0.29864385375912,-0.218444012438664
0.395190856569088,0.894479096803902,-0.0871293835334702
0.394655115907761,0.886654912421792,-0.0125405430766127
0.475129246532221,0.834668016765224,-0.0928292532433011
0.728290198644931,0.217186581097937,0.500219617311749
-0.114224122048866,-0.732962193104338,0.566755714770858
-0.453410392511501,0.669759120030342,-0.473118740532552
-0.494826914027758,0.727552196940914,-0.449251775775755
-0.371450962966839,0.726927896527285,-0.469326260795481
0.172508834923537,-0.319671196739262,0.862942650289285
-0.74707051857482,0.0939304867793348,-0.637956201069309
-0.793464878650695,0.153380188736955,-0.572280510815606
0.708590118682272,0.397529073443911,0.475765994359589
0.688750792678155,0.461109158094462,0.510247496350239
-0.651898660343042,0.392848239276409,-0.532204742732141
-0.689798860599111,0.328145166345947,-0.533649448205679
0.299696377217089,0.136519617832767,0.847107071616851
0.223112343507948,0.235072776525127,0.853974435928984
-0.494621682317409,0.655851435149625,-0.437055669833528
-0.4718117004448,0.705534765661369,-0.353322334797641
-0.0592042166884991,0.896758715482371,0.284321170098487
0.0112743128953788,0.907204008091288,0.260897405883303
-0.537909268307521,0.317385074737755,0.66226258099386
0.122665790018559,-0.0456255026100966,0.940940765604138
0.206660943145874,0.00669243283996809,0.926530773190475
-0.927572333935403,-0.177971511468901,0.00468666662654673
-0.962325340344339,-0.143696058320104,0.0616289343806946
0.135485499150574,-0.516603726249116,0.764199774958042
0.179869398843887,-0.565707119078682,0.799469113775765
0.158928261952881,-0.446809297679414,0.831869373839841
-0.0802848903613719,0.976626727814031,0.0998934069380631
0.212008189318417,0.572429661979159,-0.680909719253022
0.135746578430974,0.533955789215935,-0.772172678987252
-0.701250142815569,0.461410199546785,0.329441796562844
-0.77356998870729,0.441544283693481,0.329872235300965
0.959091045947287,-0.0898364383803783,0.20276401210956
0.931175104418304,-0.032933107277906,0.162667738991066
-0.245185584326854,0.366886575359622,0.890826228910624
-0.306958846757222,0.0830899592327869,-0.913943811172877
-0.232145776875152,0.0799247032936693,-0.918184769750889
-0.176399810123271,0.623812679144881,-0.73481330324964
-0.115357640834657,0.648339978893819,-0.698795736208461
0.653558872364506,-0.46593376805758,0.435879935232464
0.607757417184938,-0.582066318346195,0.429519316795839
-0.236410497085277,0.877117155101868,0.284567613115815
-0.174903463948635,0.848236717702581,0.252821665179835
-0.275698655271338,0.893007204401274,0.193991970917653
-0.530265903328425,0.728592752871596,0.229713793655574
-0.555217899627311,0.709845743046213,0.161515938093193
-0.425604549365648,0.682218495752578,-0.496948554386728
-0.0422260927411637,0.830738307670289,0.371033211192528
-0.0064714950978046,0.852540642130262,0.30881370493077
-0.127234542346767,0.870010938519735,0.335944410104222
-0.665988725222265,-0.108678562562845,0.628867644495403
-0.637867814134615,-0.17780534992973,0.621404292169935
-0.584886648164267,-0.0812659583105143,0.680549384258918
0.279270355467317,0.0237675853710956,0.911784431805185
0.308201524651686,0.0850225629842182,0.879600349291599
0.1934927905076,0.072643685506812,0.92770096990569
0.896713499623002,0.121778986582814,-0.178098792371023
0.895630490723213,0.178793724341092,-0.129383838095382
0.936223655171761,0.0625392138092163,-0.107887703999987
-0.0264863420102267,-0.19206027085208,0.905882830282467
-0.210168333941779,-0.109302104084302,0.914893764888039
-0.174080564466964,-0.0474432201311996,0.937168220446128
0.976144999972704,0.102867718777808,-0.184319060590194
0.933583058466437,0.0429069705118543,-0.169547811401177
0.897604626358724,0.148247784906221,-0.226414895428778
0.418286683368008,0.77407563766978,-0.433098273093011
0.419434819809723,0.737731958929403,-0.36750239823546
-0.537175763990372,0.519654626377804,0.591821327193575
-0.463111034692986,0.52795569320781,0.583424413261145
-0.856260026494022,-0.480512341452377,0.147486024911825
-0.877454198277711,-0.358833857440133,0.128246648339658
-0.773093027921557,-0.59082347964843,-0.20330882379622
-0.758271598951318,-0.517310378729482,-0.204380848311189
0.303549661638888,0.307416694862004,0.836466666035648
0.378328880531253,0.303512908885041,0.832244240560417
0.309093861204089,0.407079677452989,0.842512470552027
0.369874529690918,0.865180456337305,-0.141965299004293
0.431649213741844,0.844196472897906,-0.178959364061045
0.941164254203352,-0.129884126937108,0.301155007534685
0.882171781901189,-0.115370146480904,0.257175096404767
-0.825758943208981,-0.0972592058950466,-0.504733666312888
-0.763258919763296,-0.0609097690851684,-0.484797129178932
0.0440944204692315,0.248490497391054,0.879410313108771
-0.146184782602873,0.214587746597118,0.893280043526337
-0.266762753334159,0.2073807751196,0.861123978212819
0.664242505692542,-0.214102008428484,0.64140120275346
0.670224242221995,-0.28521768780958,0.538776746729287
0.74151231341904,-0.158784553121091,0.536850096589756
-0.221359701220615,-0.148406348544489,-0.896528585819111
-0.717997172524149,-0.454167833346771,-0.372640504338519
-0.724568043570442,-0.405680942620143,-0.42948102757113
0.431406808051841,0.805814781682116,0.345640332709544
0.383075799278423,0.857069734380768,0.319910128380727
0.368931929670327,0.784631678985245,0.420794612237385
0.211639751581084,-0.0126854813437186,0.941829142117802
0.23165001228593,0.0314245738971333,0.884567527635034
0.212167153308644,-0.0919938817430433,0.880920198000224
0.687349898395814,-0.0881907384887999,0.603825413104815
0.693745716763173,0.0362279828181734,0.593623683067736
-0.313483642464085,-0.882925781164768,0.0382829750120548
0.190258131322318,-0.887057588430452,0.100311533127282
0.429946685449519,0.789601391047892,0.403663157876035
0.405603102644333,0.799908561328292,0.333476604911682
0.360470214758124,-0.673100895698349,0.511183673819076
0.421239786488239,-0.664746141519609,0.554337552374209
0.433672954905201,0.296175027294266,-0.794128912552329
0.397111991347333,0.231543052497171,-0.783593079526511
-0.00388586160229207,0.519051687433452,0.758930282073034
0.0656810663204527,0.491068745833707,0.757381889740036
0.0141704146295113,-0.410498880239771,0.80832260491472
0.0337979866880514,-0.367778104209879,0.866757985554284
-0.0678247556492314,-0.439960428928978,0.857402225938048
0.121514166808644,0.868304751320016,-0.260408257201222
-0.971256335023783,-0.0666055682823006,0.167849592783778
-0.975587348215654,-0.000237345704861225,0.133186913189677
-0.944639284231314,-0.109859315794227,0.081706421648245
0.639336965076883,-0.523810976198325,0.460843404456766
0.158957816146967,-0.540257479504168,-0.73231530316834
0.230333346198822,-0.517236765807718,-0.73307717633547
-0.201800940934916,0.216671490801224,0.939717407434666
0.0193558846161434,-0.136433026509564,-0.92222620423987
0.52221980236378,-0.638830802396426,0.53312506239215
-0.245794291439259,-0.772901105899925,0.537550478444115
0.339507119249717,0.673061153000632,0.578243777167707
0.279883391593136,0.753329082787258,0.57968271709112
0.727604933892618,-0.488740228481125,0.47254057461119
0.758178062677482,-0.495528836348013,0.404392217334335
0.636797832745281,-0.503230824078846,0.433245625566298
-0.194562340730521,0.670503864002682,-0.673031073338218
-0.14749229189377,0.654693643547989,-0.72924003553892
-0.716443602255423,-0.366137207472612,-0.546873779097599
-0.645295513240105,-0.351430227422435,-0.565492430157009
-0.743400042105005,-0.274961492645655,-0.577863122046897
0.202859675782273,0.856203701958084,0.21517363911758
0.247672331700953,0.916342865667993,0.215500530210731
0.81587285406683,-0.340079379445071,-0.340177121813943
0.372592002514406,-0.548700126414538,0.650815064658748
0.444326455107741,-0.532574546761792,0.665618239723494
0.0247067474654467,-0.939089752641079,-0.276246211357598
-0.721055491858227,0.385992920793519,0.540199305856573
0.773105511249376,0.549032005962485,-0.150628681827371
0.710362997745821,0.528946613262266,-0.186474936852608
0.812973829063769,0.459437914693606,-0.170209694169798
0.00429097613617174,0.605931131115566,0.704972657216917
0.078527885484415,0.61336488936439,0.712629061641891
-0.00373291556092946,0.704064165358855,0.687493390863928
-0.0809067758677768,0.508255404474082,0.783734672062659
-0.0655944651092925,0.596511412915372,0.739277837793375
0.455187322192773,0.795675551206883,-0.052354200366081
0.360926466305448,0.87770465191199,-0.0556885196219701
0.735778601941853,0.207526723309563,0.505485168266688
0.779328803020316,0.231851577333453,0.561491252424946
0.221659538036913,-0.869019690970726,-0.336842117341117
0.240491246391775,-0.869119416148115,-0.264244894148171
-0.97214552176781,-0.00792081334348892,-0.140337528030783
-0.935192929832231,-0.141688713866949,0.133802768988753
-0.953551890258398,-0.0826897476888024,0.0551766247237547
0.17118092979741,-0.923713123689871,0.228504631641228
-0.823478827839326,-0.288428012490797,0.238851108130829
-0.885486607282269,-0.229054717677872,0.290133143500078
0.59603626209703,0.669867021904294,-0.247405527335229
0.617474814970461,0.649882257226732,-0.316441732557384
0.920550102740492,-0.13680947029934,-0.151340845579788
0.981880085726401,-0.117984606867561,-0.112491679517657
0.888875936605186,-0.0420462617145248,-0.147256546577048
0.0443816908070578,0.388648261101178,0.867484622396145
-0.00154780255774659,0.445026344681304,0.885842000506451
0.3341538691232,-0.64103112517829,0.667503423153388
0.234417859757315,-0.634812040374621,0.663754900781462
0.00436088475539232,0.849500346304778,0.390878447859371
-0.254470844431009,-0.811695971614854,0.435581389804267
-0.609545717601084,0.429250482143908,0.566876377719985
-0.572478459280365,0.519269678753288,0.544016749499322
0.377329978360397,-0.740923797613278,-0.473581443323352
0.270948588759689,-0.803418556870277,-0.493641478518541
-0.601064362402476,-0.465433417931245,-0.536379097982942
-0.559102575856842,-0.503970433956186,-0.585155187061425
-0.626236840007598,-0.550726348698169,-0.490646589497092
-0.625310422714282,0.130091090198681,-0.75880716932055
-0.0246858243576593,0.746295821047571,0.564259305169429
0.581878221015343,-0.616098573958631,-0.429638727236094
0.613348035595879,-0.653691623278267,-0.372881230699353
0.646288441860269,-0.540912752129537,-0.415552718341044
-0.882106049864008,0.320960903764554,0.21805995286027
0.0217865953905888,-0.95174971600125,0.289499666653104
0.0939998953816437,-0.955246146548407,0.269549371471558
0.17009654515848,-0.691848055635318,0.674892324544194
-0.967107509681993,0.0877377505283705,0.111916365057775
-0.892598981389884,0.092436397961033,0.119085878573181
-0.974284047983684,0.187025313198788,0.121428315276961
0.788811618422112,0.0521065145586699,-0.538732538588441
0.810530278742832,-0.00433861580643501,-0.583086197422177
0.73188932764834,0.088237480191461,-0.612586489975677
-0.89379885794747,0.255983507422181,-0.239120472028669
-0.851610857141633,0.297637733475808,-0.285056275492635
-0.841201577075059,0.289101598341342,-0.160783264402287
-0.827708651076485,0.422645896484965,0.254912147687393
-0.230613939441608,0.825533747200381,0.359677038653758
0.807976829726159,-0.178224394869014,-0.365621814228482
0.748103098769659,-0.206690139943748,-0.490280498865706
0.725896385716261,-0.168620875678445,-0.580044595327836
0.513994745643448,-0.817361631114271,-0.142686213543007
0.440986986882406,-0.804695613544339,-0.131091423350523
0.536733495682665,-0.738161776930492,-0.0860264187682094
0.312872157898085,-0.571888704495416,0.753938059234234
0.529522933178723,0.807538996791035,-0.0343501844336507
0.499038717807262,0.806651880290517,-0.102869711851029
0.735321713026738,0.0747695733116305,-0.547087581078129
-0.253494952733497,-0.768927386884155,0.555949622383606
-0.333829049661779,-0.673175212121292,0.557668313426125
-0.447200264231922,0.720483315326658,0.303941695304596
-0.372151213384984,0.779170322849498,0.384864344266353
0.661542868547996,0.578517517323229,0.333349909490549
0.613406370949558,0.621599669380651,0.37145247860415
-0.646360563923849,-0.421337398040393,0.469244121418257
0.566802503391465,0.573092502553659,0.400942545488481
0.641523914021555,0.574515771909956,0.407242156412094
0.564690137180126,0.673039566252862,0.403416887198251
0.505862544975695,-0.294582927795931,0.775175599752094
0.523863228747851,-0.37959040575063,0.725681114448009
-0.852352854302858,0.375398383096086,0.280326667527104
0.0151072367823979,0.81539453412803,0.563673162730166
-0.0506805310863405,0.787593669584653,0.586565989761571
-0.85285983256742,0.0759879365464422,0.351193909022296
-0.895640560157348,0.0655934500529759,0.261406582536798
-0.604391380349715,-0.742129126860355,0.0741125277758334
-0.0974523396729833,0.703697427814411,0.691081966380692
-0.0272438328307455,0.693408256626353,0.666794139733453
-0.356383984393698,0.688488249127712,0.595678415514257
-0.281422034167375,0.686650395569207,0.597204296428296
-0.480814517504129,0.185669026508542,-0.815827446715716
-0.679866752050391,-0.452439192616976,0.502037076105185
-0.761854817605815,-0.359088183799227,0.488305861330523
0.92273759691331,-0.0123839203656134,0.228067035382856
0.631342263708605,-0.115401403534392,-0.721160813941108
0.641990998394514,-0.0553231802370165,-0.677546463836816
-0.873258819646991,-0.197359659163554,-0.359877020809141
-0.843014839752383,-0.306654011252061,-0.412460728187836
0.475692121061352,-0.718941550041835,-0.306196006624219
0.536049236430907,-0.67490391646834,-0.299661065651813
0.00716618119679813,-0.500256017193899,0.840667138344782
0.0486770028643968,-0.56384317755736,-0.756851005958232
0.122271388198752,-0.571613961684166,-0.7690362987866
-0.583216124633976,0.613486212209043,-0.341866603022224
0.874819661193766,-0.35461983170861,-0.162419170004846
0.8763799461824,-0.454459686372663,-0.156981437810719
0.0902917801045489,-0.398303133055177,-0.85848882377833
0.072920241806949,-0.369333181457232,-0.925451287603877
0.186462374754603,-0.375386108848556,-0.873523009029553
0.616146293013121,-0.109108131091591,-0.671823029045888
0.362803408290397,0.0455670020232758,-0.864098971162622
0.3049689604175,0.092270801498028,-0.874045415444842
0.465189159163212,0.585883245172427,-0.659617637112585
-0.151882171459655,0.960640665635936,0.172695874558988
-0.117981604944572,0.870687441529363,0.200248897311293
-0.407623651140931,-0.869454915418509,0.277429570214729
-0.0339536601598007,-0.852718067549065,0.513808874605974
-0.0880366834048983,-0.805151132138148,0.534723301499483
0.0351292767082481,-0.789948194338949,0.549690497351764
0.318146470544665,0.207483684962297,0.916271030446806
0.256121056704447,0.0990009569402962,0.919328113836957
0.448462433999371,-0.799808907565842,-0.217023890136284
0.738698689461905,-0.574106397573842,-0.224611490832452
-0.886244553315712,0.394911422352029,-0.0392678976539088
-0.815585690728959,0.402589889610414,-0.0632129655909243
-0.0554046734249077,0.579667626151421,0.811315459943796
0.0282187932086939,0.621882399860493,0.776315049819474
0.0274538574275344,-0.634719581647741,0.717616374286914
0.101173209011485,-0.64850961447814,0.718156926392026
0.0457354073915342,-0.536693958373455,0.725150437772284
0.771540273799024,0.537925025264233,0.0695959769429092
0.806063106986346,0.511196022851935,0.130577403777345
-0.347940872887376,-0.842630402423381,0.116198456919387
0.0439180623685096,-0.966175770590871,-0.136591431365947
-0.323400160018865,-0.848891019509944,0.077138619774199
0.619534232236623,0.320151657306137,-0.703055246643232
-0.788441602992204,0.046300275529605,0.569923712663721
0.376977831961117,0.727336240341072,-0.453104716797268
0.408721281073827,-0.610348471421362,-0.528004209947157
0.49682374959518,-0.567777215589882,-0.605790090525671
-0.855869911050112,-0.401646773605867,0.229552553233843
-0.856602067378953,-0.311449948223858,0.272726580589622
-0.138028835758011,0.69623399850099,0.60538102758228
-0.0758176423008249,0.707565759644858,0.565052891027128
0.201175734422631,-0.781809154359402,0.411332927320752
0.274706559766534,-0.796378948162654,0.413769899371304
-0.385181601069677,-0.775556875823473,0.445981061137825
-0.303785909119974,-0.717667098075679,0.450830284203431
0.837374817766946,-0.168374289039171,0.394657012545291
-0.399046261239507,0.19367892599055,-0.822852049439674
-0.352387905887471,0.194845343362012,-0.881560118274875
-0.416522254615333,0.291412500847484,-0.834799350440832
0.471843719072187,0.60148870784386,-0.609403217783965
-0.75149037090991,-0.128962578193507,-0.5346929996215
-0.775356682709583,-0.225107697297564,-0.54835005763366
-0.584336300066567,0.293265783756293,0.647778863681767
-0.304102655374966,-0.431283884973988,0.730221815428289
-0.32654143848799,-0.385783053848235,0.785459260873135
-0.689798906051673,-0.243487404729057,0.681385757439945
-0.615700894974674,-0.2432375626883,0.669791692864157
-0.691732321688417,-0.144029117597921,0.67117248054582
-0.500410965797652,0.723951342746639,0.381793607984885
-0.710199619723921,-0.135459689384871,-0.589186859468407
-0.772149320369951,-0.172561598676354,-0.568921546325162
-0.826656442698733,0.442467549975221,0.0326683700751053
-0.831322134316569,0.437557095025139,0.132438700103178
-0.684157872399079,0.400339681130727,-0.508397116692059
-0.674169749124076,0.499597587598707,-0.515332922127416
-0.24896418865545,-0.913293182335752,-0.109807649456601
-0.173973827801125,-0.912677928988527,-0.108774575278792
0.581860972666479,0.621557730826945,-0.360510897710023
0.501192128049824,0.716902498624362,-0.365698648848089
