b,SFR_Msun_per_yr,epsilon_per_Gyr,gas_to_stellar_mass,Z_mass_fraction,age_Gyr,inflow_Msun_per_yr
0.000000000000000000e+00,2.004748934509086311e+01,5.000000000000000000e-01,8.000000000000000444e-01,1.022494713567351568e-02,6.168443570231293194e+00,2.100897860299410524e+01
0.000000000000000000e+00,2.017357418373923394e+01,5.000000000000000000e-01,8.050314465408806575e-01,1.020476210857314096e-02,6.137177613333610893e+00,2.115709807321886871e+01
0.000000000000000000e+00,2.029965902238760123e+01,5.000000000000000000e-01,8.100628930817609374e-01,1.018460185929723205e-02,6.106262392107059789e+00,2.130551063503631681e+01
0.000000000000000000e+00,2.042574386103597206e+01,5.000000000000000000e-01,8.150943396226415505e-01,1.016446748326272666e-02,6.075691670490869889e+00,2.145421708046036358e+01
0.000000000000000000e+00,2.055182869968434289e+01,5.000000000000000000e-01,8.201257861635220525e-01,1.014436004069091228e-02,6.045459364070739028e+00,2.160321818820591133e+01
0.000000000000000000e+00,2.067791353833271373e+01,5.000000000000000000e-01,8.251572327044026656e-01,1.012428055751808144e-02,6.015559535428381288e+00,2.175251472395760288e+01
0.000000000000000000e+00,2.080399837698108456e+01,5.000000000000000000e-01,8.301886792452830566e-01,1.010423002628517246e-02,5.985986389662238061e+00,2.190210744063250203e+01
0.000000000000000000e+00,2.093008321562945184e+01,5.000000000000000000e-01,8.352201257861635586e-01,1.008420940700664736e-02,5.956734270071952331e+00,2.205199707863688019e+01
0.000000000000000000e+00,2.105616805427782268e+01,5.000000000000000000e-01,8.402515723270441717e-01,1.006421962801900237e-02,5.927797653999733463e+00,2.220218436611728308e+01
0.000000000000000000e+00,2.118225289292619351e+01,5.000000000000000000e-01,8.452830188679245627e-01,1.004426158680919723e-02,5.899171148821928945e+00,2.235267001920589536e+01
0.000000000000000000e+00,2.130833773157456434e+01,5.000000000000000000e-01,8.503144654088051757e-01,1.002433615082336769e-02,5.870849488084523671e+00,2.250345474226045894e+01
0.000000000000000000e+00,2.143442257022293518e+01,5.000000000000000000e-01,8.553459119496856777e-01,1.000444415825617328e-02,5.842827527776574215e+00,2.265453922809876985e+01
0.000000000000000000e+00,2.156050740887130246e+01,5.000000000000000000e-01,8.603773584905660687e-01,9.984586418821113363e-03,5.815100242735835145e+00,2.280592415822796326e+01
0.000000000000000000e+00,2.168659224751967329e+01,5.000000000000000000e-01,8.654088050314465708e-01,9.964763714502188063e-03,5.787662723181134616e+00,2.295761020306862932e+01
0.000000000000000000e+00,2.181267708616804413e+01,5.000000000000000000e-01,8.704402515723271838e-01,9.944976800287250868e-03,5.760510171366326482e+00,2.310959802217389836e+01
0.000000000000000000e+00,2.193876192481641496e+01,5.000000000000000000e-01,8.754716981132075748e-01,9.925226404883405115e-03,5.733637898350829154e+00,2.326188826444367663e+01
0.000000000000000000e+00,2.206484676346478579e+01,5.000000000000000000e-01,8.805031446540881879e-01,9.905513231414812131e-03,5.707041320882040303e+00,2.341448156833404681e+01
0.000000000000000000e+00,2.219093160211315663e+01,5.000000000000000000e-01,8.855345911949686899e-01,9.885837958103283959e-03,5.680715958385158970e+00,2.356737856206203219e+01
0.000000000000000000e+00,2.231701644076152391e+01,5.000000000000000000e-01,8.905660377358490809e-01,9.866201238931969486e-03,5.654657430056032830e+00,2.372057986380576011e+01
0.000000000000000000e+00,2.244310127940989474e+01,5.000000000000000000e-01,8.955974842767295829e-01,9.846603704292557213e-03,5.628861452053016023e+00,2.387408608190019876e+01
0.000000000000000000e+00,2.256918611805826558e+01,5.000000000000000000e-01,9.006289308176100850e-01,9.827045961616277456e-03,5.603323834783851431e+00,2.402789781502852406e+01
0.000000000000000000e+00,2.269527095670663641e+01,5.000000000000000000e-01,9.056603773584905870e-01,9.807528595989118553e-03,5.578040480283870117e+00,2.418201565240921624e+01
0.000000000000000000e+00,2.282135579535500725e+01,5.000000000000000000e-01,9.106918238993712000e-01,9.788052170751567610e-03,5.553007379681921485e+00,2.433644017397907788e+01
0.000000000000000000e+00,2.294744063400337453e+01,5.000000000000000000e-01,9.157232704402515910e-01,9.768617228083210577e-03,5.528220610750615549e+00,2.449117195057209884e+01
0.000000000000000000e+00,2.307352547265174536e+01,5.000000000000000000e-01,9.207547169811320931e-01,9.749224289572566357e-03,5.503676335537615927e+00,2.464621154409445580e+01
0.000000000000000000e+00,2.319961031130011619e+01,5.000000000000000000e-01,9.257861635220127061e-01,9.729873856772559143e-03,5.479370798074967297e+00,2.480155950769550444e+01
0.000000000000000000e+00,2.332569514994848703e+01,5.000000000000000000e-01,9.308176100628930971e-01,9.710566411741446829e-03,5.455300322162859317e+00,2.495721638593546032e+01
0.000000000000000000e+00,2.345177998859685786e+01,5.000000000000000000e-01,9.358490566037737102e-01,9.691302417570801450e-03,5.431461309226493839e+00,2.511318271494852894e+01
0.000000000000000000e+00,2.357786482724522514e+01,5.000000000000000000e-01,9.408805031446539902e-01,9.672082318899181616e-03,5.407850236241299235e+00,2.526945902260329291e+01
0.000000000000000000e+00,2.370394966589359598e+01,5.000000000000000000e-01,9.459119496855346032e-01,9.652906542413080757e-03,5.384463653725389598e+00,2.542604582865920904e+01
0.000000000000000000e+00,2.383003450454196681e+01,5.000000000000000000e-01,9.509433962264151052e-01,9.633775497334956875e-03,5.361298183796188610e+00,2.558294364491968054e+01
0.000000000000000000e+00,2.395611934319033764e+01,5.000000000000000000e-01,9.559748427672957183e-01,9.614689575898720253e-03,5.338350518288883961e+00,2.574015297538185010e+01
0.000000000000000000e+00,2.408220418183870848e+01,5.000000000000000000e-01,9.610062893081761093e-01,9.595649153812986151e-03,5.315617416934425243e+00,2.589767431638314932e+01
0.000000000000000000e+00,2.420828902048707931e+01,5.000000000000000000e-01,9.660377358490567223e-01,9.576654590712411694e-03,5.293095705594924816e+00,2.605550815674459386e+01
0.000000000000000000e+00,2.433437385913544659e+01,5.000000000000000000e-01,9.710691823899372244e-01,9.557706230597396227e-03,5.270782274554290048e+00,2.621365497791098775e+01
0.000000000000000000e+00,2.446045869778381743e+01,5.000000000000000000e-01,9.761006289308176154e-01,9.538804402262382812e-03,5.248674076862091198e+00,2.637211525408815760e+01
0.000000000000000000e+00,2.458654353643218826e+01,5.000000000000000000e-01,9.811320754716982284e-01,9.519949419713125138e-03,5.226768126728743802e+00,2.653088945237712437e+01
0.000000000000000000e+00,2.471262837508055910e+01,5.000000000000000000e-01,9.861635220125787304e-01,9.501141582573117625e-03,5.205061497970154605e+00,2.668997803290544013e+01
0.000000000000000000e+00,2.483871321372892993e+01,5.000000000000000000e-01,9.911949685534593435e-01,9.482381176479507887e-03,5.183551322500028036e+00,2.684938144895570034e+01
0.000000000000000000e+00,2.496479805237729721e+01,5.000000000000000000e-01,9.962264150943396235e-01,9.463668473468725764e-03,5.162234788868164337e+00,2.700910014709126727e+01
0.000000000000000000e+00,2.509088289102566804e+01,5.000000000000000000e-01,1.001257861635220126e+00,9.445003732352082182e-03,5.141109140843078684e+00,2.716913456727935028e+01
0.000000000000000000e+00,2.521696772967403888e+01,5.000000000000000000e-01,1.006289308176100628e+00,9.426387199081632737e-03,5.120171676037414521e+00,2.732948514301139653e+01
0.000000000000000000e+00,2.534305256832240971e+01,5.000000000000000000e-01,1.011320754716981130e+00,9.407819107106489900e-03,5.099419744574606561e+00,2.749015230142094524e+01
0.000000000000000000e+00,2.546913740697078055e+01,5.000000000000000000e-01,1.016352201257861632e+00,9.389299677719871798e-03,5.078850747795367049e+00,2.765113646339899844e+01
0.000000000000000000e+00,2.559522224561914783e+01,5.000000000000000000e-01,1.021383647798742134e+00,9.370829120397104403e-03,5.058462137002613268e+00,2.781243804370691564e+01
0.000000000000000000e+00,2.572130708426751866e+01,5.000000000000000000e-01,1.026415094339622636e+00,9.352407633124806136e-03,5.038251412243489824e+00,2.797405745108692798e+01
0.000000000000000000e+00,2.584739192291588950e+01,5.000000000000000000e-01,1.031446540880503138e+00,9.334035402721478636e-03,5.018216121127214713e+00,2.813599508837030072e+01
0.000000000000000000e+00,2.597347676156426033e+01,5.000000000000000000e-01,1.036477987421383640e+00,9.315712605149737910e-03,4.998353857677522605e+00,2.829825135258326796e+01
0.000000000000000000e+00,2.609956160021263116e+01,5.000000000000000000e-01,1.041509433962264142e+00,9.297439405820383598e-03,4.978662261218510743e+00,2.846082663505068311e+01
0.000000000000000000e+00,2.622564643886100200e+01,5.000000000000000000e-01,1.046540880503144866e+00,9.279215959888523213e-03,4.959139015292774566e+00,2.862372132149755544e+01
0.000000000000000000e+00,2.635173127750937638e+01,5.000000000000000000e-01,1.051572327044025368e+00,9.261042412541940425e-03,4.939781846610713956e+00,2.878693579214841236e+01
0.000000000000000000e+00,2.647781611615774722e+01,5.000000000000000000e-01,1.056603773584905870e+00,9.242918899281946793e-03,4.920588524029983368e+00,2.895047042182461894e+01
0.000000000000000000e+00,2.660390095480611805e+01,5.000000000000000000e-01,1.061635220125786594e+00,9.224845546196859189e-03,4.901556857564065339e+00,2.911432558003969007e+01
0.000000000000000000e+00,2.672998579345448533e+01,5.000000000000000000e-01,1.066666666666666874e+00,9.206822470228335359e-03,4.882684697419007236e+00,2.927850163109257409e+01
0.000000000000000000e+00,2.685607063210285617e+01,5.000000000000000000e-01,1.071698113207547376e+00,9.188849779430730697e-03,4.863969933057368245e+00,2.944299893415908187e+01
0.000000000000000000e+00,2.698215547075122700e+01,5.000000000000000000e-01,1.076729559748428100e+00,9.170927573223654899e-03,4.845410492288498183e+00,2.960781784338135481e+01
0.000000000000000000e+00,2.710824030939959783e+01,5.000000000000000000e-01,1.081761006289308380e+00,9.153055942637931472e-03,4.827004340384283054e+00,2.977295870795553157e+01
0.000000000000000000e+00,2.723432514804796867e+01,5.000000000000000000e-01,1.086792452830189104e+00,9.135234970555093648e-03,4.808749479219498468e+00,2.993842187221762075e+01
0.000000000000000000e+00,2.736040998669633595e+01,5.000000000000000000e-01,1.091823899371069384e+00,9.117464731940614492e-03,4.790643946436008882e+00,3.010420767572760070e+01
0.000000000000000000e+00,2.748649482534470678e+01,5.000000000000000000e-01,1.096855345911949886e+00,9.099745294071016899e-03,4.772685814630009737e+00,3.027031645335182120e+01
0.000000000000000000e+00,2.761257966399307762e+01,5.000000000000000000e-01,1.101886792452830388e+00,9.082076716755035223e-03,4.754873190561585972e+00,3.043674853534369618e+01
0.000000000000000000e+00,2.773866450264144845e+01,5.000000000000000000e-01,1.106918238993710890e+00,9.064459052548979462e-03,4.737204214385867473e+00,3.060350424742279785e+01
0.000000000000000000e+00,2.786474934128981928e+01,5.000000000000000000e-01,1.111949685534591392e+00,9.046892346966449450e-03,4.719677058905094924e+00,3.077058391085230582e+01
0.000000000000000000e+00,2.799083417993818657e+01,5.000000000000000000e-01,1.116981132075471894e+00,9.029376638682534359e-03,4.702289928840910349e+00,3.093798784251494283e+01
0.000000000000000000e+00,2.811691901858655740e+01,5.000000000000000000e-01,1.122012578616352396e+00,9.011911959732693544e-03,4.685041060126278190e+00,3.110571635498736143e+01
0.000000000000000000e+00,2.824300385723492823e+01,5.000000000000000000e-01,1.127044025157232898e+00,8.994498335706370765e-03,4.667928719216367206e+00,3.127376975661299241e+01
0.000000000000000000e+00,2.836908869588329907e+01,5.000000000000000000e-01,1.132075471698113622e+00,8.977135785935574236e-03,4.650951202417831887e+00,3.144214835157352894e+01
0.000000000000000000e+00,2.849517353453166990e+01,5.000000000000000000e-01,1.137106918238993902e+00,8.959824323678493643e-03,4.634106835235921373e+00,3.161085243995887950e+01
0.000000000000000000e+00,2.862125837318004073e+01,5.000000000000000000e-01,1.142138364779874626e+00,8.942563956298270333e-03,4.617393971738823488e+00,3.177988231783580630e+01
0.000000000000000000e+00,2.874734321182840802e+01,5.000000000000000000e-01,1.147169811320754906e+00,8.925354685437134061e-03,4.600810993938769577e+00,3.194923827731517463e+01
0.000000000000000000e+00,2.887342805047677885e+01,5.000000000000000000e-01,1.152201257861635408e+00,8.908196507185918434e-03,4.584356311189334399e+00,3.211892060661786275e+01
0.000000000000000000e+00,2.899951288912514968e+01,5.000000000000000000e-01,1.157232704402515910e+00,8.891089412249151072e-03,4.568028359598460320e+00,3.228892959013936093e+01
0.000000000000000000e+00,2.912559772777352052e+01,5.000000000000000000e-01,1.162264150943396634e+00,8.874033386105820848e-03,4.551825601456719994e+00,3.245926550851314829e+01
0.000000000000000000e+00,2.925168256642189135e+01,5.000000000000000000e-01,1.167295597484276914e+00,8.857028409165898508e-03,4.535746524680358327e+00,3.262992863867273741e+01
0.000000000000000000e+00,2.937776740507025863e+01,5.000000000000000000e-01,1.172327044025157416e+00,8.840074456922766832e-03,4.519789642268651875e+00,3.280091925391263175e+01
0.000000000000000000e+00,2.950385224371862947e+01,5.000000000000000000e-01,1.177358490566037919e+00,8.823171500101650508e-03,4.503953491775183338e+00,3.297223762394795443e+01
0.000000000000000000e+00,2.962993708236700030e+01,5.000000000000000000e-01,1.182389937106918421e+00,8.806319504804144618e-03,4.488236634792584390e+00,3.314388401497301118e+01
0.000000000000000000e+00,2.975602192101537113e+01,5.000000000000000000e-01,1.187421383647798923e+00,8.789518432648952759e-03,4.472637656450369370e+00,3.331585868971865949e+01
0.000000000000000000e+00,2.988210675966374197e+01,5.000000000000000000e-01,1.192452830188679647e+00,8.772768240908918047e-03,4.457155164925445057e+00,3.348816190750863342e+01
0.000000000000000000e+00,3.000819159831210925e+01,5.000000000000000000e-01,1.197484276729559927e+00,8.756068882644477136e-03,4.441787790964954574e+00,3.366079392431471007e+01
0.000000000000000000e+00,3.013427643696048008e+01,5.000000000000000000e-01,1.202515723270440429e+00,8.739420306833584062e-03,4.426534187421057531e+00,3.383375499281086007e+01
0.000000000000000000e+00,3.026036127560885092e+01,5.000000000000000000e-01,1.207547169811320931e+00,8.722822458498251386e-03,4.411393028797326643e+00,3.400704536242631093e+01
0.000000000000000000e+00,3.038644611425722175e+01,5.000000000000000000e-01,1.212578616352201433e+00,8.706275278827743311e-03,4.396363010806402016e+00,3.418066527939768662e+01
0.000000000000000000e+00,3.051253095290559259e+01,5.000000000000000000e-01,1.217610062893082157e+00,8.689778705298545694e-03,4.381442849938579798e+00,3.435461498682002457e+01
0.000000000000000000e+00,3.063861579155396342e+01,5.000000000000000000e-01,1.222641509433962437e+00,8.673332671791178852e-03,4.366631283041033207e+00,3.452889472469693288e+01
0.000000000000000000e+00,3.076470063020233070e+01,5.000000000000000000e-01,1.227672955974842939e+00,8.656937108703938177e-03,4.351927066907330222e+00,3.470350472998972435e+01
0.000000000000000000e+00,3.089078546885070153e+01,5.000000000000000000e-01,1.232704402515723441e+00,8.640591943063659700e-03,4.337328977876984126e+00,3.487844523666569074e+01
0.000000000000000000e+00,3.101687030749907237e+01,5.000000000000000000e-01,1.237735849056603943e+00,8.624297098633562642e-03,4.322835811444733167e+00,3.505371647574536098e+01
0.000000000000000000e+00,3.114295514614744320e+01,5.000000000000000000e-01,1.242767295597484445e+00,8.608052496018247027e-03,4.308446381879269538e+00,3.522931867534897776e+01
0.000000000000000000e+00,3.126903998479581404e+01,5.000000000000000000e-01,1.247798742138365169e+00,8.591858052765960832e-03,4.294159521851161010e+00,3.540525206074202202e+01
0.000000000000000000e+00,3.139512482344418132e+01,5.000000000000000000e-01,1.252830188679245449e+00,8.575713683468147094e-03,4.279974082069704977e+00,3.558151685437994871e+01
0.000000000000000000e+00,3.152120966209255215e+01,5.000000000000000000e-01,1.257861635220125951e+00,8.559619299856383728e-03,4.265888930928444012e+00,3.575811327595204858e+01
0.000000000000000000e+00,3.164729450074092298e+01,5.000000000000000000e-01,1.262893081761006675e+00,8.543574810896778504e-03,4.251902954159137771e+00,3.593504154242449289e+01
0.000000000000000000e+00,3.177337933938929382e+01,5.000000000000000000e-01,1.267924528301886955e+00,8.527580122881874697e-03,4.238015054493916800e+00,3.611230186808258225e+01
0.000000000000000000e+00,3.189946417803766465e+01,5.000000000000000000e-01,1.272955974842767679e+00,8.511635139520122920e-03,4.224224151335415733e+00,3.628989446457224943e+01
0.000000000000000000e+00,3.202554901668603549e+01,5.000000000000000000e-01,1.277987421383648181e+00,8.495739762023033631e-03,4.210529180434659402e+00,3.646781954094073797e+01
0.000000000000000000e+00,3.215163385533440277e+01,5.000000000000000000e-01,1.283018867924528461e+00,8.479893889189979092e-03,4.196929093576480696e+00,3.664607730367658434e+01
0.000000000000000000e+00,3.227771869398277715e+01,5.000000000000000000e-01,1.288050314465409185e+00,8.464097417490811306e-03,4.183422858272277445e+00,3.682466795674883286e+01
0.000000000000000000e+00,3.240380353263114444e+01,5.000000000000000000e-01,1.293081761006289687e+00,8.448350241146278597e-03,4.170009457459898705e+00,3.700359170164552580e+01
0.000000000000000000e+00,3.252988837127951172e+01,5.000000000000000000e-01,1.298113207547169967e+00,8.432652252206311941e-03,4.156687889210464171e+00,3.718284873741155394e+01
0.000000000000000000e+00,3.265597320992788610e+01,5.000000000000000000e-01,1.303144654088050691e+00,8.417003340626262597e-03,4.143457166441938178e+00,3.736243926068573984e+01
0.000000000000000000e+00,3.278205804857625338e+01,5.000000000000000000e-01,1.308176100628930971e+00,8.401403394341125722e-03,4.130316316639270902e+00,3.754236346573726735e+01
0.000000000000000000e+00,3.290814288722462777e+01,5.000000000000000000e-01,1.313207547169811695e+00,8.385852299337786392e-03,4.117264381580927335e+00,3.772262154450152849e+01
0.000000000000000000e+00,3.303422772587299505e+01,5.000000000000000000e-01,1.318238993710691975e+00,8.370349939725367852e-03,4.104300417071639728e+00,3.790321368661518875e+01
0.000000000000000000e+00,3.316031256452136233e+01,5.000000000000000000e-01,1.323270440251572477e+00,8.354896197803732272e-03,4.091423492681212082e+00,3.808414007945074786e+01
0.000000000000000000e+00,3.328639740316973672e+01,5.000000000000000000e-01,1.328301886792452979e+00,8.339490954130137496e-03,4.078632691489221251e+00,3.826540090815042561e+01
0.000000000000000000e+00,3.341248224181810400e+01,5.000000000000000000e-01,1.333333333333333481e+00,8.324134087584159070e-03,4.065927109835454800e+00,3.844699635565937967e+01
0.000000000000000000e+00,3.353856708046647839e+01,5.000000000000000000e-01,1.338364779874214205e+00,8.308825475430865401e-03,4.053305857075927499e+00,3.862892660275850432e+01
0.000000000000000000e+00,3.366465191911484567e+01,5.000000000000000000e-01,1.343396226415094485e+00,8.293564993382350134e-03,4.040768055344356569e+00,3.881119182809641188e+01
0.000000000000000000e+00,3.379073675776321295e+01,5.000000000000000000e-01,1.348427672955974987e+00,8.278352515657597457e-03,4.028312839318910044e+00,3.899379220822107328e+01
0.000000000000000000e+00,3.391682159641158734e+01,5.000000000000000000e-01,1.353459119496855489e+00,8.263187915040779222e-03,4.015939355994139426e+00,3.917672791761076212e+01
0.000000000000000000e+00,3.404290643505995462e+01,5.000000000000000000e-01,1.358490566037735992e+00,8.248071062937997744e-03,4.003646764457919893e+00,3.935999912870444462e+01
0.000000000000000000e+00,3.416899127370832900e+01,5.000000000000000000e-01,1.363522012578616716e+00,8.233001829432510729e-03,3.991434235673296360e+00,3.954360601193176450e+01
0.000000000000000000e+00,3.429507611235669629e+01,5.000000000000000000e-01,1.368553459119496996e+00,8.217980083338507699e-03,3.979300952265100833e+00,3.972754873574231027e+01
0.000000000000000000e+00,3.442116095100506357e+01,5.000000000000000000e-01,1.373584905660377498e+00,8.203005692253427517e-03,3.967246108311206498e+00,3.991182746663456982e+01
0.000000000000000000e+00,3.454724578965343795e+01,5.000000000000000000e-01,1.378616352201258000e+00,8.188078522608888132e-03,3.955268909138324851e+00,4.009644236918424554e+01
0.000000000000000000e+00,3.467333062830180523e+01,5.000000000000000000e-01,1.383647798742138502e+00,8.173198439720277125e-03,3.943368571122209509e+00,4.028139360607208630e+01
0.000000000000000000e+00,3.479941546695017962e+01,5.000000000000000000e-01,1.388679245283019226e+00,8.158365307834978750e-03,3.931544321492164151e+00,4.046668133811133572e+01
0.000000000000000000e+00,3.492550030559854690e+01,5.000000000000000000e-01,1.393710691823899728e+00,8.143578990179350247e-03,3.919795398139741316e+00,4.065230572427456224e+01
0.000000000000000000e+00,3.505158514424691418e+01,5.000000000000000000e-01,1.398742138364780008e+00,8.128839349004409257e-03,3.908121049431532601e+00,4.083826692172015527e+01
0.000000000000000000e+00,3.517766998289528857e+01,5.000000000000000000e-01,1.403773584905660510e+00,8.114146245630306925e-03,3.896520534025941451e+00,4.102456508581831685e+01
0.000000000000000000e+00,3.530375482154365585e+01,5.000000000000000000e-01,1.408805031446541012e+00,8.099499540489612723e-03,3.884993120693846613e+00,4.121120037017652749e+01
0.000000000000000000e+00,3.542983966019203024e+01,5.000000000000000000e-01,1.413836477987421736e+00,8.084899093169430062e-03,3.873538088143048341e+00,4.139817292666474202e+01
0.000000000000000000e+00,3.555592449884039752e+01,5.000000000000000000e-01,1.418867924528302238e+00,8.070344762452370466e-03,3.862154724846417420e+00,4.158548290543998149e+01
0.000000000000000000e+00,3.568200933748876480e+01,5.000000000000000000e-01,1.423899371069182296e+00,8.055836406356438328e-03,3.850842328873641307e+00,4.177313045497067634e+01
0.000000000000000000e+00,3.580809417613713919e+01,5.000000000000000000e-01,1.428930817610063020e+00,8.041373882173821069e-03,3.839600207726488357e+00,4.196111572206044116e+01
0.000000000000000000e+00,3.593417901478550647e+01,5.000000000000000000e-01,1.433962264150943522e+00,8.026957046508643653e-03,3.828427678177505289e+00,4.214943885187151551e+01
0.000000000000000000e+00,3.606026385343388085e+01,5.000000000000000000e-01,1.438993710691824246e+00,8.012585755313706565e-03,3.817324066112057324e+00,4.233809998794785656e+01
0.000000000000000000e+00,3.618634869208224814e+01,5.000000000000000000e-01,1.444025157232704526e+00,7.998259863926196825e-03,3.806288706373629260e+00,4.252709927223774145e+01
0.000000000000000000e+00,3.631243353073062252e+01,5.000000000000000000e-01,1.449056603773585250e+00,7.983979227102458789e-03,3.795320942612313786e+00,4.271643684511610672e+01
0.000000000000000000e+00,3.643851836937898980e+01,5.000000000000000000e-01,1.454088050314465530e+00,7.969743699051814317e-03,3.784420127136415957e+00,4.290611284540636916e+01
0.000000000000000000e+00,3.656460320802735708e+01,5.000000000000000000e-01,1.459119496855346032e+00,7.955553133469446189e-03,3.773585620767074822e+00,4.309612741040203332e+01
0.000000000000000000e+00,3.669068804667573147e+01,5.000000000000000000e-01,1.464150943396226534e+00,7.941407383568388142e-03,3.762816792695860002e+00,4.328648067588785864e+01
0.000000000000000000e+00,3.681677288532409875e+01,5.000000000000000000e-01,1.469182389937107036e+00,7.927306302110652750e-03,3.752113020345252181e+00,4.347717277616062148e+01
0.000000000000000000e+00,3.694285772397247314e+01,5.000000000000000000e-01,1.474213836477987760e+00,7.913249741437484996e-03,3.741473689231941790e+00,4.366820384404971378e+01
0.000000000000000000e+00,3.706894256262084042e+01,5.000000000000000000e-01,1.479245283018868262e+00,7.899237553498802272e-03,3.730898192832889926e+00,4.385957401093716612e+01
0.000000000000000000e+00,3.719502740126920770e+01,5.000000000000000000e-01,1.484276729559748542e+00,7.885269589881808636e-03,3.720385932454070232e+00,4.405128340677755006e+01
0.000000000000000000e+00,3.732111223991758209e+01,5.000000000000000000e-01,1.489308176100629044e+00,7.871345701838831921e-03,3.709936317101838021e+00,4.424333216011742564e+01
0.000000000000000000e+00,3.744719707856594937e+01,5.000000000000000000e-01,1.494339622641509546e+00,7.857465740314378486e-03,3.699548763356869774e+00,4.443572039811449059e+01
0.000000000000000000e+00,3.757328191721432376e+01,5.000000000000000000e-01,1.499371069182390270e+00,7.843629555971447231e-03,3.689222695250593542e+00,4.462844824655650910e+01
0.000000000000000000e+00,3.769936675586269104e+01,5.000000000000000000e-01,1.504402515723270772e+00,7.829836999217113305e-03,3.678957544144084491e+00,4.482151582987974336e+01
0.000000000000000000e+00,3.782545159451105832e+01,5.000000000000000000e-01,1.509433962264150830e+00,7.816087920227381483e-03,3.668752748609324765e+00,4.501492327118730685e+01
0.000000000000000000e+00,3.795153643315943270e+01,5.000000000000000000e-01,1.514465408805031554e+00,7.802382168971369082e-03,3.658607754312820148e+00,4.520867069226708423e+01
0.000000000000000000e+00,3.807762127180779999e+01,5.000000000000000000e-01,1.519496855345912056e+00,7.788719595234796719e-03,3.648522013901478900e+00,4.540275821360932440e+01
0.000000000000000000e+00,3.820370611045617437e+01,5.000000000000000000e-01,1.524528301886792780e+00,7.775100048642819006e-03,3.638494986890728367e+00,4.559718595442413402e+01
0.000000000000000000e+00,3.832979094910454165e+01,5.000000000000000000e-01,1.529559748427673060e+00,7.761523378682222071e-03,3.628526139554806296e+00,4.579195403265844533e+01
0.000000000000000000e+00,3.845587578775290893e+01,5.000000000000000000e-01,1.534591194968553340e+00,7.747989434722975764e-03,3.618614944819168233e+00,4.598706256501295542e+01
0.000000000000000000e+00,3.858196062640128332e+01,5.000000000000000000e-01,1.539622641509434287e+00,7.734498066039194319e-03,3.608760882154991023e+00,4.618251166695861798e+01
0.000000000000000000e+00,3.870804546504965060e+01,5.000000000000000000e-01,1.544654088050314567e+00,7.721049121829495938e-03,3.598963437475692917e+00,4.637830145275289340e+01
0.000000000000000000e+00,3.883413030369802499e+01,5.000000000000000000e-01,1.549685534591195291e+00,7.707642451236767361e-03,3.589222103035440536e+00,4.657443203545589938e+01
0.000000000000000000e+00,3.896021514234639227e+01,5.000000000000000000e-01,1.554716981132075571e+00,7.694277903367382002e-03,3.579536377329607166e+00,4.677090352694603581e+01
0.000000000000000000e+00,3.908629998099475955e+01,5.000000000000000000e-01,1.559748427672956073e+00,7.680955327309858631e-03,3.569905764997111319e+00,4.696771603793563088e+01
0.000000000000000000e+00,3.921238481964313394e+01,5.000000000000000000e-01,1.564779874213836797e+00,7.667674572152975362e-03,3.560329776724622697e+00,4.716486967798618224e+01
0.000000000000000000e+00,3.933846965829150122e+01,5.000000000000000000e-01,1.569811320754717077e+00,7.654435487003371022e-03,3.550807929152576481e+00,4.736236455552333524e+01
0.000000000000000000e+00,3.946455449693987561e+01,5.000000000000000000e-01,1.574842767295597579e+00,7.641237921002629573e-03,3.541339744782957322e+00,4.756020077785181854e+01
0.000000000000000000e+00,3.959063933558824289e+01,5.000000000000000000e-01,1.579874213836478081e+00,7.628081723343862336e-03,3.531924751888823710e+00,4.775837845116986813e+01
0.000000000000000000e+00,3.971672417423661017e+01,5.000000000000000000e-01,1.584905660377358583e+00,7.614966743287823574e-03,3.522562484425521667e+00,4.795689768058368685e+01
0.000000000000000000e+00,3.984280901288498455e+01,5.000000000000000000e-01,1.589937106918239307e+00,7.601892830178522131e-03,3.513252481943556216e+00,4.815575857012152738e+01
0.000000000000000000e+00,3.996889385153335184e+01,5.000000000000000000e-01,1.594968553459119365e+00,7.588859833458403738e-03,3.503994289503093995e+00,4.835496122274752651e+01
0.000000000000000000e+00,4.009497869018172622e+01,5.000000000000000000e-01,1.600000000000000089e+00,7.575867602683055389e-03,3.494787457590032620e+00,4.855450574037553224e+01
1.000000000000000000e+00,2.004748934509086311e+01,4.000000000000000222e-01,1.000000000000000000e+00,9.449665407536783288e-03,6.432966007522542995e+00,2.170327707157903774e+01
1.000000000000000000e+00,2.017357418373923394e+01,4.025157232704402732e-01,1.000000000000000222e+00,9.449665407536783288e-03,6.392759969975526424e+00,2.183977566951349658e+01
1.000000000000000000e+00,2.029965902238760123e+01,4.050314465408805242e-01,1.000000000000000000e+00,9.449665407536783288e-03,6.353053386311082740e+00,2.197627426744795187e+01
1.000000000000000000e+00,2.042574386103597206e+01,4.075471698113207752e-01,1.000000000000000000e+00,9.449665407536783288e-03,6.313837007383236610e+00,2.211277286538241427e+01
1.000000000000000000e+00,2.055182869968434289e+01,4.100628930817610263e-01,1.000000000000000000e+00,9.449665407536783288e-03,6.275101811018922504e+00,2.224927146331687311e+01
1.000000000000000000e+00,2.067791353833271373e+01,4.125786163522012773e-01,1.000000000000000222e+00,9.449665407536783288e-03,6.236838995098074712e+00,2.238577006125133551e+01
1.000000000000000000e+00,2.080399837698108456e+01,4.150943396226415283e-01,1.000000000000000000e+00,9.449665407536783288e-03,6.199039970885359629e+00,2.252226865918579435e+01
1.000000000000000000e+00,2.093008321562945184e+01,4.176100628930817793e-01,1.000000000000000000e+00,9.449665407536783288e-03,6.161696356602917923e+00,2.265876725712024964e+01
1.000000000000000000e+00,2.105616805427782268e+01,4.201257861635220303e-01,1.000000000000000222e+00,9.449665407536783288e-03,6.124799971234037521e+00,2.279526585505470848e+01
1.000000000000000000e+00,2.118225289292619351e+01,4.226415094339622813e-01,1.000000000000000000e+00,9.449665407536783288e-03,6.088342828548121588e+00,2.293176445298917088e+01
1.000000000000000000e+00,2.130833773157456434e+01,4.251572327044025323e-01,1.000000000000000222e+00,9.449665407536783288e-03,6.052317131337776601e+00,2.306826305092362972e+01
1.000000000000000000e+00,2.143442257022293518e+01,4.276729559748427834e-01,1.000000000000000222e+00,9.449665407536783288e-03,6.016715265859319040e+00,2.320476164885808856e+01
1.000000000000000000e+00,2.156050740887130246e+01,4.301886792452830344e-01,1.000000000000000000e+00,9.449665407536783288e-03,5.981529796468329607e+00,2.334126024679254741e+01
1.000000000000000000e+00,2.168659224751967329e+01,4.327044025157232854e-01,1.000000000000000000e+00,9.449665407536783288e-03,5.946753460442351091e+00,2.347775884472700625e+01
1.000000000000000000e+00,2.181267708616804413e+01,4.352201257861635364e-01,1.000000000000000222e+00,9.449665407536783288e-03,5.912379162983145697e+00,2.361425744266146509e+01
1.000000000000000000e+00,2.193876192481641496e+01,4.377358490566037874e-01,1.000000000000000000e+00,9.449665407536783288e-03,5.878399972391290085e+00,2.375075604059592749e+01
1.000000000000000000e+00,2.206484676346478579e+01,4.402515723270440384e-01,1.000000000000000222e+00,9.449665407536783288e-03,5.844809115406195410e+00,2.388725463853038633e+01
1.000000000000000000e+00,2.219093160211315663e+01,4.427672955974842894e-01,1.000000000000000000e+00,9.449665407536783288e-03,5.811599972705025152e+00,2.402375323646484517e+01
1.000000000000000000e+00,2.231701644076152391e+01,4.452830188679245405e-01,1.000000000000000000e+00,9.449665407536783288e-03,5.778766074554149590e+00,2.416025183439930402e+01
1.000000000000000000e+00,2.244310127940989474e+01,4.477987421383647915e-01,1.000000000000000000e+00,9.449665407536783288e-03,5.746301096607215442e+00,2.429675043233376286e+01
1.000000000000000000e+00,2.256918611805826558e+01,4.503144654088050425e-01,1.000000000000000000e+00,9.449665407536783288e-03,5.714198855844046854e+00,2.443324903026822170e+01
1.000000000000000000e+00,2.269527095670663641e+01,4.528301886792452935e-01,1.000000000000000000e+00,9.449665407536783288e-03,5.682453306644913660e+00,2.456974762820268410e+01
1.000000000000000000e+00,2.282135579535500725e+01,4.553459119496855445e-01,1.000000000000000222e+00,9.449665407536783288e-03,5.651058536994940873e+00,2.470624622613714294e+01
1.000000000000000000e+00,2.294744063400337453e+01,4.578616352201257955e-01,1.000000000000000000e+00,9.449665407536783288e-03,5.620008764813650970e+00,2.484274482407159823e+01
1.000000000000000000e+00,2.307352547265174536e+01,4.603773584905660465e-01,1.000000000000000000e+00,9.449665407536783288e-03,5.589298334404833035e+00,2.497924342200606063e+01
1.000000000000000000e+00,2.319961031130011619e+01,4.628930817610062975e-01,1.000000000000000222e+00,9.449665407536783288e-03,5.558921713022196620e+00,2.511574201994051947e+01
1.000000000000000000e+00,2.332569514994848703e+01,4.654088050314465486e-01,1.000000000000000000e+00,9.449665407536783288e-03,5.528873487546402288e+00,2.525224061787497831e+01
1.000000000000000000e+00,2.345177998859685786e+01,4.679245283018867996e-01,1.000000000000000222e+00,9.449665407536783288e-03,5.499148361269270424e+00,2.538873921580944071e+01
1.000000000000000000e+00,2.357786482724522514e+01,4.704402515723270506e-01,1.000000000000000000e+00,9.449665407536783288e-03,5.469741150781199934e+00,2.552523781374389600e+01
1.000000000000000000e+00,2.370394966589359598e+01,4.729559748427673016e-01,1.000000000000000000e+00,9.449665407536783288e-03,5.440646782957895944e+00,2.566173641167835484e+01
1.000000000000000000e+00,2.383003450454196681e+01,4.754716981132075526e-01,1.000000000000000000e+00,9.449665407536783288e-03,5.411860292042774745e+00,2.579823500961281368e+01
1.000000000000000000e+00,2.395611934319033764e+01,4.779874213836478036e-01,1.000000000000000222e+00,9.449665407536783288e-03,5.383376816821495936e+00,2.593473360754727608e+01
1.000000000000000000e+00,2.408220418183870848e+01,4.805031446540880546e-01,1.000000000000000000e+00,9.449665407536783288e-03,5.355191597885259114e+00,2.607123220548173492e+01
1.000000000000000000e+00,2.420828902048707931e+01,4.830188679245283057e-01,1.000000000000000222e+00,9.449665407536783288e-03,5.327299974979605501e+00,2.620773080341619377e+01
1.000000000000000000e+00,2.433437385913544659e+01,4.855345911949685567e-01,1.000000000000000222e+00,9.449665407536783288e-03,5.299697384435670067e+00,2.634422940135065261e+01
1.000000000000000000e+00,2.446045869778381743e+01,4.880503144654088077e-01,1.000000000000000000e+00,9.449665407536783288e-03,5.272379356680847451e+00,2.648072799928511145e+01
1.000000000000000000e+00,2.458654353643218826e+01,4.905660377358490587e-01,1.000000000000000222e+00,9.449665407536783288e-03,5.245341513826073054e+00,2.661722659721957029e+01
1.000000000000000000e+00,2.471262837508055910e+01,4.930817610062893097e-01,1.000000000000000000e+00,9.449665407536783288e-03,5.218579567326961488e+00,2.675372519515403269e+01
1.000000000000000000e+00,2.483871321372892993e+01,4.955974842767295607e-01,1.000000000000000222e+00,9.449665407536783288e-03,5.192089315716163611e+00,2.689022379308849153e+01
1.000000000000000000e+00,2.496479805237729721e+01,4.981132075471698117e-01,1.000000000000000000e+00,9.449665407536783288e-03,5.165866642404466802e+00,2.702672239102294682e+01
1.000000000000000000e+00,2.509088289102566804e+01,5.006289308176100628e-01,1.000000000000000000e+00,9.449665407536783288e-03,5.139907513548163109e+00,2.716322098895740922e+01
1.000000000000000000e+00,2.521696772967403888e+01,5.031446540880503138e-01,1.000000000000000000e+00,9.449665407536783288e-03,5.114207975980422205e+00,2.729971958689186806e+01
1.000000000000000000e+00,2.534305256832240971e+01,5.056603773584905648e-01,1.000000000000000222e+00,9.449665407536783288e-03,5.088764155204398953e+00,2.743621818482632690e+01
1.000000000000000000e+00,2.546913740697078055e+01,5.081761006289308158e-01,1.000000000000000000e+00,9.449665407536783288e-03,5.063572253445962623e+00,2.757271678276078930e+01
1.000000000000000000e+00,2.559522224561914783e+01,5.106918238993710668e-01,1.000000000000000000e+00,9.449665407536783288e-03,5.038628547763963184e+00,2.770921538069524459e+01
1.000000000000000000e+00,2.572130708426751866e+01,5.132075471698113178e-01,1.000000000000000000e+00,9.449665407536783288e-03,5.013929388216100236e+00,2.784571397862970343e+01
1.000000000000000000e+00,2.584739192291588950e+01,5.157232704402515688e-01,1.000000000000000000e+00,9.449665407536783288e-03,4.989471196078461013e+00,2.798221257656416583e+01
1.000000000000000000e+00,2.597347676156426033e+01,5.182389937106918198e-01,1.000000000000000000e+00,9.449665407536783288e-03,4.965250462116914676e+00,2.811871117449862467e+01
1.000000000000000000e+00,2.609956160021263116e+01,5.207547169811320709e-01,1.000000000000000222e+00,9.449665407536783288e-03,4.941263744908619415e+00,2.825520977243308351e+01
1.000000000000000000e+00,2.622564643886100200e+01,5.232704402515723219e-01,1.000000000000000222e+00,9.449665407536783288e-03,4.917507669211943266e+00,2.839170837036754591e+01
1.000000000000000000e+00,2.635173127750937638e+01,5.257861635220126839e-01,1.000000000000000000e+00,9.449665407536783288e-03,4.893978924383178608e+00,2.852820696830200831e+01
1.000000000000000000e+00,2.647781611615774722e+01,5.283018867924529349e-01,1.000000000000000000e+00,9.449665407536783288e-03,4.870674262838496027e+00,2.866470556623646715e+01
1.000000000000000000e+00,2.660390095480611805e+01,5.308176100628931859e-01,1.000000000000000222e+00,9.449665407536783288e-03,4.847590498559640082e+00,2.880120416417092954e+01
1.000000000000000000e+00,2.672998579345448533e+01,5.333333333333334370e-01,1.000000000000000000e+00,9.449665407536783288e-03,4.824724505641906802e+00,2.893770276210538483e+01
1.000000000000000000e+00,2.685607063210285617e+01,5.358490566037736880e-01,1.000000000000000000e+00,9.449665407536783288e-03,4.802073216883024465e+00,2.907420136003984368e+01
1.000000000000000000e+00,2.698215547075122700e+01,5.383647798742139390e-01,1.000000000000000222e+00,9.449665407536783288e-03,4.779633622411608052e+00,2.921069995797430607e+01
1.000000000000000000e+00,2.710824030939959783e+01,5.408805031446541900e-01,1.000000000000000000e+00,9.449665407536783288e-03,4.757402768353879985e+00,2.934719855590876492e+01
1.000000000000000000e+00,2.723432514804796867e+01,5.433962264150944410e-01,1.000000000000000222e+00,9.449665407536783288e-03,4.735377755537426125e+00,2.948369715384322376e+01
1.000000000000000000e+00,2.736040998669633595e+01,5.459119496855346920e-01,1.000000000000000000e+00,9.449665407536783288e-03,4.713555738230803094e+00,2.962019575177767905e+01
1.000000000000000000e+00,2.748649482534470678e+01,5.484276729559749430e-01,1.000000000000000000e+00,9.449665407536783288e-03,4.691933922917817412e+00,2.975669434971214145e+01
1.000000000000000000e+00,2.761257966399307762e+01,5.509433962264151941e-01,1.000000000000000000e+00,9.449665407536783288e-03,4.670509567105407989e+00,2.989319294764660029e+01
1.000000000000000000e+00,2.773866450264144845e+01,5.534591194968554451e-01,1.000000000000000222e+00,9.449665407536783288e-03,4.649279978164018168e+00,3.002969154558106268e+01
1.000000000000000000e+00,2.786474934128981928e+01,5.559748427672956961e-01,1.000000000000000000e+00,9.449665407536783288e-03,4.628242512199475911e+00,3.016619014351552153e+01
1.000000000000000000e+00,2.799083417993818657e+01,5.584905660377359471e-01,1.000000000000000000e+00,9.449665407536783288e-03,4.607394572955334944e+00,3.030268874144997682e+01
1.000000000000000000e+00,2.811691901858655740e+01,5.610062893081761981e-01,1.000000000000000222e+00,9.449665407536783288e-03,4.586733610744771816e+00,3.043918733938443566e+01
1.000000000000000000e+00,2.824300385723492823e+01,5.635220125786164491e-01,1.000000000000000000e+00,9.449665407536783288e-03,4.566257121411090303e+00,3.057568593731889806e+01
1.000000000000000000e+00,2.836908869588329907e+01,5.660377358490567001e-01,1.000000000000000222e+00,9.449665407536783288e-03,4.545962645315928974e+00,3.071218453525335690e+01
1.000000000000000000e+00,2.849517353453166990e+01,5.685534591194969511e-01,1.000000000000000222e+00,9.449665407536783288e-03,4.525847766354354818e+00,3.084868313318781574e+01
1.000000000000000000e+00,2.862125837318004073e+01,5.710691823899372022e-01,1.000000000000000222e+00,9.449665407536783288e-03,4.505910110995965390e+00,3.098518173112227814e+01
1.000000000000000000e+00,2.874734321182840802e+01,5.735849056603774532e-01,1.000000000000000000e+00,9.449665407536783288e-03,4.486147347351247205e+00,3.112168032905673343e+01
1.000000000000000000e+00,2.887342805047677885e+01,5.761006289308177042e-01,1.000000000000000000e+00,9.449665407536783288e-03,4.466557184262376801e+00,3.125817892699119227e+01
1.000000000000000000e+00,2.899951288912514968e+01,5.786163522012579552e-01,1.000000000000000000e+00,9.449665407536783288e-03,4.447137370417757474e+00,3.139467752492565467e+01
1.000000000000000000e+00,2.912559772777352052e+01,5.811320754716982062e-01,1.000000000000000222e+00,9.449665407536783288e-03,4.427885693489541197e+00,3.153117612286011351e+01
1.000000000000000000e+00,2.925168256642189135e+01,5.836477987421384572e-01,1.000000000000000000e+00,9.449665407536783288e-03,4.408799979293466897e+00,3.166767472079457235e+01
1.000000000000000000e+00,2.937776740507025863e+01,5.861635220125787082e-01,1.000000000000000000e+00,9.449665407536783288e-03,4.389878090970318780e+00,3.180417331872903119e+01
1.000000000000000000e+00,2.950385224371862947e+01,5.886792452830189593e-01,1.000000000000000000e+00,9.449665407536783288e-03,4.371117928188394508e+00,3.194067191666349004e+01
1.000000000000000000e+00,2.962993708236700030e+01,5.911949685534592103e-01,1.000000000000000000e+00,9.449665407536783288e-03,4.352517426366316222e+00,3.207717051459795243e+01
1.000000000000000000e+00,2.975602192101537113e+01,5.937106918238994613e-01,1.000000000000000000e+00,9.449665407536783288e-03,4.334074555915611526e+00,3.221366911253240772e+01
1.000000000000000000e+00,2.988210675966374197e+01,5.962264150943397123e-01,1.000000000000000222e+00,9.449665407536783288e-03,4.315787321502464913e+00,3.235016771046687012e+01
1.000000000000000000e+00,3.000819159831210925e+01,5.987421383647799633e-01,1.000000000000000000e+00,9.449665407536783288e-03,4.297653761328085409e+00,3.248666630840132541e+01
1.000000000000000000e+00,3.013427643696048008e+01,6.012578616352202143e-01,1.000000000000000000e+00,9.449665407536783288e-03,4.279671946427130891e+00,3.262316490633578780e+01
1.000000000000000000e+00,3.026036127560885092e+01,6.037735849056604653e-01,1.000000000000000222e+00,9.449665407536783288e-03,4.261839979983683691e+00,3.275966350427024310e+01
1.000000000000000000e+00,3.038644611425722175e+01,6.062893081761007164e-01,1.000000000000000000e+00,9.449665407536783288e-03,4.244155996664249919e+00,3.289616210220470549e+01
1.000000000000000000e+00,3.051253095290559259e+01,6.088050314465409674e-01,1.000000000000000222e+00,9.449665407536783288e-03,4.226618161967289566e+00,3.303266070013916789e+01
1.000000000000000000e+00,3.063861579155396342e+01,6.113207547169812184e-01,1.000000000000000222e+00,9.449665407536783288e-03,4.209224671588823519e+00,3.316915929807362318e+01
1.000000000000000000e+00,3.076470063020233070e+01,6.138364779874214694e-01,1.000000000000000000e+00,9.449665407536783288e-03,4.191973750803624554e+00,3.330565789600808557e+01
1.000000000000000000e+00,3.089078546885070153e+01,6.163522012578617204e-01,1.000000000000000000e+00,9.449665407536783288e-03,4.174863653861568658e+00,3.344215649394254086e+01
1.000000000000000000e+00,3.101687030749907237e+01,6.188679245283019714e-01,1.000000000000000222e+00,9.449665407536783288e-03,4.157892663398715882e+00,3.357865509187700326e+01
1.000000000000000000e+00,3.114295514614744320e+01,6.213836477987422224e-01,1.000000000000000000e+00,9.449665407536783288e-03,4.141059089862689113e+00,3.371515368981146565e+01
1.000000000000000000e+00,3.126903998479581404e+01,6.238993710691824734e-01,1.000000000000000222e+00,9.449665407536783288e-03,4.124361270951951930e+00,3.385165228774592094e+01
1.000000000000000000e+00,3.139512482344418132e+01,6.264150943396227245e-01,1.000000000000000000e+00,9.449665407536783288e-03,4.107797571068611653e+00,3.398815088568037623e+01
1.000000000000000000e+00,3.152120966209255215e+01,6.289308176100629755e-01,1.000000000000000000e+00,9.449665407536783288e-03,4.091366380784337231e+00,3.412464948361483863e+01
1.000000000000000000e+00,3.164729450074092298e+01,6.314465408805032265e-01,1.000000000000000222e+00,9.449665407536783288e-03,4.075066116319060683e+00,3.426114808154930103e+01
1.000000000000000000e+00,3.177337933938929382e+01,6.339622641509434775e-01,1.000000000000000000e+00,9.449665407536783288e-03,4.058895219032080171e+00,3.439764667948375632e+01
1.000000000000000000e+00,3.189946417803766465e+01,6.364779874213837285e-01,1.000000000000000222e+00,9.449665407536783288e-03,4.042852154925233421e+00,3.453414527741821871e+01
1.000000000000000000e+00,3.202554901668603549e+01,6.389937106918239795e-01,1.000000000000000222e+00,9.449665407536783288e-03,4.026935414157811977e+00,3.467064387535268111e+01
1.000000000000000000e+00,3.215163385533440277e+01,6.415094339622642305e-01,1.000000000000000000e+00,9.449665407536783288e-03,4.011143510572879656e+00,3.480714247328713640e+01
1.000000000000000000e+00,3.227771869398277715e+01,6.440251572327044816e-01,1.000000000000000222e+00,9.449665407536783288e-03,3.995474981234703460e+00,3.494364107122159879e+01
1.000000000000000000e+00,3.240380353263114444e+01,6.465408805031447326e-01,1.000000000000000222e+00,9.449665407536783288e-03,3.979928385976981176e+00,3.508013966915605408e+01
1.000000000000000000e+00,3.252988837127951172e+01,6.490566037735849836e-01,1.000000000000000000e+00,9.449665407536783288e-03,3.964502306961567246e+00,3.521663826709050937e+01
1.000000000000000000e+00,3.265597320992788610e+01,6.515723270440252346e-01,1.000000000000000222e+00,9.449665407536783288e-03,3.949195348247429127e+00,3.535313686502497177e+01
1.000000000000000000e+00,3.278205804857625338e+01,6.540880503144654856e-01,1.000000000000000000e+00,9.449665407536783288e-03,3.934006135369555235e+00,3.548963546295943416e+01
1.000000000000000000e+00,3.290814288722462777e+01,6.566037735849057366e-01,1.000000000000000222e+00,9.449665407536783288e-03,3.918933314927525391e+00,3.562613406089389656e+01
1.000000000000000000e+00,3.303422772587299505e+01,6.591194968553459876e-01,1.000000000000000000e+00,9.449665407536783288e-03,3.903975554183527930e+00,3.576263265882835185e+01
1.000000000000000000e+00,3.316031256452136233e+01,6.616352201257862387e-01,1.000000000000000000e+00,9.449665407536783288e-03,3.889131540669521936e+00,3.589913125676280714e+01
1.000000000000000000e+00,3.328639740316973672e+01,6.641509433962264897e-01,1.000000000000000000e+00,9.449665407536783288e-03,3.874399981803349657e+00,3.603562985469726954e+01
1.000000000000000000e+00,3.341248224181810400e+01,6.666666666666667407e-01,1.000000000000000000e+00,9.449665407536783288e-03,3.859779604513525975e+00,3.617212845263172483e+01
1.000000000000000000e+00,3.353856708046647839e+01,6.691823899371069917e-01,1.000000000000000222e+00,9.449665407536783288e-03,3.845269154872496653e+00,3.630862705056619433e+01
1.000000000000000000e+00,3.366465191911484567e+01,6.716981132075472427e-01,1.000000000000000000e+00,9.449665407536783288e-03,3.830867397738143776e+00,3.644512564850064962e+01
1.000000000000000000e+00,3.379073675776321295e+01,6.742138364779874937e-01,1.000000000000000000e+00,9.449665407536783288e-03,3.816573116403299881e+00,3.658162424643510491e+01
1.000000000000000000e+00,3.391682159641158734e+01,6.767295597484277447e-01,1.000000000000000000e+00,9.449665407536783288e-03,3.802385112253101607e+00,3.671812284436956730e+01
1.000000000000000000e+00,3.404290643505995462e+01,6.792452830188679958e-01,1.000000000000000000e+00,9.449665407536783288e-03,3.788302204429942144e+00,3.685462144230402259e+01
1.000000000000000000e+00,3.416899127370832900e+01,6.817610062893082468e-01,1.000000000000000222e+00,9.449665407536783288e-03,3.774323229505845756e+00,3.699112004023848499e+01
1.000000000000000000e+00,3.429507611235669629e+01,6.842767295597484978e-01,1.000000000000000000e+00,9.449665407536783288e-03,3.760447041162074733e+00,3.712761863817294739e+01
1.000000000000000000e+00,3.442116095100506357e+01,6.867924528301887488e-01,1.000000000000000000e+00,9.449665407536783288e-03,3.746672509875766721e+00,3.726411723610740268e+01
1.000000000000000000e+00,3.454724578965343795e+01,6.893081761006289998e-01,1.000000000000000000e+00,9.449665407536783288e-03,3.732998522613446557e+00,3.740061583404186507e+01
1.000000000000000000e+00,3.467333062830180523e+01,6.918238993710692508e-01,1.000000000000000000e+00,9.449665407536783288e-03,3.719423982531215866e+00,3.753711443197632036e+01
1.000000000000000000e+00,3.479941546695017962e+01,6.943396226415095018e-01,1.000000000000000222e+00,9.449665407536783288e-03,3.705947808681464561e+00,3.767361302991078276e+01
1.000000000000000000e+00,3.492550030559854690e+01,6.968553459119497528e-01,1.000000000000000222e+00,9.449665407536783288e-03,3.692568935725935475e+00,3.781011162784523805e+01
1.000000000000000000e+00,3.505158514424691418e+01,6.993710691823900039e-01,1.000000000000000000e+00,9.449665407536783288e-03,3.679286313654979601e+00,3.794661022577969334e+01
1.000000000000000000e+00,3.517766998289528857e+01,7.018867924528302549e-01,1.000000000000000000e+00,9.449665407536783288e-03,3.666098907512846949e+00,3.808310882371416284e+01
1.000000000000000000e+00,3.530375482154365585e+01,7.044025157232705059e-01,1.000000000000000000e+00,9.449665407536783288e-03,3.653005697128872686e+00,3.821960742164861813e+01
1.000000000000000000e+00,3.542983966019203024e+01,7.069182389937107569e-01,1.000000000000000222e+00,9.449665407536783288e-03,3.640005676854392025e+00,3.835610601958308052e+01
1.000000000000000000e+00,3.555592449884039752e+01,7.094339622641510079e-01,1.000000000000000222e+00,9.449665407536783288e-03,3.627097855305263074e+00,3.849260461751753581e+01
1.000000000000000000e+00,3.568200933748876480e+01,7.119496855345912589e-01,9.999999999999998890e-01,9.449665407536783288e-03,3.614281255109839108e+00,3.862910321545199110e+01
1.000000000000000000e+00,3.580809417613713919e+01,7.144654088050315099e-01,1.000000000000000000e+00,9.449665407536783288e-03,3.601554912662269015e+00,3.876560181338645350e+01
1.000000000000000000e+00,3.593417901478550647e+01,7.169811320754717610e-01,1.000000000000000000e+00,9.449665407536783288e-03,3.588917877880997587e+00,3.890210041132091590e+01
1.000000000000000000e+00,3.606026385343388085e+01,7.194968553459120120e-01,1.000000000000000222e+00,9.449665407536783288e-03,3.576369213972322214e+00,3.903859900925537829e+01
1.000000000000000000e+00,3.618634869208224814e+01,7.220125786163522630e-01,1.000000000000000000e+00,9.449665407536783288e-03,3.563907997198900279e+00,3.917509760718983358e+01
1.000000000000000000e+00,3.631243353073062252e+01,7.245283018867925140e-01,1.000000000000000222e+00,9.449665407536783288e-03,3.551533316653070038e+00,3.931159620512429598e+01
1.000000000000000000e+00,3.643851836937898980e+01,7.270440251572327650e-01,1.000000000000000000e+00,9.449665407536783288e-03,3.539244274034893945e+00,3.944809480305875127e+01
1.000000000000000000e+00,3.656460320802735708e+01,7.295597484276730160e-01,1.000000000000000000e+00,9.449665407536783288e-03,3.527039983434773429e+00,3.958459340099320656e+01
1.000000000000000000e+00,3.669068804667573147e+01,7.320754716981132670e-01,1.000000000000000000e+00,9.449665407536783288e-03,3.514919571120564967e+00,3.972109199892767606e+01
1.000000000000000000e+00,3.681677288532409875e+01,7.345911949685535181e-01,1.000000000000000000e+00,9.449665407536783288e-03,3.502882175329056214e+00,3.985759059686213135e+01
1.000000000000000000e+00,3.694285772397247314e+01,7.371069182389937691e-01,1.000000000000000222e+00,9.449665407536783288e-03,3.490926946061720937e+00,3.999408919479659374e+01
1.000000000000000000e+00,3.706894256262084042e+01,7.396226415094340201e-01,1.000000000000000222e+00,9.449665407536783288e-03,3.479053044884639956e+00,4.013058779273104903e+01
1.000000000000000000e+00,3.719502740126920770e+01,7.421383647798742711e-01,1.000000000000000000e+00,9.449665407536783288e-03,3.467259644732489487e+00,4.026708639066550433e+01
1.000000000000000000e+00,3.732111223991758209e+01,7.446540880503145221e-01,1.000000000000000000e+00,9.449665407536783288e-03,3.455545929716501430e+00,4.040358498859996672e+01
1.000000000000000000e+00,3.744719707856594937e+01,7.471698113207547731e-01,1.000000000000000000e+00,9.449665407536783288e-03,3.443911094936311201e+00,4.054008358653442912e+01
1.000000000000000000e+00,3.757328191721432376e+01,7.496855345911950241e-01,1.000000000000000222e+00,9.449665407536783288e-03,3.432354346295584335e+00,4.067658218446889151e+01
1.000000000000000000e+00,3.769936675586269104e+01,7.522012578616352751e-01,1.000000000000000222e+00,9.449665407536783288e-03,3.420874900321351664e+00,4.081308078240334680e+01
1.000000000000000000e+00,3.782545159451105832e+01,7.547169811320755262e-01,9.999999999999998890e-01,9.449665407536783288e-03,3.409471983986948285e+00,4.094957938033779499e+01
1.000000000000000000e+00,3.795153643315943270e+01,7.572327044025157772e-01,1.000000000000000000e+00,9.449665407536783288e-03,3.398144834538486148e+00,4.108607797827226449e+01
1.000000000000000000e+00,3.807762127180779999e+01,7.597484276729560282e-01,1.000000000000000000e+00,9.449665407536783288e-03,3.386892699324782541e+00,4.122257657620671978e+01
1.000000000000000000e+00,3.820370611045617437e+01,7.622641509433962792e-01,1.000000000000000222e+00,9.449665407536783288e-03,3.375714835630641009e+00,4.135907517414118928e+01
1.000000000000000000e+00,3.832979094910454165e+01,7.647798742138365302e-01,1.000000000000000000e+00,9.449665407536783288e-03,3.364610510513435404e+00,4.149557377207564457e+01
1.000000000000000000e+00,3.845587578775290893e+01,7.672955974842767812e-01,9.999999999999998890e-01,9.449665407536783288e-03,3.353579000642900265e+00,4.163207237001009275e+01
1.000000000000000000e+00,3.858196062640128332e+01,7.698113207547170322e-01,1.000000000000000222e+00,9.449665407536783288e-03,3.342619592144065788e+00,4.176857096794456226e+01
1.000000000000000000e+00,3.870804546504965060e+01,7.723270440251572833e-01,1.000000000000000000e+00,9.449665407536783288e-03,3.331731580443271667e+00,4.190506956587901755e+01
1.000000000000000000e+00,3.883413030369802499e+01,7.748427672955975343e-01,1.000000000000000222e+00,9.449665407536783288e-03,3.320914270117156342e+00,4.204156816381347994e+01
1.000000000000000000e+00,3.896021514234639227e+01,7.773584905660377853e-01,1.000000000000000000e+00,9.449665407536783288e-03,3.310166974744609636e+00,4.217806676174793523e+01
1.000000000000000000e+00,3.908629998099475955e+01,7.798742138364780363e-01,1.000000000000000000e+00,9.449665407536783288e-03,3.299489016761562699e+00,4.231456535968239763e+01
1.000000000000000000e+00,3.921238481964313394e+01,7.823899371069182873e-01,1.000000000000000222e+00,9.449665407536783288e-03,3.288879727318598789e+00,4.245106395761686002e+01
1.000000000000000000e+00,3.933846965829150122e+01,7.849056603773585383e-01,1.000000000000000000e+00,9.449665407536783288e-03,3.278338446141296103e+00,4.258756255555131531e+01
1.000000000000000000e+00,3.946455449693987561e+01,7.874213836477987893e-01,1.000000000000000000e+00,9.449665407536783288e-03,3.267864521393240906e+00,4.272406115348577771e+01
1.000000000000000000e+00,3.959063933558824289e+01,7.899371069182390404e-01,1.000000000000000000e+00,9.449665407536783288e-03,3.257457309541670121e+00,4.286055975142023300e+01
1.000000000000000000e+00,3.971672417423661017e+01,7.924528301886792914e-01,1.000000000000000000e+00,9.449665407536783288e-03,3.247116175225664758e+00,4.299705834935468829e+01
1.000000000000000000e+00,3.984280901288498455e+01,7.949685534591195424e-01,1.000000000000000222e+00,9.449665407536783288e-03,3.236840491126848907e+00,4.313355694728915779e+01
1.000000000000000000e+00,3.996889385153335184e+01,7.974842767295597934e-01,9.999999999999998890e-01,9.449665407536783288e-03,3.226629637842537868e+00,4.327005554522360598e+01
1.000000000000000000e+00,4.009497869018172622e+01,8.000000000000000444e-01,1.000000000000000000e+00,9.449665407536783288e-03,3.216483003761271497e+00,4.340655414315807548e+01
1.500000000000000000e+00,2.004748934509086311e+01,3.577708763999664088e-01,1.118033988749894903e+00,9.025717839881000626e-03,6.566589738838470858e+00,2.216251696403512028e+01
1.500000000000000000e+00,2.017357418373923394e+01,3.611513747108511807e-01,1.114534656257938350e+00,9.037887053330665929e-03,6.521817647457925915e+00,2.228777041357559696e+01
1.500000000000000000e+00,2.029965902238760123e+01,3.645424536542488103e-01,1.111067977078558755e+00,9.049967044318303275e-03,6.477624612856672570e+00,2.241300438787587623e+01
1.500000000000000000e+00,2.042574386103597206e+01,3.679440803195506704e-01,1.107633446520938092e+00,9.061958881378597008e-03,6.433999650304563112e+00,2.253821922063778871e+01
1.500000000000000000e+00,2.055182869968434289e+01,3.713562221013530507e-01,1.104230570747900098e+00,9.073863614496040578e-03,6.390932049095991552e+00,2.266341523926113766e+01
1.500000000000000000e+00,2.067791353833271373e+01,3.747788466947689079e-01,1.100858866477642195e+00,9.085682275531628202e-03,6.348411364093848874e+00,2.278859276499206743e+01
1.500000000000000000e+00,2.080399837698108456e+01,3.782119220908394808e-01,1.097517860695421454e+00,9.097415878637339290e-03,6.306427407583908185e+00,2.291375211306711179e+01
1.500000000000000000e+00,2.093008321562945184e+01,3.816554165720437708e-01,1.094207090374809122e+00,9.109065420658766024e-03,6.264970241426374820e+00,2.303889359285316729e+01
1.500000000000000000e+00,2.105616805427782268e+01,3.851092987079027252e-01,1.090926102208138682e+00,9.120631881526328200e-03,6.224030169492110076e+00,2.316401750798339165e+01
1.500000000000000000e+00,2.118225289292619351e+01,3.885735373506754575e-01,1.087674452345789966e+00,9.132116224635446547e-03,6.183597730371555024e+00,2.328912415648930079e+01
1.500000000000000000e+00,2.130833773157456434e+01,3.920481016311455069e-01,1.084451706143975791e+00,9.143519397216040567e-03,6.143663690344945749e+00,2.341421383092910702e+01
1.500000000000000000e+00,2.143442257022293518e+01,3.955329609544946390e-01,1.081257437920694064e+00,9.154842330691742927e-03,6.104219036603029558e+00,2.353928681851247262e+01
1.500000000000000000e+00,2.156050740887130246e+01,3.990280849962613008e-01,1.078091230719546267e+00,9.166085941029132253e-03,6.065254970707903759e+00,2.366434340122177815e+01
1.500000000000000000e+00,2.168659224751967329e+01,4.025334436983821762e-01,1.074952676081116332e+00,9.177251129077350356e-03,6.026762902284168888e+00,2.378938385593001215e+01
1.500000000000000000e+00,2.181267708616804413e+01,4.060490072653145099e-01,1.071841373821629695e+00,9.188338780898397049e-03,5.988734442930962132e+00,2.391440845451541364e+01
1.500000000000000000e+00,2.193876192481641496e+01,4.095747461602368689e-01,1.068756931818617417e+00,9.199349768088426957e-03,5.951161400345961638e+00,2.403941746397296342e+01
1.500000000000000000e+00,2.206484676346478579e+01,4.131106311013262311e-01,1.065698965803329346e+00,9.210284948090332810e-03,5.914035772652782796e+00,2.416441114652283773e+01
1.500000000000000000e+00,2.219093160211315663e+01,4.166566330581100708e-01,1.062667099159639861e+00,9.221145164497897978e-03,5.877349742923623666e+00,2.428938975971589898e+01
1.500000000000000000e+00,2.231701644076152391e+01,4.202127232478908847e-01,1.059660962729213507e+00,9.231931247351801012e-03,5.841095673889397766e+00,2.441435355653635852e+01
1.500000000000000000e+00,2.244310127940989474e+01,4.237788731322412739e-01,1.056680194622698910e+00,9.242644013427718519e-03,5.805266102829891750e+00,2.453930278550166122e+01
1.500000000000000000e+00,2.256918611805826558e+01,4.273550544135685803e-01,1.053724440036732934e+00,9.253284266516786580e-03,5.769853736636869179e+00,2.466423769075970185e+01
1.500000000000000000e+00,2.269527095670663641e+01,4.309412390317462482e-01,1.050793351076541038e+00,9.263852797698673980e-03,5.734851447043351591e+00,2.478915851218346589e+01
1.500000000000000000e+00,2.282135579535500725e+01,4.345373991608111885e-01,1.047886586583940183e+00,9.274350385607487562e-03,5.700252266012578950e+00,2.491406548546316202e+01
1.500000000000000000e+00,2.294744063400337453e+01,4.381435072057248692e-01,1.045003811970543595e+00,9.284777796690719606e-03,5.666049381280468644e+00,2.503895884219589618e+01
1.500000000000000000e+00,2.307352547265174536e+01,4.417595357991968008e-01,1.042144699055985946e+00,9.295135785461507844e-03,5.632236132045676413e+00,2.516383880997308964e+01
1.500000000000000000e+00,2.319961031130011619e+01,4.453854577985688623e-01,1.039308925910992665e+00,9.305425094744353837e-03,5.598806004801545555e+00,2.528870561246548831e+01
1.500000000000000000e+00,2.332569514994848703e+01,4.490212462827593010e-01,1.036496176705116623e+00,9.315646455914552981e-03,5.565752629304600241e+00,2.541355946950608313e+01
1.500000000000000000e+00,2.345177998859685786e+01,4.526668745492638535e-01,1.033706141558989877e+00,9.325800589131473181e-03,5.533069774674350683e+00,2.553840059717082056e+01
1.500000000000000000e+00,2.357786482724522514e+01,4.563223161112143211e-01,1.030938516400920157e+00,9.335888203565952809e-03,5.500751345619484312e+00,2.566322920785729167e+01
1.500000000000000000e+00,2.370394966589359598e+01,4.599875446944916013e-01,1.028193002827693769e+00,9.345909997621904691e-03,5.468791378785684110e+00,2.578804551036136417e+01
1.500000000000000000e+00,2.383003450454196681e+01,4.636625342348927314e-01,1.025469307969429922e+00,9.355866659152374185e-03,5.437184039220547938e+00,2.591284970995190662e+01
1.500000000000000000e+00,2.395611934319033764e+01,4.673472588753504464e-01,1.022767144358356584e+00,9.365758865670171032e-03,5.405923616951247013e+00,2.603764200844358712e+01
1.500000000000000000e+00,2.408220418183870848e+01,4.710416929632043614e-01,1.020086229801366651e+00,9.375587284553283177e-03,5.375004523670765977e+00,2.616242260426789201e+01
1.500000000000000000e+00,2.420828902048707931e+01,4.747458110475215043e-01,1.017426287256231854e+00,9.385352573245164462e-03,5.344421289528728636e+00,2.628719169254230437e+01
1.500000000000000000e+00,2.433437385913544659e+01,4.784595878764665300e-01,1.014787044711347175e+00,9.395055379450126948e-03,5.314168560022999976e+00,2.641194946513780550e+01
1.500000000000000000e+00,2.446045869778381743e+01,4.821829983947190645e-01,1.012168235068891198e+00,9.404696341323907222e-03,5.284241092988367861e+00,2.653669611074469614e+01
1.500000000000000000e+00,2.458654353643218826e+01,4.859160177409382331e-01,1.009569596031283600e+00,9.414276087659609674e-03,5.254633755678835172e+00,2.666143181493675840e+01
1.500000000000000000e+00,2.471262837508055910e+01,4.896586212452722631e-01,1.006990869990834758e+00,9.423795238069111735e-03,5.225341521940103817e+00,2.678615676023389369e+01
1.500000000000000000e+00,2.483871321372892993e+01,4.934107844269131071e-01,1.004431803922478883e+00,9.433254403160111490e-03,5.196359469469071790e+00,2.691087112616318677e+01
1.500000000000000000e+00,2.496479805237729721e+01,4.971724829916940869e-01,1.001892149279491440e+00,9.442654184708890522e-03,5.167682777157188490e+00,2.703557508931850606e+01
1.500000000000000000e+00,2.509088289102566804e+01,5.009436928297303915e-01,9.993716618920934769e-01,9.451995175828977608e-03,5.139306722514733750e+00,2.716026882341867221e+01
1.500000000000000000e+00,2.521696772967403888e+01,5.047243900131009875e-01,9.968701018688443938e-01,9.461277961135756628e-03,5.111226679173152654e+00,2.728495249936418787e+01
1.500000000000000000e+00,2.534305256832240971e+01,5.085145507935713294e-01,9.943872335007394314e-01,9.470503116907218188e-03,5.083438114462701662e+00,2.740962628529263512e+01
1.500000000000000000e+00,2.546913740697078055e+01,5.123141516003554274e-01,9.919228251679204078e-01,9.479671211240891376e-03,5.055936587062777932e+00,2.753429034663274422e+01
1.500000000000000000e+00,2.559522224561914783e+01,5.161231690379168846e-01,9.894766492489183163e-01,9.488782804207090971e-03,5.028717744722406735e+00,2.765894484615716920e+01
1.500000000000000000e+00,2.572130708426751866e+01,5.199415798838082914e-01,9.870484820323431885e-01,9.497838447998617137e-03,5.001777322048453378e+00,2.778358994403404836e+01
1.500000000000000000e+00,2.584739192291588950e+01,5.237693610865472582e-01,9.846381036309488355e-01,9.506838687076938840e-03,4.975111138359240570e+00,2.790822579787728586e+01
1.500000000000000000e+00,2.597347676156426033e+01,5.276064897635285300e-01,9.822452978979936411e-01,9.515784058315024038e-03,4.948715095601318836e+00,2.803285256279571769e+01
1.500000000000000000e+00,2.609956160021263116e+01,5.314529431989724051e-01,9.798698523458266862e-01,9.524675091136861754e-03,4.922585176327236134e+00,2.815747039144109110e+01
1.500000000000000000e+00,2.622564643886100200e+01,5.353086988419075709e-01,9.775115580666280390e-01,9.533512307653800935e-03,4.896717441732252318e+00,2.828207943405495328e+01
1.500000000000000000e+00,2.635173127750937638e+01,5.391737343041874686e-01,9.751702096552391508e-01,9.542296222797772010e-03,4.871108029747980517e+00,2.840667983851444234e+01
1.500000000000000000e+00,2.647781611615774722e+01,5.430480273585399642e-01,9.728456051340168553e-01,9.551027344451484824e-03,4.845753153191074247e+00,2.853127175037702656e+01
1.500000000000000000e+00,2.660390095480611805e+01,5.469315559366507706e-01,9.705375458796458021e-01,9.559706173575687957e-03,4.820649097965092444e+00,2.865585531292419930e+01
1.500000000000000000e+00,2.672998579345448533e+01,5.508242981272771788e-01,9.682458365518543664e-01,9.568333204333558800e-03,4.795792221313789128e+00,2.878043066720423582e+01
1.500000000000000000e+00,2.685607063210285617e+01,5.547262321743936520e-01,9.659702850239730854e-01,9.576908924212321553e-03,4.771178950124107310e+00,2.890499795207389511e+01
1.500000000000000000e+00,2.698215547075122700e+01,5.586373364753679516e-01,9.637107023152795549e-01,9.585433814142127820e-03,4.746805779277257109e+00,2.902955730423925118e+01
1.500000000000000000e+00,2.710824030939959783e+01,5.625575895791669057e-01,9.614669025250753842e-01,9.593908348612338599e-03,4.722669270046287338e+00,2.915410885829554033e+01
1.500000000000000000e+00,2.723432514804796867e+01,5.664869701845917094e-01,9.592387027684450285e-01,9.602332995785195502e-03,4.698766048538626450e+00,2.927865274676618057e+01
1.500000000000000000e+00,2.736040998669633595e+01,5.704254571385417583e-01,9.570259231136428735e-01,9.610708217607030410e-03,4.675092804182146011e+00,2.940318910014086029e+01
1.500000000000000000e+00,2.748649482534470678e+01,5.743730294343059040e-01,9.548283865210658306e-01,9.619034469916999674e-03,4.651646288253318495e+00,2.952771804691283108e+01
1.500000000000000000e+00,2.761257966399307762e+01,5.783296662098825758e-01,9.526459187837538201e-01,9.627312202553493792e-03,4.628423312446132698e+00,2.965223971361531596e+01
1.500000000000000000e+00,2.773866450264144845e+01,5.822953467463252153e-01,9.504783484693857254e-01,9.635541859458208666e-03,4.605420747480440724e+00,2.977675422485717505e+01
1.500000000000000000e+00,2.786474934128981928e+01,5.862700504661152445e-01,9.483255068637169716e-01,9.643723878777965205e-03,4.582635521748490426e+00,2.990126170335773637e+01
1.500000000000000000e+00,2.799083417993818657e+01,5.902537569315601251e-01,9.461872279154215359e-01,9.651858692964357042e-03,4.560064619998409619e+00,3.002576226998090192e+01
1.500000000000000000e+00,2.811691901858655740e+01,5.942464458432167307e-01,9.440633481822954254e-01,9.659946728871250665e-03,4.537705082053506089e+00,3.015025604376852186e+01
1.500000000000000000e+00,2.824300385723492823e+01,5.982480970383402541e-01,9.419537067787809859e-01,9.667988407850224702e-03,4.515554001566228770e+00,3.027474314197294092e+01
1.500000000000000000e+00,2.836908869588329907e+01,6.022586904893565407e-01,9.398581453247790707e-01,9.675984145843951820e-03,4.493608524805689619e+00,3.039922368008902254e+01
1.500000000000000000e+00,2.849517353453166990e+01,6.062782063023584023e-01,9.377765078957043254e-01,9.683934353477639465e-03,4.471865849477747012e+00,3.052369777188528488e+01
1.500000000000000000e+00,2.862125837318004073e+01,6.103066247156252455e-01,9.357086409737550570e-01,9.691839436148519046e-03,4.450323223576582166e+00,3.064816552943453587e+01
1.500000000000000000e+00,2.874734321182840802e+01,6.143439260981663486e-01,9.336543934003572742e-01,9.699699794113485901e-03,4.428977944266829780e+00,3.077262706314374441e+01
1.500000000000000000e+00,2.887342805047677885e+01,6.183900909482846764e-01,9.316136163297552564e-01,9.707515822574872694e-03,4.407827356795309015e+00,3.089708248178334671e+01
1.500000000000000000e+00,2.899951288912514968e+01,6.224450998921650102e-01,9.295861631837086803e-01,9.715287911764496770e-03,4.386868853431447945e+00,3.102153189251587051e+01
1.500000000000000000e+00,2.912559772777352052e+01,6.265089336824816169e-01,9.275718896072747688e-01,9.723016447025899928e-03,4.366099872435520446e+00,3.114597540092399441e+01
1.500000000000000000e+00,2.925168256642189135e+01,6.305815731970277893e-01,9.255706534256359364e-01,9.730701808894948873e-03,4.345517897053849943e+00,3.127041311103803523e+01
1.500000000000000000e+00,2.937776740507025863e+01,6.346629994373668149e-01,9.235823146019489505e-01,9.738344373178754732e-03,4.325120454540172688e+00,3.139484512536279581e+01
1.500000000000000000e+00,2.950385224371862947e+01,6.387531935275018169e-01,9.216067351961866327e-01,9.745944511032982732e-03,4.304905115202355859e+00,3.151927154490393335e+01
1.500000000000000000e+00,2.962993708236700030e+01,6.428521367125663577e-01,9.196437793249425674e-01,9.753502589037512174e-03,4.284869491473645375e+00,3.164369246919381240e+01
1.500000000000000000e+00,2.975602192101537113e+01,6.469598103575348036e-01,9.176933131221738371e-01,9.761018969270970555e-03,4.265011237008164535e+00,3.176810799631632776e+01
1.500000000000000000e+00,2.988210675966374197e+01,6.510761959459510084e-01,9.157552047008572504e-01,9.768494009382934495e-03,4.245328045798777872e+00,3.189251822293230276e+01
1.500000000000000000e+00,3.000819159831210925e+01,6.552012750786764261e-01,9.138293241155294178e-01,9.775928062665521778e-03,4.225817651318227064e+00,3.201692324430324277e+01
1.500000000000000000e+00,3.013427643696048008e+01,6.593350294726567640e-01,9.119155433256939114e-01,9.783321478123108150e-03,4.206477825681645299e+00,3.214132315431518805e+01
1.500000000000000000e+00,3.026036127560885092e+01,6.634774409597056222e-01,9.100137361600648678e-01,9.790674600540758693e-03,4.187306378830337295e+00,3.226571804550195566e+01
1.500000000000000000e+00,3.038644611425722175e+01,6.676284914853076735e-01,9.081237782816271586e-01,9.797987770551300907e-03,4.168301157736093998e+00,3.239010800906790877e+01
1.500000000000000000e+00,3.051253095290559259e+01,6.717881631074376081e-01,9.062455471534948126e-01,9.805261324701051648e-03,4.149460045625444238e+00,3.251449313491023219e+01
1.500000000000000000e+00,3.063861579155396342e+01,6.759564379953969526e-01,9.043789220055393763e-01,9.812495595514265576e-03,4.130780961223269543e+00,3.263887351164085260e+01
1.500000000000000000e+00,3.076470063020233070e+01,6.801332984286678762e-01,9.025237838017725611e-01,9.819690911556324189e-03,4.112261858015232363e+00,3.276324922660780459e+01
1.500000000000000000e+00,3.089078546885070153e+01,6.843187267957823172e-01,9.006800152084636357e-01,9.826847597495658518e-03,4.093900723528446584e+00,3.288762036591626980e+01
1.500000000000000000e+00,3.101687030749907237e+01,6.885127055932093176e-01,8.988475005629668058e-01,9.833965974164507809e-03,4.075695578629894733e+00,3.301198701444909744e+01
1.500000000000000000e+00,3.114295514614744320e+01,6.927152174242555693e-01,8.970261258432467022e-01,9.841046358618472586e-03,4.057644476842081183e+00,3.313634925588703339e+01
1.500000000000000000e+00,3.126903998479581404e+01,6.969262449979842788e-01,8.952157786380781079e-01,9.848089064194919320e-03,4.039745503675402638e+00,3.326070717272843780e+01
1.500000000000000000e+00,3.139512482344418132e+01,7.011457711281467997e-01,8.934163481179068222e-01,9.855094400570271404e-03,4.021996775976806937e+00,3.338506084630868287e+01
1.500000000000000000e+00,3.152120966209255215e+01,7.053737787321312513e-01,8.916277250063504578e-01,9.862062673816189909e-03,4.004396441294231224e+00,3.350941035681917413e+01
1.500000000000000000e+00,3.164729450074092298e+01,7.096102508299251266e-01,8.898498015523234050e-01,9.868994186454704831e-03,3.986942677256424261e+00,3.363375578332593108e+01
1.500000000000000000e+00,3.177337933938929382e+01,7.138551705430917771e-01,8.880824715027744176e-01,9.875889237512262137e-03,3.969633690967681705e+00,3.375809720378789081e+01
1.500000000000000000e+00,3.189946417803766465e+01,7.181085210937622199e-01,8.863256300760146145e-01,9.882748122572773339e-03,3.952467718417090214e+00,3.388243469507479944e+01
1.500000000000000000e+00,3.202554901668603549e+01,7.223702858036399332e-01,8.845791739356235750e-01,9.889571133829655469e-03,3.935443023901901149e+00,3.400676833298476254e+01
1.500000000000000000e+00,3.215163385533440277e+01,7.266404480930205301e-01,8.828430011649196496e-01,9.896358560136899601e-03,3.918557899464598648e+00,3.413109819226149710e+01
1.500000000000000000e+00,3.227771869398277715e+01,7.309189914798235321e-01,8.811170112419803857e-01,9.903110687059160991e-03,3.901810664343321022e+00,3.425542434661122826e+01
1.500000000000000000e+00,3.240380353263114444e+01,7.352058995786382445e-01,8.794011050151948616e-01,9.909827796920947160e-03,3.885199664435254441e+00,3.437974686871921648e+01
1.500000000000000000e+00,3.252988837127951172e+01,7.395011560997828415e-01,8.776951846793408230e-01,9.916510168854864027e-03,3.868723271772637862e+00,3.450406583026606455e+01
1.500000000000000000e+00,3.265597320992788610e+01,7.438047448483753321e-01,8.759991537521697458e-01,9.923158078848973856e-03,3.852379884011047029e+00,3.462838130194362662e+01
1.500000000000000000e+00,3.278205804857625338e+01,7.481166497234178481e-01,8.743129170514849502e-01,9.929771799793297993e-03,3.836167923929620027e+00,3.475269335347064725e+01
1.500000000000000000e+00,3.290814288722462777e+01,7.524368547168931443e-01,8.726363806727079897e-01,9.936351601525438351e-03,3.820085838942891776e+00,3.487700205360817307e+01
1.500000000000000000e+00,3.303422772587299505e+01,7.567653439128727566e-01,8.709694519669113344e-01,9.942897750875380122e-03,3.804132100623945689e+00,3.500130747017450261e+01
1.500000000000000000e+00,3.316031256452136233e+01,7.611021014866379275e-01,8.693120395193154604e-01,9.949410511709468746e-03,3.788305204238550772e+00,3.512560967006007218e+01
1.500000000000000000e+00,3.328639740316973672e+01,7.654471117038114114e-01,8.676640531282305835e-01,9.955890144973597589e-03,3.772603668290016365e+00,3.524990871924190827e+01
1.500000000000000000e+00,3.341248224181810400e+01,7.698003589195011598e-01,8.660254037844385966e-01,9.962336908735595908e-03,3.757026034074463006e+00,3.537420468279782426e+01
1.500000000000000000e+00,3.353856708046647839e+01,7.741618275774554414e-01,8.643960036510002221e-01,9.968751058226869161e-03,3.741570865246238498e+00,3.549849762492046779e+01
1.500000000000000000e+00,3.366465191911484567e+01,7.785315022092291759e-01,8.627757660434778320e-01,9.975132845883286428e-03,3.726236747393209647e+00,3.562278760893093477e+01
1.500000000000000000e+00,3.379073675776321295e+01,7.829093674333602593e-01,8.611646054105684955e-01,9.981482521385318454e-03,3.711022287621663196e+00,3.574707469729232656e+01
1.500000000000000000e+00,3.391682159641158734e+01,7.872954079545582129e-01,8.595624373151276032e-01,9.987800331697483519e-03,3.695926114150581032e+00,3.587135895162289501e+01
1.500000000000000000e+00,3.404290643505995462e+01,7.916896085629022695e-01,8.579691784155832890e-01,9.994086521107080345e-03,3.680946875915028116e+00,3.599564043270898850e+01
1.500000000000000000e+00,3.416899127370832900e+01,7.960919541330498950e-01,8.563847464477281068e-01,1.000034133126222712e-02,3.666083242178412860e+00,3.611991920051786309e+01
1.500000000000000000e+00,3.429507611235669629e+01,8.005024296234561909e-01,8.548090602068773025e-01,1.000656500120924303e-02,3.651333902153412581e+00,3.624419531421008855e+01
1.500000000000000000e+00,3.442116095100506357e+01,8.049210200756030664e-01,8.532420395303890182e-01,1.001275776742936198e-02,3.636697564631309554e+00,3.636846883215191895e+01
1.500000000000000000e+00,3.454724578965343795e+01,8.093477106132375143e-01,8.516836052805346613e-01,1.001891986387480095e-02,3.622172957619547606e+00,3.649273981192725103e+01
1.500000000000000000e+00,3.467333062830180523e+01,8.137824864416213222e-01,8.501336793277116666e-01,1.002505152200421079e-02,3.607758827987276984e+00,3.661700831034950454e+01
1.500000000000000000e+00,3.479941546695017962e+01,8.182253328467884446e-01,8.485921845339928771e-01,1.003115297081748694e-02,3.593453941118697870e+00,3.674127438347324670e+01
1.500000000000000000e+00,3.492550030559854690e+01,8.226762351948134766e-01,8.470590447369994447e-01,1.003722443689001285e-02,3.579257080574000494e+00,3.686553808660558218e+01
1.500000000000000000e+00,3.505158514424691418e+01,8.271351789310876779e-01,8.455341847340986927e-01,1.004326614440625640e-02,3.565167047757694441e+00,3.698979947431738680e+01
1.500000000000000000e+00,3.517766998289528857e+01,8.316021495796062091e-01,8.440175302669070678e-01,1.004927831519284581e-02,3.551182661594167289e+00,3.711405860045431382e+01
1.500000000000000000e+00,3.530375482154365585e+01,8.360771327422620303e-01,8.425090080061033992e-01,1.005526116875104028e-02,3.537302758210266518e+00,3.723831551814756580e+01
1.500000000000000000e+00,3.542983966019203024e+01,8.405601140981506791e-01,8.410085455365364782e-01,1.006121492228864885e-02,3.523526190624731047e+00,3.736257027982458823e+01
1.500000000000000000e+00,3.555592449884039752e+01,8.450510794028820438e-01,8.395160713426237376e-01,1.006713979075142366e-02,3.509851828444327193e+00,3.748682293721945058e+01
1.500000000000000000e+00,3.568200933748876480e+01,8.495500144879019055e-01,8.380315147940353704e-01,1.007303598685389823e-02,3.496278557566468326e+00,3.761107354138314207e+01
1.500000000000000000e+00,3.580809417613713919e+01,8.540569052598213640e-01,8.365548061316555595e-01,1.007890372110970684e-02,3.482805279888221417e+00,3.773532214269361873e+01
1.500000000000000000e+00,3.593417901478550647e+01,8.585717376997542560e-01,8.350858764538121592e-01,1.008474320186141665e-02,3.469430913021491314e+00,3.785956879086569415e+01
1.500000000000000000e+00,3.606026385343388085e+01,8.630944978626636788e-01,8.336246577027758287e-01,1.009055463530981502e-02,3.456154390014251288e+00,3.798381353496079527e+01
1.500000000000000000e+00,3.618634869208224814e+01,8.676251718767150622e-01,8.321710826515144044e-01,1.009633822554274231e-02,3.442974659077676414e+00,3.810805642339649069e+01
1.500000000000000000e+00,3.631243353073062252e+01,8.721637459426386796e-01,8.307250848907036245e-01,1.010209417456342344e-02,3.429890683319013256e+00,3.823229750395592674e+01
1.500000000000000000e+00,3.643851836937898980e+01,8.767102063330988182e-01,8.292865988159814350e-01,1.010782268231833793e-02,3.416901440480076602e+00,3.835653682379699347e+01
1.500000000000000000e+00,3.656460320802735708e+01,8.812645393920709447e-01,8.278555596154482110e-01,1.011352394672461810e-02,3.404005922681207164e+00,3.848077442946144799e+01
1.500000000000000000e+00,3.669068804667573147e+01,8.858267315342266413e-01,8.264319032574004575e-01,1.011919816369699979e-02,3.391203136170569010e+00,3.860501036688382470e+01
1.500000000000000000e+00,3.681677288532409875e+01,8.903967692443255366e-01,8.250155664782978793e-01,1.012484552717432887e-02,3.378492101078667709e+00,3.872924468140016074e+01
1.500000000000000000e+00,3.694285772397247314e+01,8.949746390766147863e-01,8.236064867709547155e-01,1.013046622914562031e-02,3.365871851177942631e+00,3.885347741775667885e+01
1.500000000000000000e+00,3.706894256262084042e+01,8.995603276542358806e-01,8.222046023729526754e-01,1.013606045967572165e-02,3.353341433647332614e+00,3.897770862011818593e+01
1.500000000000000000e+00,3.719502740126920770e+01,9.041538216686375584e-01,8.208098522552723653e-01,1.014162840693050814e-02,3.340899908841673760e+00,3.910193833207645042e+01
1.500000000000000000e+00,3.732111223991758209e+01,9.087551078789976033e-01,8.194221761111317726e-01,1.014717025720171875e-02,3.328546350065840098e+00,3.922616659665835215e+01
1.500000000000000000e+00,3.744719707856594937e+01,9.133641731116491913e-01,8.180415143450355808e-01,1.015268619493134988e-02,3.316279843353487244e+00,3.935039345633395413e+01
1.500000000000000000e+00,3.757328191721432376e+01,9.179810042595157871e-01,8.166678080620248803e-01,1.015817640273568127e-02,3.304099487250311551e+00,3.947461895302441803e+01
1.500000000000000000e+00,3.769936675586269104e+01,9.226055882815519249e-01,8.153009990571244980e-01,1.016364106142889426e-02,3.292004392601705298e+00,3.959884312810974194e+01
1.500000000000000000e+00,3.782545159451105832e+01,9.272379122021905395e-01,8.139410298049851722e-01,1.016908035004633094e-02,3.279993682344709338e+00,3.972306602243646267e+01
1.500000000000000000e+00,3.795153643315943270e+01,9.318779631107968475e-01,8.125878434497154634e-01,1.017449444586735960e-02,3.268066491304156607e+00,3.984728767632516622e+01
1.500000000000000000e+00,3.807762127180779999e+01,9.365257281611285567e-01,8.112413837948955209e-01,1.017988352443789310e-02,3.256221965992930123e+00,3.997150812957784893e+01
1.500000000000000000e+00,3.820370611045617437e+01,9.411811945708025151e-01,8.099015952937778096e-01,1.018524775959253441e-02,3.244459264416194255e+00,4.009572742148525748e+01
1.500000000000000000e+00,3.832979094910454165e+01,9.458443496207675771e-01,8.085684230396597005e-01,1.019058732347638552e-02,3.232777555879563725e+00,4.021994559083397291e+01
1.500000000000000000e+00,3.845587578775290893e+01,9.505151806547824656e-01,8.072418127564348067e-01,1.019590238656649557e-02,3.221176020801071349e+00,4.034416267591352323e+01
1.500000000000000000e+00,3.858196062640128332e+01,9.551936750789017383e-01,8.059217107893102972e-01,1.020119311769297939e-02,3.209653850526872798e+00,4.046837871452325430e+01
1.500000000000000000e+00,3.870804546504965060e+01,9.598798203609655300e-01,8.046080640956922991e-01,1.020645968405981679e-02,3.198210247150600871e+00,4.059259374397914399e+01
1.500000000000000000e+00,3.883413030369802499e+01,9.645736040300961767e-01,8.033008202362351691e-01,1.021170225126529808e-02,3.186844423336268939e+00,4.071680780112054521e+01
1.500000000000000000e+00,3.896021514234639227e+01,9.692750136762007251e-01,8.019999273660475270e-01,1.021692098332216588e-02,3.175555602144664924e+00,4.084102092231670866e+01
1.500000000000000000e+00,3.908629998099475955e+01,9.739840369494783268e-01,8.007053342260587181e-01,1.022211604267744822e-02,3.164343016863131464e+00,4.096523314347331990e+01
1.500000000000000000e+00,3.921238481964313394e+01,9.787006615599338488e-01,7.994169901345328233e-01,1.022728759023197945e-02,3.153205910838685178e+00,4.108944450003887994e+01
1.500000000000000000e+00,3.933846965829150122e+01,9.834248752768965929e-01,7.981348449787359911e-01,1.023243578535961221e-02,3.142143537314374235e+00,4.121365502701092254e+01
1.500000000000000000e+00,3.946455449693987561e+01,9.881566659285447862e-01,7.968588492067496531e-01,1.023756078592614506e-02,3.131155159268807164e+00,4.133786475894226697e+01
1.500000000000000000e+00,3.959063933558824289e+01,9.928960214014349583e-01,7.955889538194269583e-01,1.024266274830794299e-02,3.120240049258788950e+00,4.146207372994702922e+01
1.500000000000000000e+00,3.971672417423661017e+01,9.976429296400366464e-01,7.943251103624893172e-01,1.024774182741029424e-02,3.109397489264990710e+00,4.158628197370665447e+01
1.500000000000000000e+00,3.984280901288498455e+01,1.002397378646272763e+00,7.930672709187612801e-01,1.025279817668546360e-02,3.098626770540580999e+00,4.171048952347576488e+01
1.500000000000000000e+00,3.996889385153335184e+01,1.007159356479064627e+00,7.918153881005389749e-01,1.025783194815049412e-02,3.087927193462763231e+00,4.183469641208793632e+01
1.500000000000000000e+00,4.009497869018172622e+01,1.011928851253881545e+00,7.905694150420947697e-01,1.026284329240470874e-02,3.077298067387133074e+00,4.195890267196148216e+01
