key,family,year,title,authors,journal,volume,issue,page,doi,doi_url,type,publisher,inclusion_role,status,error
gunn_gott_1972,cold_disk_rps,1972,On the Infall of Matter Into Clusters of Galaxies and Some Effects on Their Evolution,"Gunn, James E.; Gott, J. Richard, III",The Astrophysical Journal,176,,1,10.1086/151605,https://doi.org/10.1086/151605,journal-article,American Astronomical Society,foundational restoring-force criterion,resolved,
cowie_songaila_1977,transport,1977,Thermal evaporation of gas within galaxies by a hot intergalactic medium,"Cowie, Lennox L.; Songaila, A.",Nature,266,5602,501-503,10.1038/266501a0,https://doi.org/10.1038/266501a0,journal-article,Springer Science and Business Media LLC,thermal evaporation of galactic gas,resolved,
cowie_mckee_1977,transport,1977,The evaporation of spherical clouds in a hot gas. I - Classical and saturated mass loss rates,"Cowie, L. L.; McKee, C. F.",The Astrophysical Journal,211,,135,10.1086/154911,https://doi.org/10.1086/154911,journal-article,American Astronomical Society,classical and saturated evaporation rates,resolved,
larson_tinsley_caldwell_1980,starvation,1980,The evolution of disk galaxies and the origin of S0 galaxies,"Larson, R. B.; Tinsley, B. M.; Caldwell, C. N.",The Astrophysical Journal,237,,692,10.1086/157917,https://doi.org/10.1086/157917,journal-article,American Astronomical Society,foundational gas-supply cutoff model for S0 evolution,resolved,
nulsen_1982,transport,1982,Transport processes and the stripping of cluster galaxies,"Nulsen, P. E. J.",Monthly Notices of the Royal Astronomical Society,198,4,1007-1016,10.1093/mnras/198.4.1007,https://doi.org/10.1093/mnras/198.4.1007,journal-article,Oxford University Press (OUP),viscous and turbulent stripping scalings,resolved,
merritt_1983,tides,1983,Relaxation and tidal stripping in rich clusters of galaxies. I - Evolution of the mass distribution,"Merritt, D.",The Astrophysical Journal,264,,24,10.1086/160571,https://doi.org/10.1086/160571,journal-article,American Astronomical Society,tidal truncation in rich clusters,resolved,
takeda_nulsen_fabian_1984,cold_disk_rps,1984,Ram pressure stripping in a changing environment,"Takeda, H.; Nulsen, P. E. J.; Fabian, A. C.",Monthly Notices of the Royal Astronomical Society,208,2,261-278,10.1093/mnras/208.2.261,https://doi.org/10.1093/mnras/208.2.261,journal-article,Oxford University Press (OUP),time-dependent ram-pressure regimes,resolved,
moore_etal_1996,tides,1996,Galaxy harassment and the evolution of clusters of galaxies,"Moore, Ben; Katz, Neal; Lake, George; Dressler, Alan; Oemler, Augustus",Nature,379,6566,613-616,10.1038/379613a0,https://doi.org/10.1038/379613a0,journal-article,Springer Science and Business Media LLC,galaxy-harassment framework,resolved,
nfw_1997,cluster_potential,1997,A Universal Density Profile from Hierarchical Clustering,"Navarro, Julio F.; Frenk, Carlos S.; White, Simon D. M.",The Astrophysical Journal,490,2,493-508,10.1086/304888,https://doi.org/10.1086/304888,journal-article,American Astronomical Society,analytic halo density and potential building block,resolved,
diaferio_1999,cluster_dynamics,1999,Mass estimation in the outer regions of galaxy clusters,"Diaferio, A.",Monthly Notices of the Royal Astronomical Society,309,3,610-622,10.1046/j.1365-8711.1999.02864.x,https://doi.org/10.1046/j.1365-8711.1999.02864.x,journal-article,Oxford University Press (OUP),caustic mass estimator for cluster phase space,resolved,
diaferio_geller_1997,cluster_dynamics,1997,Infall Regions of Galaxy Clusters,"Diaferio, Antonaldo; Geller, Margaret J.",The Astrophysical Journal,481,2,633-643,10.1086/304075,https://doi.org/10.1086/304075,journal-article,American Astronomical Society,foundational analytic caustic boundary for infall regions,resolved,
gnedin_2003,tides,2003,Tidal Effects in Clusters of Galaxies,"Gnedin, Oleg Y.",The Astrophysical Journal,582,1,141-161,10.1086/344636,https://doi.org/10.1086/344636,journal-article,American Astronomical Society,tidal-field histories and harassment limits,resolved,
fujita_nagashima_1999,star_formation_response,1999,Effects of Ram Pressure from the Intracluster Medium on the Star Formation Rate of Disk Galaxies in Clusters of Galaxies,"Fujita, Yutaka; Nagashima, Masahiro",The Astrophysical Journal,516,2,619-625,10.1086/307139,https://doi.org/10.1086/307139,journal-article,American Astronomical Society,analytic molecular-cloud and SFR response along cluster infall,resolved,
fujita_2004,preprocessing,2004,Pre-Processing of Galaxies before Entering a Cluster,"Fujita, Yutaka",Publications of the Astronomical Society of Japan,56,1,29-43,10.1093/pasj/56.1.29,https://doi.org/10.1093/pasj/56.1.29,journal-article,Oxford University Press (OUP),analytic hierarchical-cluster preprocessing model,resolved,
abadi_etal_1999,cold_disk_rps,1999,Ram pressure stripping of spiral galaxies in clusters,"Abadi, M. G.; Moore, B.; Bower, R. G.",Monthly Notices of the Royal Astronomical Society,308,4,947-954,10.1046/j.1365-8711.1999.02715.x,https://doi.org/10.1046/j.1365-8711.1999.02715.x,journal-article,Oxford University Press (OUP),hydrodynamic validation of analytic stripping radii,resolved,
mori_burkert_2000,cold_disk_rps,2000,Gas Stripping of Dwarf Galaxies in Clusters of Galaxies,"Mori, Masao; Burkert, Andreas",The Astrophysical Journal,538,2,559-568,10.1086/309140,https://doi.org/10.1086/309140,journal-article,American Astronomical Society,analytic plus hydrodynamic dwarf stripping threshold,resolved,
vollmer_etal_2001,individual_inversion,2001,Ram Pressure Stripping and Galaxy Orbits: The Case of the Virgo Cluster,"Vollmer, B.; Cayatte, V.; Balkowski, C.; Duschl, W. J.",The Astrophysical Journal,561,2,708-726,10.1086/323368,https://doi.org/10.1086/323368,journal-article,American Astronomical Society,time-varying Virgo ram pressure and orbital constraints,resolved,
roediger_hensler_2005,cold_disk_rps,2005,Ram pressure stripping of disk galaxies,"Roediger, E.; Hensler, G.",Astronomy &amp; Astrophysics,433,3,875-895,10.1051/0004-6361:20042131,https://doi.org/10.1051/0004-6361:20042131,journal-article,EDP Sciences,generalized restoring-force estimate and stripping phases,resolved,
roediger_brueggen_2006,cold_disk_rps,2006,Ram pressure stripping of disc galaxies: the role of the inclination angle,"Roediger, Elke; Brüggen, Marcus",Monthly Notices of the Royal Astronomical Society,369,2,567-580,10.1111/j.1365-2966.2006.10335.x,https://doi.org/10.1111/j.1365-2966.2006.10335.x,journal-article,Oxford University Press (OUP),inclination dependence and analytic extension,resolved,
roediger_brueggen_2007,cold_disk_rps,2007,Ram pressure stripping of disc galaxies orbiting in clusters – I. Mass and radius of the remaining gas disc,"Roediger, Elke; Brüggen, Marcus",Monthly Notices of the Royal Astronomical Society,380,4,1399-1408,10.1111/j.1365-2966.2007.12241.x,https://doi.org/10.1111/j.1365-2966.2007.12241.x,journal-article,Oxford University Press (OUP),orbit-dependent tests of stripping radius and mass loss,resolved,
hester_2006,cold_and_hot_rps,2006,Ram Pressure Stripping in Clusters and Groups,"Hester, J. A.",The Astrophysical Journal,647,2,910-921,10.1086/505614,https://doi.org/10.1086/505614,journal-article,American Astronomical Society,analytic cluster-group stripping susceptibility,resolved,
mccarthy_etal_2008,hot_halo_rps,2008,Ram pressure stripping the hot gaseous haloes of galaxies in groups and clusters,"McCarthy, I. G.; Frenk, C. S.; Font, A. S.; Lacey, C. G.; Bower, R. G.; Mitchell, N. L.; Balogh, M. L.; Theuns, T.",Monthly Notices of the Royal Astronomical Society,383,2,593-605,10.1111/j.1365-2966.2007.12577.x,https://doi.org/10.1111/j.1365-2966.2007.12577.x,journal-article,Oxford University Press (OUP),spherical hot-halo stripping prescription,resolved,
tonnesen_bryan_2008,model_validation,2008,The Impact of ICM Substructure on Ram Pressure Stripping,"Tonnesen, Stephanie; Bryan, Greg L.",The Astrophysical Journal,684,1,L9-L12,10.1086/592066,https://doi.org/10.1086/592066,journal-article,American Astronomical Society,ICM substructure as a failure mode for smooth analytic pressure,resolved,
vollmer_2009,individual_inversion,2009,A holistic view on ram pressure stripping in the Virgo cluster,"Vollmer, B.",Astronomy &amp; Astrophysics,502,2,427-435,10.1051/0004-6361/200911892,https://doi.org/10.1051/0004-6361/200911892,journal-article,EDP Sciences,model-based Virgo stripping time sequence,resolved,
koppen_etal_2018,cold_disk_rps,2018,Ram pressure stripping made easy: an analytical approach,"Köppen, J; Jáchym, P; Taylor, R; Palouš, J",Monthly Notices of the Royal Astronomical Society,479,4,4367-4390,10.1093/mnras/sty1610,https://doi.org/10.1093/mnras/sty1610,journal-article,Oxford University Press (OUP),peak-pressure versus impulse analytic framework,resolved,
zinger_etal_2018,hot_halo_rps,2018,Quenching of satellite galaxies at the outskirts of galaxy clusters,"Zinger, Elad; Dekel, Avishai; Kravtsov, Andrey V; Nagai, Daisuke",Monthly Notices of the Royal Astronomical Society,475,3,3654-3681,10.1093/mnras/stx3329,https://doi.org/10.1093/mnras/stx3329,journal-article,Oxford University Press (OUP),analytic stripping and starvation outside cluster virial radius,resolved,
singh_etal_2019,cold_disk_rps,2019,Ram pressure stripping: an analytical approach,"Singh, Ankit; Gulati, Mamta; Bagla, Jasjeet S",Monthly Notices of the Royal Astronomical Society,489,4,5582-5593,10.1093/mnras/stz2523,https://doi.org/10.1093/mnras/stz2523,journal-article,Oxford University Press (OUP),annular analytic acceleration model across halo mass,resolved,
vega_martinez_etal_2022,cluster_icm,2021,A new analytic ram pressure profile for satellite galaxies,"Vega-Martínez, Cristian A; Gómez, Facundo A; Cora, Sofía A; Hough, Tomás",Monthly Notices of the Royal Astronomical Society,509,1,701-715,10.1093/mnras/stab2908,https://doi.org/10.1093/mnras/stab2908,journal-article,Oxford University Press (OUP),simulation-calibrated analytic ram-pressure profile,resolved,
singh_etal_2024,cold_disk_rps,2024,Study of dependence of ram pressure stripping on the orbital parameters of the galaxies,"Singh, Ankit; Davessar, Shreya; Gulati, Mamta; Bagla, Jasjeet Singh; Prajapati, Meenu",Monthly Notices of the Royal Astronomical Society,530,1,699-709,10.1093/mnras/stae730,https://doi.org/10.1093/mnras/stae730,journal-article,Oxford University Press (OUP),orbital and inclination extension of analytic stripping,resolved,
kulier_etal_2023,model_validation,2023,Ram Pressure Stripping in the EAGLE Simulation,"Kulier, Andrea; Poggianti, Bianca; Tonnesen, Stephanie; Smith, Rory; Ignesti, Alessandro; Akerman, Nina; Marasco, Antonino; Vulcani, Benedetta; Moretti, Alessia; Wolter, Anna",The Astrophysical Journal,954,2,177,10.3847/1538-4357/aceda3,https://doi.org/10.3847/1538-4357/aceda3,journal-article,American Astronomical Society,cosmological validation of neutral and ionized analytic stripping,resolved,
ghosh_etal_2024,model_validation,2024,Ram pressure stripping in clusters: gravity can bind the ISM but not the CGM,"Ghosh, Ritali; Dutta, Alankar; Sharma, Prateek",Monthly Notices of the Royal Astronomical Society,531,3,3445-3467,10.1093/mnras/stae1345,https://doi.org/10.1093/mnras/stae1345,journal-article,Oxford University Press (OUP),ISM versus CGM anchoring and drag validation,resolved,
cortese_etal_2021,review,2021,The Dawes Review 9: The role of cold gas stripping on the star formation quenching of satellite galaxies,"Cortese, L.; Catinella, B.; Smith, R.",Publications of the Astronomical Society of Australia,38,,e035,10.1017/pasa.2021.18,https://doi.org/10.1017/pasa.2021.18,journal-article,Cambridge University Press (CUP),cold-gas stripping and quenching review,resolved,
boselli_fossati_sun_2022,review,2022,Ram pressure stripping in high-density environments,"Boselli, Alessandro; Fossati, Matteo; Sun, Ming",The Astronomy and Astrophysics Review,30,1,3,10.1007/s00159-022-00140-3,https://doi.org/10.1007/s00159-022-00140-3,journal-article,Springer Science and Business Media LLC,comprehensive ram-pressure review,resolved,
font_etal_2008,semi_analytic_population,2008,The colours of satellite galaxies in groups and clusters,"Font, A. S.; Bower, R. G.; McCarthy, I. G.; Benson, A. J.; Frenk, C. S.; Helly, J. C.; Lacey, C. G.; Baugh, C. M.; Cole, S.",Monthly Notices of the Royal Astronomical Society,389,4,1619-1629,10.1111/j.1365-2966.2008.13698.x,https://doi.org/10.1111/j.1365-2966.2008.13698.x,journal-article,Oxford University Press (OUP),gradual hot-halo stripping in a galaxy-formation model,resolved,
tecce_etal_2010,semi_analytic_population,2010,Ram pressure stripping in a galaxy formation model - I. A novel numerical approach,"Tecce, Tomás E.; Cora, Sofía A.; Tissera, Patricia B.; Abadi, Mario G.; Lagos, Claudia del P.",Monthly Notices of the Royal Astronomical Society,408,4,2008-2021,10.1111/j.1365-2966.2010.17262.x,https://doi.org/10.1111/j.1365-2966.2010.17262.x,journal-article,Oxford University Press (OUP),local-particle ICM ram pressure in a semi-analytic model,resolved,
tecce_etal_2011,cluster_icm,2011,Ram pressure profiles in galaxy groups and clusters,"Tecce, Tomás E.; Cora, Sofía A.; Tissera, Patricia B.",Monthly Notices of the Royal Astronomical Society,416,4,3170-3176,10.1111/j.1365-2966.2011.19267.x,https://doi.org/10.1111/j.1365-2966.2011.19267.x,journal-article,Oxford University Press (OUP),simulation-calibrated analytic ram-pressure profile,resolved,
luo_etal_2016,semi_analytic_population,2016,Resolution-independent modelling of environmental effects in semi-analytic models of galaxy formation that include ram-pressure stripping of both hot and cold gas,"Luo, Yu; Kang, Xi; Kauffmann, Guinevere; Fu, Jian",Monthly Notices of the Royal Astronomical Society,458,1,366-378,10.1093/mnras/stw268,https://doi.org/10.1093/mnras/stw268,journal-article,Oxford University Press (OUP),resolution-independent hot and cold environmental prescriptions,resolved,
cora_etal_2018,semi_analytic_population,2018,Semi-analytic galaxies – I. Synthesis of environmental and star-forming regulation mechanisms,"Cora, Sofía A; Vega-Martínez, Cristian A; Hough, Tomás; Ruiz, Andrés N; Orsi, Álvaro A; Muñoz Arancibia, Alejandra M; Gargiulo, Ignacio D; Collacchioni, Florencia; Padilla, Nelson D; Gottlöber, Stefan; Yepes, Gustavo",Monthly Notices of the Royal Astronomical Society,479,1,2-24,10.1093/mnras/sty1131,https://doi.org/10.1093/mnras/sty1131,journal-article,Oxford University Press (OUP),"SAG gradual stripping, tides, and orphan orbits",resolved,
ayromlou_etal_2019,semi_analytic_population,2019,A new method to quantify environment and model ram-pressure stripping in N-body simulations,"Ayromlou, Mohammadreza; Nelson, Dylan; Yates, Robert M; Kauffmann, Guinevere; White, Simon D M",Monthly Notices of the Royal Astronomical Society,487,3,4313-4331,10.1093/mnras/stz1549,https://doi.org/10.1093/mnras/stz1549,journal-article,Oxford University Press (OUP),local background environment estimator beyond virial radii,resolved,
ayromlou_etal_2021,semi_analytic_population,2021,Galaxy formation with L-GALAXIES: modelling the environmental dependency of galaxy evolution and comparing with observations,"Ayromlou, Mohammadreza; Kauffmann, Guinevere; Yates, Robert M; Nelson, Dylan; White, Simon D M",Monthly Notices of the Royal Astronomical Society,505,1,492-514,10.1093/mnras/stab1245,https://doi.org/10.1093/mnras/stab1245,journal-article,Oxford University Press (OUP),continuous L-GALAXIES environmental stripping beyond virial radii,resolved,
xie_etal_2020,semi_analytic_population,2020,The influence of environment on satellite galaxies in the GAEA semi-analytic model,"Xie, Lizhi; De Lucia, Gabriella; Hirschmann, Michaela; Fontanot, Fabio",Monthly Notices of the Royal Astronomical Society,498,3,4327-4344,10.1093/mnras/staa2370,https://doi.org/10.1093/mnras/staa2370,journal-article,Oxford University Press (OUP),GAEA hot and cold gas environmental evolution,resolved,
stevens_brown_2017,semi_analytic_population,2017,Physical drivers of galaxies’ cold-gas content: exploring environmental and evolutionary effects with Dark Sage,"Stevens, Adam R. H.; Brown, Toby",Monthly Notices of the Royal Astronomical Society,471,1,447-462,10.1093/mnras/stx1596,https://doi.org/10.1093/mnras/stx1596,journal-article,Oxford University Press (OUP),Dark Sage annular cold-gas and environmental evolution,resolved,
wang_etal_2024,model_comparison,2024,Environmental effects on satellite galaxies from the perspective of cold gas,"Chen, Hongxing; Xie, Lizhi; Wang, Jie; Hu, Wenkai; De Lucia, Gabriella; Fontanot, Fabio; Hirschamnn, Michaela",Monthly Notices of the Royal Astronomical Society,528,2,2451-2463,10.1093/mnras/stae162,https://doi.org/10.1093/mnras/stae162,journal-article,Oxford University Press (OUP),"cold-gas comparison of SAMs, simulations, and observations",resolved,
brown_etal_2017,model_validation,2017,Cold gas stripping in satellite galaxies: from pairs to clusters,"Brown, Toby; Catinella, Barbara; Cortese, Luca; Lagos, Claudia del P.; Davé, Romeel; Kilborn, Virginia; Haynes, Martha P.; Giovanelli, Riccardo; Rafieferantsoa, Mika",Monthly Notices of the Royal Astronomical Society,466,2,1275-1289,10.1093/mnras/stw2991,https://doi.org/10.1093/mnras/stw2991,journal-article,Oxford University Press (OUP),observational constraint showing starvation alone is insufficient for HI,resolved,
oman_etal_2013,phase_space,2013,Disentangling satellite galaxy populations using orbit tracking in simulations,"Oman, Kyle A.; Hudson, Michael J.; Behroozi, Peter S.",Monthly Notices of the Royal Astronomical Society,431,3,2307-2316,10.1093/mnras/stt328,https://doi.org/10.1093/mnras/stt328,journal-article,Oxford University Press (OUP),simulation mapping from phase space to orbital history,resolved,
mamon_etal_2010,phase_space,2010,The universal distribution of halo interlopers in projected phase space,"Mamon, G. A.; Biviano, A.; Murante, G.",Astronomy and Astrophysics,520,,A30,10.1051/0004-6361/200913948,https://doi.org/10.1051/0004-6361/200913948,journal-article,EDP Sciences,projected-phase-space interloper distribution and clipping model,resolved,
mahajan_etal_2011,phase_space,2011,The velocity modulation of galaxy properties in and near clusters: quantifying the decrease in star formation in backsplash galaxies,"Mahajan, Smriti; Mamon, Gary A.; Raychaudhury, Somak",Monthly Notices of the Royal Astronomical Society,416,4,2882-2902,10.1111/j.1365-2966.2011.19236.x,https://doi.org/10.1111/j.1365-2966.2011.19236.x,journal-article,Oxford University Press (OUP),probabilistic virial-infall-backsplash populations in phase space,resolved,
hernandez_fernandez_etal_2014,phase_space,2014,Star formation activity and gas stripping in the Cluster Projected Phase-Space (CPPS),"Hernández-Fernández, Jonathan D.; Haines, C. P.; Diaferio, A.; Iglesias-Páramo, J.; Mendes de Oliveira, C.; Vilchez, J. M.",Monthly Notices of the Royal Astronomical Society,438,3,2186-2200,10.1093/mnras/stt2354,https://doi.org/10.1093/mnras/stt2354,journal-article,Oxford University Press (OUP),observational cluster phase space with analytic RPS intensity,resolved,
oman_hudson_2016,phase_space,2016,Satellite quenching time-scales in clusters from projected phase space measurements matched to simulated orbits,"Oman, Kyle A.; Hudson, Michael J.",Monthly Notices of the Royal Astronomical Society,463,3,3083-3095,10.1093/mnras/stw2195,https://doi.org/10.1093/mnras/stw2195,journal-article,Oxford University Press (OUP),projected-phase-space plus delay-time quenching model,resolved,
rhee_etal_2017,phase_space,2017,Phase-space Analysis in the Group and Cluster Environment: Time Since Infall and Tidal Mass Loss,"Rhee, Jinsu; Smith, Rory; Choi, Hoseung; Yi, Sukyoung K.; Jaffé, Yara; Candlish, Graeme; Sánchez-Jánssen, Ruben",The Astrophysical Journal,843,2,128,10.3847/1538-4357/aa6d6c,https://doi.org/10.3847/1538-4357/aa6d6c,journal-article,American Astronomical Society,infall-time and tidal-loss zones in projected phase space,resolved,
yoon_etal_2017,phase_space,2017,A History of H i Stripping in Virgo: A Phase-space View of VIVA Galaxies,"Yoon, Hyein; Chung, Aeree; Smith, Rory; Jaffé, Yara L.",The Astrophysical Journal,838,2,81,10.3847/1538-4357/aa6579,https://doi.org/10.3847/1538-4357/aa6579,journal-article,American Astronomical Society,Virgo HI stripping classes in projected phase space,resolved,
jaffe_etal_2015,phase_space,2015,BUDHIES II: a phase-space view of H i gas stripping and star formation quenching in cluster galaxies,"Jaffé, Yara L.; Smith, Rory; Candlish, Graeme N.; Poggianti, Bianca M.; Sheen, Yun-Kyeong; Verheijen, Marc A. W.",Monthly Notices of the Royal Astronomical Society,448,2,1715-1728,10.1093/mnras/stv100,https://doi.org/10.1093/mnras/stv100,journal-article,Oxford University Press (OUP),analytic RPS region embedded in simulated phase space,resolved,
jaffe_etal_2018,phase_space,2018,GASP. IX. Jellyfish galaxies in phase-space: an orbital study of intense ram-pressure stripping in clusters,"Jaffé, Yara L; Poggianti, Bianca M; Moretti, Alessia; Gullieuszik, Marco; Smith, Rory; Vulcani, Benedetta; Fasano, Giovanni; Fritz, Jacopo; Tonnesen, Stephanie; Bettoni, Daniela; Hau, George; Biviano, Andrea; Bellhouse, Callum; McGee, Sean",Monthly Notices of the Royal Astronomical Society,476,4,4753-4764,10.1093/mnras/sty500,https://doi.org/10.1093/mnras/sty500,journal-article,Oxford University Press (OUP),jellyfish locations and analytic stripping contours,resolved,
jaffe_etal_2018_erratum,errata,2019,Erratum: GASP. IX. Jellyfish galaxies in phase-space: an orbital study of intense ram-pressure stripping in clusters,"Jaffé, Yara L; Poggianti, Bianca M; Moretti, Alessia; Gullieuszik, Marco; Smith, Rory; Vulcani, Benedetta; Fasano, Giovanni; Fritz, Jacopo; Tonnesen, Stephanie; Bettoni, Daniela; Hau, George; Biviano, Andrea; Bellhouse, Callum; McGee, Sean",Monthly Notices of the Royal Astronomical Society,482,3,3454-3457,10.1093/mnras/sty2774,https://doi.org/10.1093/mnras/sty2774,journal-article,Oxford University Press (OUP),published correction to RPS values and figures,resolved,
pasquali_etal_2019,phase_space,2019,Physical properties of SDSS satellite galaxies in projected phase space,"Pasquali, A; Smith, R; Gallazzi, A; De Lucia, G; Zibetti, S; Hirschmann, M; Yi, S K",Monthly Notices of the Royal Astronomical Society,484,2,1702-1723,10.1093/mnras/sty3530,https://doi.org/10.1093/mnras/sty3530,journal-article,Oxford University Press (OUP),mean infall-time zones for projected phase space,resolved,
oman_etal_2021,quenching_clock,2021,A homogeneous measurement of the delay between the onsets of gas stripping and star formation quenching in satellite galaxies of groups and clusters,"Oman, Kyle A; Bahé, Yannick M; Healy, Julia; Hess, Kelley M; Hudson, Michael J; Verheijen, Marc A W",Monthly Notices of the Royal Astronomical Society,501,4,5073-5095,10.1093/mnras/staa3845,https://doi.org/10.1093/mnras/staa3845,journal-article,Oxford University Press (OUP),orbit-PDF delay between gas stripping and star-formation quenching,resolved,
wetzel_etal_2013,quenching_clock,2013,Galaxy evolution in groups and clusters: satellite star formation histories and quenching time-scales in a hierarchical Universe,"Wetzel, Andrew R.; Tinker, Jeremy L.; Conroy, Charlie; van den Bosch, Frank C.",Monthly Notices of the Royal Astronomical Society,432,1,336-358,10.1093/mnras/stt469,https://doi.org/10.1093/mnras/stt469,journal-article,Oxford University Press (OUP),delayed-then-rapid empirical satellite quenching,resolved,
baxter_etal_2022,quenching_clock,2022,The GOGREEN survey: constraining the satellite quenching time-scale in massive clusters at <i>z</i> ≳ 1,"Baxter, Devontae C; Cooper, M C; Balogh, Michael L; Carleton, Timothy; Cerulo, Pierluigi; De Lucia, Gabriella; Demarco, Ricardo; McGee, Sean; Muzzin, Adam; Nantais, Julie; Pintos-Castro, Irene; Reeves, Andrew M M; Rudnick, Gregory H; Sarron, Florian; van der Burg, Remco F J; Vulcani, Benedetta; Wilson, Gillian; Zaritsky, Dennis",Monthly Notices of the Royal Astronomical Society,515,4,5479-5494,10.1093/mnras/stac2149,https://doi.org/10.1093/mnras/stac2149,journal-article,Oxford University Press (OUP),GOGREEN simulation-matched quenching-time model,resolved,
reeves_etal_2023,quenching_clock,2023,Constraining quenching time-scales in galaxy clusters by forward-modelling stellar ages and quiescent fractions in projected phase space,"Reeves, Andrew M M; Hudson, Michael J; Oman, Kyle A",Monthly Notices of the Royal Astronomical Society,522,2,1779-1799,10.1093/mnras/stad1069,https://doi.org/10.1093/mnras/stad1069,journal-article,Oxford University Press (OUP),forward model of stellar ages and quiescent fractions in phase space,resolved,
baxter_etal_2023,quenching_clock,2023,When the well runs dry: modelling environmental quenching of high-mass satellites in massive clusters at <i>z</i> ≳ 1,"Baxter, Devontae C; Cooper, M C; Balogh, Michael L; Rudnick, Gregory H; De Lucia, Gabriella; Demarco, Ricardo; Finoguenov, Alexis; Forrest, Ben; Muzzin, Adam; Reeves, Andrew M M; Sarron, Florian; Vulcani, Benedetta; Wilson, Gillian; Zaritsky, Dennis",Monthly Notices of the Royal Astronomical Society,526,3,3716-3729,10.1093/mnras/stad2995,https://doi.org/10.1093/mnras/stad2995,journal-article,Oxford University Press (OUP),MCMC onset-radius and time-scale model for high-redshift clusters,resolved,
masson_parker_2026,phase_space,2026,Calibrating Galaxy Infall Times in Groups and Clusters with IllustrisTNG Simulations,"Masson, Florine; Parker, Laura C.",The Astrophysical Journal,1000,2,194,10.3847/1538-4357/ae4e21,https://doi.org/10.3847/1538-4357/ae4e21,journal-article,American Astronomical Society,continuous symbolic-regression infall-time estimator calibrated on IllustrisTNG,resolved,
balogh_navarro_morris_2000,starvation,2000,The Origin of Star Formation Gradients in Rich Galaxy Clusters,"Balogh, Michael L.; Navarro, Julio F.; Morris, Simon L.",The Astrophysical Journal,540,1,113-121,10.1086/309323,https://doi.org/10.1086/309323,journal-article,American Astronomical Society,gas-consumption model for star-formation gradients,resolved,
lilly_etal_2013,gas_regulator,2013,"GAS REGULATION OF GALAXIES: THE EVOLUTION OF THE COSMIC SPECIFIC STAR FORMATION RATE, THE METALLICITY-MASS-STAR-FORMATION RATE RELATION, AND THE STELLAR CONTENT OF HALOS","Lilly, Simon J.; Carollo, C. Marcella; Pipino, Antonio; Renzini, Alvio; Peng, Yingjie",The Astrophysical Journal,772,2,119,10.1088/0004-637X/772/2/119,https://doi.org/10.1088/0004-637x/772/2/119,journal-article,American Astronomical Society,gas-regulator equilibrium framework,resolved,
peng_maiolino_2014,gas_regulator,2014,From haloes to Galaxies – I. The dynamics of the gas regulator model and the implied cosmic sSFR history,"Peng, Ying-jie; Maiolino, Roberto",Monthly Notices of the Royal Astronomical Society,443,4,3643-3664,10.1093/mnras/stu1288,https://doi.org/10.1093/mnras/stu1288,journal-article,Oxford University Press (OUP),time-dependent analytic gas regulator,resolved,
carton_etal_2015,gas_regulator,2015,Gas-phase metallicity profiles of the Bluedisk galaxies: Is metallicity in a local star formation regulated equilibrium?,"Carton, David; Brinchmann, Jarle; Wang, Jing; Bigiel, Frank; Cormier, Diane; Hulst, Thijs van der; Józsa, Gyula I. G.; Serra, Paolo; Verheijen, Marc A. W.",Monthly Notices of the Royal Astronomical Society,451,1,210-235,10.1093/mnras/stv967,https://doi.org/10.1093/mnras/stv967,journal-article,Oxford University Press (OUP),local metallicity equilibrium model,resolved,
peng_etal_2015,chemical_clock,2015,Strangulation as the primary mechanism for shutting down star formation in galaxies,"Peng, Y.; Maiolino, R.; Cochrane, R.",Nature,521,7551,192-195,10.1038/nature14439,https://doi.org/10.1038/nature14439,journal-article,Springer Science and Business Media LLC,closed-box strangulation inference from stellar metallicity,resolved,
trussler_etal_2020,chemical_clock,2020,Both starvation and outflows drive galaxy quenching,"Trussler, James; Maiolino, Roberto; Maraston, Claudia; Peng, Yingjie; Thomas, Daniel; Goddard, Daniel; Lian, Jianhui",Monthly Notices of the Royal Astronomical Society,491,4,5406-5434,10.1093/mnras/stz3286,https://doi.org/10.1093/mnras/stz3286,journal-article,Oxford University Press (OUP),closed- and leaky-box quenching models,resolved,
trussler_etal_2021,chemical_clock,2020,The weak imprint of environment on the stellar populations of galaxies,"Trussler, James; Maiolino, Roberto; Maraston, Claudia; Peng, Yingjie; Thomas, Daniel; Goddard, Daniel; Lian, Jianhui",Monthly Notices of the Royal Astronomical Society,500,4,4469-4490,10.1093/mnras/staa3545,https://doi.org/10.1093/mnras/staa3545,journal-article,Oxford University Press (OUP),environmental selection caveat for metallicity clocks,resolved,
fillingham_etal_2016,transport,2016,Under pressure: quenching star formation in low-mass satellite galaxies via stripping,"Fillingham, Sean P.; Cooper, Michael C.; Pace, Andrew B.; Boylan-Kolchin, Michael; Bullock, James S.; Garrison-Kimmel, Shea; Wheeler, Coral",Monthly Notices of the Royal Astronomical Society,463,2,1916-1928,10.1093/mnras/stw2131,https://doi.org/10.1093/mnras/stw2131,journal-article,Oxford University Press (OUP),analytic ram-pressure and turbulent-viscous stripping of low-mass satellites,resolved,
boselli_etal_2006,individual_inversion,2006,The Fate of Spiral Galaxies in Clusters: The Star Formation History of the Anemic Virgo Cluster Galaxy NGC 4569,"Boselli, A.; Boissier, S.; Cortese, L.; de Paz, A. Gil; Seibert, M.; Madore, B. F.; Buat, V.; Martin, D. C.",The Astrophysical Journal,651,2,811-821,10.1086/507766,https://doi.org/10.1086/507766,journal-article,American Astronomical Society,chemo-spectrophotometric starvation-versus-RPS test for NGC 4569,resolved,
boselli_etal_2008,individual_inversion,2008,The Origin of Dwarf Ellipticals in the Virgo Cluster,"Boselli, A.; Boissier, S.; Cortese, L.; Gavazzi, G.",The Astrophysical Journal,674,2,742-767,10.1086/525513,https://doi.org/10.1086/525513,journal-article,American Astronomical Society,multizone dwarf transformation under RPS and starvation,resolved,
fossati_etal_2018,individual_inversion,2018,A Virgo Environmental Survey Tracing Ionised Gas Emission (VESTIGE),"Fossati, M.; Mendel, J. T.; Boselli, A.; Cuillandre, J. C.; Vollmer, B.; Boissier, S.; Consolandi, G.; Ferrarese, L.; Gwyn, S.; Amram, P.; Boquien, M.; Buat, V.; Burgarella, D.; Cortese, L.; Côté, P.; Côté, S.; Durrell, P.; Fumagalli, M.; Gavazzi, G.; Gomez-Lopez, J.; Hensler, G.; Koribalski, B.; Longobardi, A.; Peng, E. W.; Roediger, J.; Sun, M.; Toloba, E.",Astronomy &amp; Astrophysics,614,,A57,10.1051/0004-6361/201732373,https://doi.org/10.1051/0004-6361/201732373,journal-article,EDP Sciences,resolved quenching chronology for NGC 4330,resolved,
broderick_etal_2025,quenching_clock,2025,Truncated Star Formation and Ram Pressure Stripping in the Coma Cluster,"Broderick, Ariel O.; Roberts, Ian D.; Hudson, Michael J.",The Astrophysical Journal,986,2,132,10.3847/1538-4357/add739,https://doi.org/10.3847/1538-4357/add739,journal-article,American Astronomical Society,toy outside-in slow-then-rapid Coma model,resolved,
vollmer_etal_2008,individual_inversion,2008,Pre-peak ram pressure stripping in the Virgo cluster spiral galaxy NGC 4501,"Vollmer, B.; Soida, M.; Chung, A.; van Gorkom, J. H.; Otmianowska-Mazur, K.; Beck, R.; Urbanik, M.; Kenney, J. D. P.",Astronomy &amp; Astrophysics,483,1,89-106,10.1051/0004-6361:20078139,https://doi.org/10.1051/0004-6361:20078139,journal-article,EDP Sciences,pre-peak NGC 4501 dynamical model,resolved,
vollmer_etal_2018,individual_inversion,2018,Two uneven sisters,"Vollmer, B.; Pappalardo, C.; Soida, M.; Lançon, A.",Astronomy &amp; Astrophysics,620,,A108,10.1051/0004-6361/201731910,https://doi.org/10.1051/0004-6361/201731910,journal-article,EDP Sciences,post-peak NGC 4388 dynamical model,resolved,
vollmer_etal_2006,individual_inversion,2006,A dynamical model for the heavily ram pressure stripped Virgo spiral galaxy NGC 4522,"Vollmer, B.; Soida, M.; Otmianowska-Mazur, K.; Kenney, J. D. P.; van Gorkom, J. H.; Beck, R.",Astronomy &amp; Astrophysics,453,3,883-893,10.1051/0004-6361:20064954,https://doi.org/10.1051/0004-6361:20064954,journal-article,EDP Sciences,NGC 4522 dynamical RPS model,resolved,
vollmer_etal_2004,individual_inversion,2004,NGC 4569: Recent evidence for a past ram pressure stripping event,"Vollmer, B.; Balkowski, C.; Cayatte, V.; van Driel, W.; Huchtmeier, W.",Astronomy &amp; Astrophysics,419,1,35-46,10.1051/0004-6361:20034552,https://doi.org/10.1051/0004-6361:20034552,journal-article,EDP Sciences,NGC 4569 dynamical RPS model,resolved,
vollmer_etal_2012,individual_inversion,2012,Ram pressure stripping of the multiphase ISM and star formation in the Virgo spiral galaxy NGC 4330,"Vollmer, B.; Soida, M.; Braine, J.; Abramson, A.; Beck, R.; Chung, A.; Crowl, H. H.; Kenney, J. D. P.; van Gorkom, J. H.",Astronomy &amp; Astrophysics,537,,A143,10.1051/0004-6361/201117680,https://doi.org/10.1051/0004-6361/201117680,journal-article,EDP Sciences,NGC 4330 multiwavelength RPS model,resolved,
vollmer_etal_2021,individual_inversion,2021,A Virgo Environmental Survey Tracing Ionised Gas Emission (VESTIGE),"Vollmer, B.; Fossati, M.; Boselli, A.; Soida, M.; Gwyn, S.; Cuillandre, J. C.; Amram, Ph.; Boissier, S.; Boquien, M.; Hensler, G.",Astronomy &amp; Astrophysics,645,,A121,10.1051/0004-6361/202038507,https://doi.org/10.1051/0004-6361/202038507,journal-article,EDP Sciences,NGC 4330 spectro-dynamical RPS model,resolved,
consolandi_etal_2024,candidate_diagnostic,2024,Diagnostic diagrams for ram pressure stripped candidates,"Krabbe, A C; Hernandez-Jimenez, J A; Mendes de Oliveira, C; Jaffe, Y L; Oliveira, C B; Cardoso, N M; Smith Castelli, A V; Dors, O L; Cortesi, A; Crossett, J P",Monthly Notices of the Royal Astronomical Society,528,2,1125-1141,10.1093/mnras/stad3881,https://doi.org/10.1093/mnras/stad3881,journal-article,Oxford University Press (OUP),morphological diagnostic diagrams for RPS candidates,resolved,
