doi,arxiv,bibcode,year,title,authors,journal,volume,page,publication_status,access_level,galaxy_scope,evidence_strength,source_locator,doi_url,ads_url,arxiv_url,metadata_check
10.1086/151605,,,1972,On the Infall of Matter Into Clusters of Galaxies and Some Effects on Their Evolution,"Gunn, James E.; Gott, J. Richard, III",The Astrophysical Journal,176,1,peer reviewed,full text or accepted manuscript,framework,Gunn-Gott stripping criterion,Sec. II,https://doi.org/10.1086/151605,,,Crossref resolved; local SIMBAD/ADS snapshot not object-linked; checked 2026-08-12
10.1086/117768,,1996AJ....111..152K,1996,Evidence for a merger in the peculiar Virgo cluster Sa galaxy NGC 4424.,"Kenney, Jeffrey D. P.; Koopmann, Rebecca A.; Rubin, Vera C.; Young, Judith S.",The Astronomical Journal,111,152,peer reviewed,full text or accepted manuscript,NGC4424,direct stellar morphology and kinematics,Secs. 3-5,https://doi.org/10.1086/117768,https://ui.adsabs.harvard.edu/abs/1996AJ....111..152K/abstract,,Crossref resolved; local SIMBAD/ADS snapshot matched; checked 2026-08-12
10.1086/312111,astro-ph/9904087,1999ApJ...519L.127B,1999,The bulge-disk orthogonal decoupling in galaxies: NGC 4698.,"Bertola, F.; Corsini, E. M.; Beltrán, J. C. Vega; Pizzella, A.; Sarzi, M.; Cappellari, M.; Funes, S.J., J. G.",The Astrophysical Journal,519,L127-L130,peer reviewed,full text,NGC4698,direct stellar and gas kinematics,pp. L128-L130,https://doi.org/10.1086/312111,https://ui.adsabs.harvard.edu/abs/1999ApJ...519L.127B/abstract,https://arxiv.org/abs/astro-ph/9904087,Crossref resolved; local SIMBAD/ADS snapshot matched; checked 2026-08-12
10.1086/338353,astro-ph/0110473,2002ApJ...567..118Y,2002,Discovery of a very extended emission-line region around the Seyfert 2 galaxy NGC 4388.,"Yoshida, Michitoshi; Yagi, Masafumi; Okamura, Sadanori; Aoki, Kentaro; Ohyama, Youichi; Komiyama, Yutaka; Yasuda, Naoki; Iye, Masanori; Kashikawa, Nobunari; Doi, Mamoru; Furusawa, Hisanori; Hamabe, Masaru; Kimura, Masahiko; Miyazaki, Masayuki; Miyazaki, Satoshi; Nakata, Fumiaki; Ouchi, Masami; Sekiguchi, Maki; Shimasaku, Kazuhiro; Ohtani, Hiroshi",The Astrophysical Journal,567,118-129,peer reviewed,full text,NGC4388,direct ionized-gas observations,Secs. 3-5,https://doi.org/10.1086/338353,https://ui.adsabs.harvard.edu/abs/2002ApJ...567..118Y/abstract,https://arxiv.org/abs/astro-ph/0110473,Crossref resolved; local SIMBAD/ADS snapshot matched; checked 2026-08-12
10.1051/0004-6361:20021729,astro-ph/0211321,2003A&A...398..525V,2003,NGC 4654: Gravitational interaction or ram pressure stripping?,"Vollmer, B.",Astronomy &amp; Astrophysics,398,525-539,peer reviewed,full text,NGC4654,tailored numerical modelling,Secs. 3-6,https://doi.org/10.1051/0004-6361:20021729,https://ui.adsabs.harvard.edu/abs/2003A&A...398..525V/abstract,https://arxiv.org/abs/astro-ph/0211321,Crossref resolved; local SIMBAD/ADS snapshot matched; checked 2026-08-12
10.1086/420805,astro-ph/0403103,2004AJ....127.3361K,2004,VLA HiObservations of Gas Stripping in the Virgo Cluster Spiral NGC 4522,"Kenney, Jeffrey D. P.; van Gorkom, J. H.; Vollmer, B.",The Astronomical Journal,127,3361-3374,peer reviewed,full text,NGC4522,direct resolved observations,Secs. 3-5,https://doi.org/10.1086/420805,https://ui.adsabs.harvard.edu/abs/2004AJ....127.3361K/abstract,https://arxiv.org/abs/astro-ph/0403103,Crossref resolved; local SIMBAD/ADS snapshot matched; checked 2026-08-12
10.1086/423191,astro-ph/0406243,2004ApJ...613..866K,2004,H{alpha} morphologies and environmental effects in Virgo cluster spiral galaxies.,"Koopmann, Rebecca A.; Kenney, Jeffrey D. P.",The Astrophysical Journal,613,866-885,peer reviewed,full text,32 components,direct resolved observations,Secs. 3-5; Tables 3-5,https://doi.org/10.1086/423191,https://ui.adsabs.harvard.edu/abs/2004ApJ...613..866K/abstract,https://arxiv.org/abs/astro-ph/0406243,Crossref resolved; local SIMBAD/ADS snapshot matched; checked 2026-08-12
10.1051/0004-6361:20034552,astro-ph/0401567,2004A&A...419...35V,2004,NGC 4569: Recent evidence for a past ram pressure stripping event.,"Vollmer, B.; Balkowski, C.; Cayatte, V.; van Driel, W.; Huchtmeier, W.",Astronomy &amp; Astrophysics,419,35-46,peer reviewed,full text,NGC4569,tailored dynamical modelling,Secs. 3-5,https://doi.org/10.1051/0004-6361:20034552,https://ui.adsabs.harvard.edu/abs/2004A&A...419...35V/abstract,https://arxiv.org/abs/astro-ph/0401567,Crossref resolved; local SIMBAD/ADS snapshot matched; checked 2026-08-12
10.1086/380221,astro-ph/0310044,2004AJ....127...90Y,2004,Subaru deep spectroscopy of the very extended emission-line region of NGC 4388: ram pressure stripped gas ionized by nuclear radiation.,"Yoshida, Michitoshi; Ohyama, Youichi; Iye, Masanori; Aoki, Kentaro; Kashikawa, Nobunari; Sasaki, Toshiyuki; Shimasaku, Kazuhiro; Yagi, Masafumi; Okamura, Sadanori; Doi, Mamoru; Furusawa, Hisanori; Hamabe, Masaru; Kimura, Masahiko; Komiyama, Yutaka; Miyazaki, Masayuki; Miyazaki, Satoshi; Nakata, Fumiaki; Ouchi, Masami; Sekiguchi, Maki; Yasuda, Naoki",The Astronomical Journal,127,90-104,peer reviewed,full text,NGC4388,direct spectroscopy,Secs. 3-5,https://doi.org/10.1086/380221,https://ui.adsabs.harvard.edu/abs/2004AJ....127...90Y/abstract,https://arxiv.org/abs/astro-ph/0310044,Crossref resolved; local SIMBAD/ADS snapshot matched; checked 2026-08-12
10.1086/430526,astro-ph/0503422,2005AJ....130...65C,2005,Dense cloud ablation and ram pressure stripping of the Virgo spiral NGC 4402.,"Crowl, Hugh H.; Kenney, Jeffrey D. P.; van Gorkom, J. H.; Vollmer, Bernd",The Astronomical Journal,130,65-72,peer reviewed,full text,NGC4402,direct dust and gas observations,Secs. 3-5,https://doi.org/10.1086/430526,https://ui.adsabs.harvard.edu/abs/2005AJ....130...65C/abstract,https://arxiv.org/abs/astro-ph/0503422,Crossref resolved; local SIMBAD/ADS snapshot matched; checked 2026-08-12
10.1051/0004-6361:200500127,astro-ph/0505397,2005A&A...437L..19O,2005,A large H I cloud near the centre of the Virgo cluster,"Oosterloo, T.; van Gorkom, J.",Astronomy &amp; Astrophysics,437,L19-L22,peer reviewed,full text,NGC4388,direct resolved observations,pp. L20-L22,https://doi.org/10.1051/0004-6361:200500127,https://ui.adsabs.harvard.edu/abs/2005A&A...437L..19O/abstract,https://arxiv.org/abs/astro-ph/0505397,Crossref resolved; local SIMBAD/ADS snapshot matched; checked 2026-08-12
10.1051/0004-6361:20041350,astro-ph/0505021,2005A&A...439..921V,2005,NGC 4254: a spiral galaxy entering the Virgo cluster.,"Vollmer, B.; Huchtmeier, W.; van Driel, W.",Astronomy &amp; Astrophysics,439,921-933,peer reviewed,full text,NGC4254,tailored numerical modelling,Secs. 3-6,https://doi.org/10.1051/0004-6361:20041350,https://ui.adsabs.harvard.edu/abs/2005A&A...439..921V/abstract,https://arxiv.org/abs/astro-ph/0505021,Crossref resolved; local SIMBAD/ADS snapshot matched; checked 2026-08-12
10.1051/0004-6361:20053819,astro-ph/0510106,2006A&A...447..465C,2006,Large-scale magnetized outflows from the Virgo Cluster spiral NGC 4569. A galactic wind in a ram pressure wind.,"Chyży, K. T.; Soida, M.; Bomans, D. J.; Vollmer, B.; Balkowski, Ch.; Beck, R.; Urbanik, M.",Astronomy &amp; Astrophysics,447,465-472,peer reviewed,full text,NGC4569,direct radio observations,Secs. 3-5,https://doi.org/10.1051/0004-6361:20053819,https://ui.adsabs.harvard.edu/abs/2006A&A...447..465C/abstract,https://arxiv.org/abs/astro-ph/0510106,Crossref resolved; local SIMBAD/ADS snapshot matched; checked 2026-08-12
10.1086/499075,astro-ph/0511081,2006AJ....131..747C,2006,The nature of the peculiar Virgo cluster galaxies NGC 4064 and NGC 4424.,"Cortés, Juan R.; Kenney, Jeffrey D. P.; Hardy, Eduardo",The Astronomical Journal,131,747-770,peer reviewed,full text,NGC4064;NGC4424,direct resolved observations,Secs. 3-6,https://doi.org/10.1086/499075,https://ui.adsabs.harvard.edu/abs/2006AJ....131..747C/abstract,https://arxiv.org/abs/astro-ph/0511081,Crossref resolved; local SIMBAD/ADS snapshot matched; checked 2026-08-12
10.1086/508344,astro-ph/0608229,2006ApJ...649L..75C,2006,The Stellar Population of Stripped Cluster Spiral NGC 4522: A Local Analog to K+A Galaxies?,"Crowl, Hugh H.; Kenney, Jeffrey D. P.",The Astrophysical Journal,649,L75-L78,peer reviewed,full text,NGC4522,stellar-population modelling,pp. L76-L78,https://doi.org/10.1086/508344,https://ui.adsabs.harvard.edu/abs/2006ApJ...649L..75C/abstract,https://arxiv.org/abs/astro-ph/0608229,Crossref resolved; local SIMBAD/ADS snapshot matched; checked 2026-08-12
10.1051/0004-6361:20054791,astro-ph/0608292,2006A&A...458..727S,2006,NGC 4654: polarized radio continuum emission as a diagnostic tool for a galaxy-cluster interaction. Models versus observations.,"Soida, M.; Otmianowska-Mazur, K.; Chyży, K.; Vollmer, B.",Astronomy &amp; Astrophysics,458,727-739,peer reviewed,full text,NGC4654,direct radio observations plus MHD model,Secs. 3-5,https://doi.org/10.1051/0004-6361:20054791,https://ui.adsabs.harvard.edu/abs/2006A&A...458..727S/abstract,https://arxiv.org/abs/astro-ph/0608292,Crossref resolved; local SIMBAD/ADS snapshot matched; checked 2026-08-12
10.1051/0004-6361:20064954,astro-ph/0603854,2006A&A...453..883V,2006,A dynamical model for the heavily ram pressure stripped Virgo spiral galaxy NGC 4522.,"Vollmer, B.; Soida, M.; Otmianowska-Mazur, K.; Kenney, J. D. P.; van Gorkom, J. H.; Beck, R.",Astronomy &amp; Astrophysics,453,883-893,peer reviewed,full text,NGC4522,tailored dynamical modelling,Secs. 3-5,https://doi.org/10.1051/0004-6361:20064954,https://ui.adsabs.harvard.edu/abs/2006A&A...453..883V/abstract,https://arxiv.org/abs/astro-ph/0603854,Crossref resolved; local SIMBAD/ADS snapshot matched; checked 2026-08-12
10.1086/518034,astro-ph/0703338,2007ApJ...659L.115C,2007,Virgo Galaxies with Long One-sided H I Tails,"Chung, Aeree; van Gorkom, J. H.; Kenney, Jeffrey D. P.; Vollmer, Bernd",The Astrophysical Journal,659,L115-L119,peer reviewed,full text,NGC4294;NGC4302;NGC4330;NGC4396;NGC4424;NGC4654,direct resolved observations,pp. L116-L118,https://doi.org/10.1086/518034,https://ui.adsabs.harvard.edu/abs/2007ApJ...659L.115C/abstract,https://arxiv.org/abs/astro-ph/0703338,Crossref resolved; local SIMBAD/ADS snapshot matched; checked 2026-08-12
10.1051/0004-6361:20078335,0709.2733,2007A&A...475..187D,2007,VCC 2062: an old tidal dwarf galaxy in the Virgo cluster?,"Duc, P.-A.; Braine, J.; Lisenfeld, U.; Brinks, E.; Boquien, M.",Astronomy &amp; Astrophysics,475,187-197,peer reviewed,full text,NGC4694,direct HI and CO observations,Secs. 3-6,https://doi.org/10.1051/0004-6361:20078335,https://ui.adsabs.harvard.edu/abs/2007A&A...475..187D/abstract,https://arxiv.org/abs/0709.2733,Crossref resolved; local SIMBAD/ADS snapshot matched; checked 2026-08-12
10.1086/521188,0707.0113,2007ApJ...665L..19H,2007,NGC 4254: an act of harassment uncovered by the Arecibo Legacy Fast ALFA survey.,"Haynes, Martha P.; Giovanelli, Riccardo; Kent, Brian R.",The Astrophysical Journal,665,L19-L22,peer reviewed,full text,NGC4254,direct resolved observations,pp. L20-L22,https://doi.org/10.1086/521188,https://ui.adsabs.harvard.edu/abs/2007ApJ...665L..19H/abstract,https://arxiv.org/abs/0707.0113,Crossref resolved; local SIMBAD/ADS snapshot matched; checked 2026-08-12
10.1111/j.1365-2966.2007.12525.x,0709.4532,2008MNRAS.383..173K,2007,Low radio frequency signatures of ram pressure stripping in Virgo spiral NGC 4254.,"Kantharia, N. G.; Rao, A. Pramesh; Sirothia, S. K.",Monthly Notices of the Royal Astronomical Society,383,173-182,peer reviewed,full text,NGC4254,direct radio observations,Secs. 3-5,https://doi.org/10.1111/j.1365-2966.2007.12525.x,https://ui.adsabs.harvard.edu/abs/2008MNRAS.383..173K/abstract,https://arxiv.org/abs/0709.4532,Crossref resolved; local SIMBAD/ADS snapshot matched; checked 2026-08-12
10.1088/0004-6256/136/4/1623,0807.3747,2008AJ....136.1623C,2008,The stellar populations of stripped spiral galaxies in the Virgo cluster.,"Crowl, Hugh H.; Kenney, Jeffrey D. P.",The Astronomical Journal,136,1623-1644,peer reviewed,full text,IC3392;NGC4064;NGC4388;NGC4402;NGC4405;NGC4419;NGC4424;NGC4522;NGC4569;NGC4580,stellar-population modelling,Secs. 3-5; Tables 3-5,https://doi.org/10.1088/0004-6256/136/4/1623,https://ui.adsabs.harvard.edu/abs/2008AJ....136.1623C/abstract,https://arxiv.org/abs/0807.3747,Crossref resolved; local SIMBAD/ADS snapshot matched; checked 2026-08-12
10.1086/524868,0710.3867,2008ApJ...673..787D,2008,Tidal debris from high-velocity collisions as fake dark galaxies: a numerical model of VIRGOHI 21.,"Duc, Pierre‐Alain; Bournaud, Frederic",The Astrophysical Journal,673,787-797,peer reviewed,full text,NGC4254,tailored numerical modelling,Secs. 2-5,https://doi.org/10.1086/524868,https://ui.adsabs.harvard.edu/abs/2008ApJ...673..787D/abstract,https://arxiv.org/abs/0710.3867,Crossref resolved; local SIMBAD/ADS snapshot matched; checked 2026-08-12
10.1051/0004-6361:20078139,0801.4874,2008A&A...483...89V,2008,Pre-peak ram pressure stripping in the Virgo cluster spiral galaxy NGC 4501.,"Vollmer, B.; Soida, M.; Chung, A.; van Gorkom, J. H.; Otmianowska-Mazur, K.; Beck, R.; Urbanik, M.; Kenney, J. D. P.",Astronomy &amp; Astrophysics,483,89-106,peer reviewed,full text,NGC4501,tailored multiwavelength modelling,Secs. 3-5,https://doi.org/10.1051/0004-6361:20078139,https://ui.adsabs.harvard.edu/abs/2008A&A...483...89V/abstract,https://arxiv.org/abs/0801.4874,Crossref resolved; local SIMBAD/ADS snapshot matched; checked 2026-08-12
10.1088/0004-6256/138/6/1741,0909.0781,2009AJ....138.1741C,2009,VLA imaging of Virgo spirals in atomic gas (VIVA). I. The atlas and the H I properties.,"Chung, Aeree; van Gorkom, J. H.; Kenney, Jeffrey D. P.; Crowl, Hugh; Vollmer, Bernd",The Astronomical Journal,138,1741-1816,peer reviewed,full text,all,direct resolved observations,Appendix pp. 14-26; Tables 1-4,https://doi.org/10.1088/0004-6256/138/6/1741,https://ui.adsabs.harvard.edu/abs/2009AJ....138.1741C/abstract,https://arxiv.org/abs/0909.0781,Crossref resolved; local SIMBAD/ADS snapshot matched; checked 2026-08-12
10.1051/0004-6361/200911892,0905.1770,2009A&A...502..427V,2009,A holistic view on ram pressure stripping in the Virgo cluster. The first complete model-based time sequence.,"Vollmer, B.",Astronomy &amp; Astrophysics,502,427-435,peer reviewed,full text,NGC4330;NGC4388;NGC4501;NGC4522;NGC4569,tailored multiwavelength modelling,Secs. 2-3; Table 3,https://doi.org/10.1051/0004-6361/200911892,https://ui.adsabs.harvard.edu/abs/2009A&A...502..427V/abstract,https://arxiv.org/abs/0905.1770,Crossref resolved; local SIMBAD/ADS snapshot matched; checked 2026-08-12
10.1111/j.1365-2966.2010.17291.x,1005.0006,,2010,"A fundamental relation between mass, star formation rate and metallicity in local and high-redshift galaxies","Mannucci, F.; Cresci, G.; Maiolino, R.; Marconi, A.; Gnerucci, A.",Monthly Notices of the Royal Astronomical Society,408,2115-2127,peer reviewed,full text,framework,population-level empirical relation,Secs. 2-5,https://doi.org/10.1111/j.1365-2966.2010.17291.x,,https://arxiv.org/abs/1005.0006,Crossref resolved; local SIMBAD/ADS snapshot not object-linked; checked 2026-08-12
10.1051/0004-6361/200913612,1002.3524,2010A&A...514A..33P,2010,Pinning down the ram-pressure-induced halt of star formation in the Virgo cluster spiral galaxy NGC 4388. A joint inversion of spectroscopic and photometric data.,"Pappalardo, C.; Lançon, A.; Vollmer, B.; Ocvirk, P.; Boissier, S.; Boselli, A.",Astronomy and Astrophysics,514,A33,peer reviewed,full text,NGC4388,stellar-population modelling,Sect. 5; Fig. 10; Sect. 6.1,https://doi.org/10.1051/0004-6361/200913612,https://ui.adsabs.harvard.edu/abs/2010A&A...514A..33P/abstract,https://arxiv.org/abs/1002.3524,Crossref resolved; local SIMBAD/ADS snapshot matched; checked 2026-08-12
10.1088/0004-6256/141/5/164,1101.4066,2011AJ....141..164A,2011,"Caught in the act: strong, active ram pressure stripping in Virgo cluster spiral NGC 4330.","Abramson, Anne; Kenney, Jeffrey D. P.; Crowl, Hugh H.; Chung, Aeree; van Gorkom, J. H.; Vollmer, Bernd; Schiminovich, David",The Astronomical Journal,141,164,peer reviewed,full text,NGC4330,direct resolved observations,Secs. 3-5,https://doi.org/10.1088/0004-6256/141/5/164,https://ui.adsabs.harvard.edu/abs/2011AJ....141..164A/abstract,https://arxiv.org/abs/1101.4066,Crossref resolved; local SIMBAD/ADS snapshot matched; checked 2026-08-12
10.1051/0004-6361/201016344,1104.2713,2011A&A...531A..44W,2011,Hot gas in Mach cones around Virgo cluster spiral galaxies.,"Weżgowiec, M.; Vollmer, B.; Ehle, M.; Dettmar, R.-J.; Bomans, D. J.; Chyży, K. T.; Urbanik, M.; Soida, M.",Astronomy &amp; Astrophysics,531,A44,peer reviewed,full text,NGC4388;NGC4501;NGC4569,direct X-ray observations,Secs. 3-5,https://doi.org/10.1051/0004-6361/201016344,https://ui.adsabs.harvard.edu/abs/2011A&A...531A..44W/abstract,https://arxiv.org/abs/1104.2713,Crossref resolved; local SIMBAD/ADS snapshot matched; checked 2026-08-12
10.1111/j.1745-3933.2012.01261.x,1204.2265,2012MNRAS.423L..79C,2012,Polar bulges and polar nuclear discs: the case of NGC 4698.,"Corsini, E. M.; Méndez-Abreu, J.; Pastorello, N.; Bontà, E. Dalla; Morelli, L.; Beifiori, A.; Pizzella, A.; Bertola, F.",Monthly Notices of the Royal Astronomical Society: Letters,423,L79-L83,peer reviewed,full text,NGC4698,direct stellar and ionized-gas kinematics,Secs. 2-4,https://doi.org/10.1111/j.1745-3933.2012.01261.x,https://ui.adsabs.harvard.edu/abs/2012MNRAS.423L..79C/abstract,https://arxiv.org/abs/1204.2265,Crossref resolved; local SIMBAD/ADS snapshot matched; checked 2026-08-12
10.1051/0004-6361/201117680,1111.5236,2012A&A...537A.143V,2012,Ram pressure stripping of the multiphase ISM and star formation in the Virgo spiral galaxy NGC 4330.,"Vollmer, B.; Soida, M.; Braine, J.; Abramson, A.; Beck, R.; Chung, A.; Crowl, H. H.; Kenney, J. D. P.; van Gorkom, J. H.",Astronomy &amp; Astrophysics,537,A143,peer reviewed,full text,NGC4330,tailored multiwavelength modelling,Secs. 3-5,https://doi.org/10.1051/0004-6361/201117680,https://ui.adsabs.harvard.edu/abs/2012A&A...537A.143V/abstract,https://arxiv.org/abs/1111.5236,Crossref resolved; local SIMBAD/ADS snapshot matched; checked 2026-08-12
10.1093/mnras/stt817,1304.4940,,2013,"A fundamental relation between the metallicity, gas content and stellar mass of local galaxies","Bothwell, M. S.; Maiolino, R.; Kennicutt, R.; Cresci, G.; Mannucci, F.; Marconi, A.; Cicone, C.",Monthly Notices of the Royal Astronomical Society,433,1425-1435,peer reviewed,full text,framework,population-level empirical relation,Secs. 3-5,https://doi.org/10.1093/mnras/stt817,,https://arxiv.org/abs/1304.4940,Crossref resolved; local SIMBAD/ADS snapshot not object-linked; checked 2026-08-12
10.1088/2041-8205/777/2/L36,1308.5760,2013ApJ...777L..36G,2013,Multi-wavelength studies of spectacular ram pressure stripping of a galaxy: discovery of an X-ray absorption feature.,"Gu, Liyi; Yagi, Masafumi; Nakazawa, Kazuhiro; Yoshida, Michitoshi; Fujita, Yutaka; Hattori, Takashi; Akahori, Takuya; Makishima, Kazuo",The Astrophysical Journal,777,L36,peer reviewed,full text,NGC4388,direct X-ray and multiwavelength observations,Sects. 3-4,https://doi.org/10.1088/2041-8205/777/2/L36,https://ui.adsabs.harvard.edu/abs/2013ApJ...777L..36G/abstract,https://arxiv.org/abs/1308.5760,Crossref resolved; local SIMBAD/ADS snapshot matched; checked 2026-08-12
10.1088/0004-637X/767/2/133,1302.6611,2013ApJ...767..133P,2013,The next generation Virgo cluster survey. IV. NGC 4216: a bombarded spiral in the Virgo cluster.,"Paudel, Sanjaya; Duc, Pierre-Alain; Côté, Patrick; Cuillandre, Jean-Charles; Ferrarese, Laura; Ferriere, Etienne; Gwyn, Stephen D. J.; Mihos, J. Christopher; Vollmer, Bernd; Balogh, Michael L.; Carlberg, Ray G.; Boissier, Samuel; Boselli, Alessandro; Durrell, Patrick R.; Emsellem, Eric; MacArthur, Lauren A.; Mei, Simona; Michel-Dansac, Leo; van Driel, Wim",The Astrophysical Journal,767,133,peer reviewed,full text,NGC4216,direct deep-imaging observations,Secs. 2-4,https://doi.org/10.1088/0004-637X/767/2/133,https://ui.adsabs.harvard.edu/abs/2013ApJ...767..133P/abstract,https://arxiv.org/abs/1302.6611,Crossref resolved; local SIMBAD/ADS snapshot matched; checked 2026-08-12
10.1051/0004-6361/201321163,1304.1279,2013A&A...553A.116V,2013,"Large-scale radio continuum properties of 19 Virgo cluster galaxies. The influence of tidal interactions, ram pressure stripping, and accreting gas envelopes.","Vollmer, B.; Soida, M.; Beck, R.; Chung, A.; Urbanik, M.; Chyży, K. T.; Otmianowska-Mazur, K.; Kenney, J. D. P.",Astronomy &amp; Astrophysics,553,A116,peer reviewed,full text,19 Virgo galaxies,direct radio observations plus models,Secs. 3-5; Tables 2-3,https://doi.org/10.1051/0004-6361/201321163,https://ui.adsabs.harvard.edu/abs/2013A&A...553A.116V/abstract,https://arxiv.org/abs/1304.1279,Crossref resolved; local SIMBAD/ADS snapshot matched; checked 2026-08-12
10.1088/0004-6256/147/3/63,1401.0023,2014AJ....147...63A,2014,HUBBLE SPACE TELESCOPEIMAGING OF DECOUPLED DUST CLOUDS IN THE RAM PRESSURE STRIPPED VIRGO SPIRALS NGC 4402 AND NGC 4522,"Abramson, Anne; Kenney, Jeffrey D. P.",The Astronomical Journal,147,63,peer reviewed,full text,NGC4402;NGC4522,direct HST observations,Secs. 3-5,https://doi.org/10.1088/0004-6256/147/3/63,https://ui.adsabs.harvard.edu/abs/2014AJ....147...63A/abstract,https://arxiv.org/abs/1401.0023,Crossref resolved; local SIMBAD/ADS snapshot matched; checked 2026-08-12
10.1093/pasj/pst011,1311.2394,2014PASJ...66...11C,2014,H I and H2 properties and star formation efficiency of NGC 4654 in the cluster environment,"Chung, Eun Jung; Kim, Sungeun",Publications of the Astronomical Society of Japan,66,11.0,peer reviewed,full text,NGC4654,direct HI and CO observations,Secs. 3-5,https://doi.org/10.1093/pasj/pst011,https://ui.adsabs.harvard.edu/abs/2014PASJ...66...11C/abstract,https://arxiv.org/abs/1311.2394,Crossref resolved; local SIMBAD/ADS snapshot matched; checked 2026-08-12
10.1051/0004-6361/201526551,1507.04388,2015A&A...582A...6V,2015,Ram pressure stripping in the Virgo Cluster.,"Verdugo, C.; Combes, F.; Dasyra, K.; Salomé, P.; Braine, J.",Astronomy &amp; Astrophysics,582,A6,peer reviewed,full text,NGC4388,direct tail CO observations,Table 2; Sects. 4-5,https://doi.org/10.1051/0004-6361/201526551,https://ui.adsabs.harvard.edu/abs/2015A&A...582A...6V/abstract,https://arxiv.org/abs/1507.04388,Crossref resolved; local SIMBAD/ADS snapshot matched; checked 2026-08-12
10.1051/0004-6361/201527795,1601.04978,2016A&A...587A..68B,2016,Spectacular tails of ionized gas in the Virgo cluster galaxy NGC 4569.,"Boselli, A.; Cuillandre, J. C.; Fossati, M.; Boissier, S.; Bomans, D.; Consolandi, G.; Anselmi, G.; Cortese, L.; Côté, P.; Durrell, P.; Ferrarese, L.; Fumagalli, M.; Gavazzi, G.; Gwyn, S.; Hensler, G.; Sun, M.; Toloba, E.",Astronomy &amp; Astrophysics,587,A68,peer reviewed,full text,NGC4569,direct Halpha observations plus modelling,Secs. 3-6,https://doi.org/10.1051/0004-6361/201527795,https://ui.adsabs.harvard.edu/abs/2016A&A...587A..68B/abstract,https://arxiv.org/abs/1601.04978,Crossref resolved; local SIMBAD/ADS snapshot matched; checked 2026-08-12
10.1051/0004-6361/201527887,1604.02974,2016A&A...590A..92L,2016,Molecular gas and star formation in the tidal dwarf galaxy VCC 2062.,"Lisenfeld, U.; Braine, J.; Duc, P. A.; Boquien, M.; Brinks, E.; Bournaud, F.; Lelli, F.; Charmandaris, V.",Astronomy &amp; Astrophysics,590,A92,peer reviewed,full text,NGC4694,"direct CO, stellar-population and tidal-debris observations",Table 4; Sect. 6.1,https://doi.org/10.1051/0004-6361/201527887,https://ui.adsabs.harvard.edu/abs/2016A&A...590A..92L/abstract,https://arxiv.org/abs/1604.02974,Crossref resolved; local SIMBAD/ADS snapshot matched; checked 2026-08-12
10.1051/0004-6361/201527021,1511.07567,2016A&A...587A.108N,2016,Effects of environmental gas compression on the multiphase ISM and star formation. The Virgo spiral galaxies NGC 4501 and NGC 4567/68.,"Nehlig, F.; Vollmer, B.; Braine, J.",Astronomy &amp; Astrophysics,587,A108,peer reviewed,full text,NGC4501;NGC4567;NGC4568,direct observations plus ISM modelling,Secs. 3-5,https://doi.org/10.1051/0004-6361/201527021,https://ui.adsabs.harvard.edu/abs/2016A&A...587A.108N/abstract,https://arxiv.org/abs/1511.07567,Crossref resolved; local SIMBAD/ADS snapshot matched; checked 2026-08-12
10.1093/pasj/psx041,,,2017,Properties of molecular gas in galaxies in the early and mid stages of interaction. II. Molecular gas fraction,"Kaneko, Hiroyuki; Kuno, Nario; Iono, Daisuke; Tamura, Yoichi; Tosaki, Tomoka; Nakanishi, Kouichiro; Sawada, Tsuyoshi",Publications of the Astronomical Society of Japan,69,,peer reviewed,full text or accepted manuscript,NGC4567;NGC4568,direct resolved H I and CO observations,Secs. 3-5,https://doi.org/10.1093/pasj/psx041,,,Crossref resolved; local SIMBAD/ADS snapshot not object-linked; checked 2026-08-12
10.1093/mnras/stw3162,1701.02750,2017MNRAS.466.1382L,2017,The effect of ram pressure on the molecular gas of galaxies: three case studies in the Virgo cluster.,"Lee, Bumhyun; Chung, Aeree; Tonnesen, Stephanie; Kenney, Jeffrey D. P.; Wong, O. Ivy; Vollmer, B.; Petitpas, Glen R.; Crowl, Hugh H.; van Gorkom, Jacqueline",Monthly Notices of the Royal Astronomical Society,466,1382-1398,peer reviewed,full text,NGC4330;NGC4402;NGC4522,direct resolved CO observations,Secs. 3-5,https://doi.org/10.1093/mnras/stw3162,https://ui.adsabs.harvard.edu/abs/2017MNRAS.466.1382L/abstract,https://arxiv.org/abs/1701.02750,Crossref resolved; local SIMBAD/ADS snapshot matched; checked 2026-08-12
10.3847/1538-4357/aa6579,1704.00760,2017ApJ...838...81Y,2017,A history of H I stripping in Virgo: a phase-space view of VIVA galaxies.,"Yoon, Hyein; Chung, Aeree; Smith, Rory; Jaffé, Yara L.",The Astrophysical Journal,838,81,peer reviewed,full text,all,phase-space/contextual inference,Sec. 2.1; Table 1; Secs. 4-5,https://doi.org/10.3847/1538-4357/aa6579,https://ui.adsabs.harvard.edu/abs/2017ApJ...838...81Y/abstract,https://arxiv.org/abs/1704.00760,Crossref resolved; local SIMBAD/ADS snapshot matched; checked 2026-08-12
10.1051/0004-6361/201833914,1810.09234,2018A&A...620A.164B,2018,A Virgo Environmental Survey Tracing Ionised Gas Emission (VESTIGE). IV. A tail of ionised gas in the merger remnant NGC4424.,"Boselli, A.; Fossati, M.; Consolandi, G.; Amram, P.; Ge, C.; Sun, M.; Anderson, J. P.; Boissier, S.; Boquien, M.; Buat, V.; Burgarella, D.; Cortese, L.; Côté, P.; Cuillandre, J. C.; Durrell, P.; Epinat, B.; Ferrarese, L.; Fumagalli, M.; Galbany, L.; Gavazzi, G.; Gómez-López, J. A.; Gwyn, S.; Hensler, G.; Kuncarayakti, H.; Marcelin, M.; Mendes de Oliveira, C.; Quint, B. C.; Roediger, J.; Roehlly, Y.; Sanchez, S. F.; Sanchez-Janssen, R.; Toloba, E.; Trinchieri, G.; Vollmer, B.",Astronomy &amp; Astrophysics,620,A164,peer reviewed,full text,NGC4424,direct Halpha observations plus modelling,Secs. 3-6,https://doi.org/10.1051/0004-6361/201833914,https://ui.adsabs.harvard.edu/abs/2018A&A...620A.164B/abstract,https://arxiv.org/abs/1810.09234,Crossref resolved; local SIMBAD/ADS snapshot matched; checked 2026-08-12
10.1051/0004-6361/201732373,1801.09685,2018A&A...614A..57F,2018,A Virgo Environmental Survey Tracing Ionised Gas Emission (VESTIGE). II. Constraining the quenching time in the stripped galaxy NGC 4330.,"Fossati, M.; Mendel, J. T.; Boselli, A.; Cuillandre, J. C.; Vollmer, B.; Boissier, S.; Consolandi, G.; Ferrarese, L.; Gwyn, S.; Amram, P.; Boquien, M.; Buat, V.; Burgarella, D.; Cortese, L.; Côté, P.; Côté, S.; Durrell, P.; Fumagalli, M.; Gavazzi, G.; Gomez-Lopez, J.; Hensler, G.; Koribalski, B.; Longobardi, A.; Peng, E. W.; Roediger, J.; Sun, M.; Toloba, E.",Astronomy &amp; Astrophysics,614,A57,peer reviewed,full text,NGC4330,resolved stellar-population modelling,Secs. 3-5,https://doi.org/10.1051/0004-6361/201732373,https://ui.adsabs.harvard.edu/abs/2018A&A...614A..57F/abstract,https://arxiv.org/abs/1801.09685,Crossref resolved; local SIMBAD/ADS snapshot matched; checked 2026-08-12
10.3847/2041-8213/aac895,1806.01553,2018ApJ...860L..14K,2018,Discovery of a molecular collision front in interacting galaxies NGC 4567/4568 with ALMA.,"Kaneko 金, Hiroyuki 子紘之; Kuno 久, Nario 野成夫; Saitoh 斎, Takayuki R. 藤貴之",The Astrophysical Journal Letters,860,L14,peer reviewed,full text,NGC4567;NGC4568,direct resolved CO observations,Secs. 2-4,https://doi.org/10.3847/2041-8213/aac895,https://ui.adsabs.harvard.edu/abs/2018ApJ...860L..14K/abstract,https://arxiv.org/abs/1806.01553,Crossref resolved; local SIMBAD/ADS snapshot matched; checked 2026-08-12
10.1093/mnras/sty1610,1806.05887,2018MNRAS.479.4367K,2018,Ram pressure stripping made easy: an analytical approach.,"Köppen, J; Jáchym, P; Taylor, R; Palouš, J",Monthly Notices of the Royal Astronomical Society,479,4367-4390,peer reviewed,full text,35 components,analytical model inference,Secs. 7.2-7.3; Tables E1-E5,https://doi.org/10.1093/mnras/sty1610,https://ui.adsabs.harvard.edu/abs/2018MNRAS.479.4367K/abstract,https://arxiv.org/abs/1806.05887,Crossref resolved; local SIMBAD/ADS snapshot matched; checked 2026-08-12
10.1051/0004-6361/201731910,1809.03805,2018A&A...620A.108V,2018,Two uneven sisters. I. NGC 4388 - a strongly constrained ram-pressure stripping event.,"Vollmer, B.; Pappalardo, C.; Soida, M.; Lançon, A.",Astronomy &amp; Astrophysics,620,A108,peer reviewed,full text,NGC4388,tailored multiwavelength modelling,Table 2; Sects. 3-5,https://doi.org/10.1051/0004-6361/201731910,https://ui.adsabs.harvard.edu/abs/2018A&A...620A.108V/abstract,https://arxiv.org/abs/1809.03805,Crossref resolved; local SIMBAD/ADS snapshot matched; checked 2026-08-12
10.3847/1538-3881/ab6988,1912.04213,2020AJ....159..218T,2020,Faint and fading tails: the fate of stripped H I gas in Virgo cluster galaxies.,"Taylor, Rhys; Köppen, Joachim; Jáchym, Pavel; Minchin, Robert; Palouš, Jan; Wünsch, Richard",The Astronomical Journal,159,218,peer reviewed,full text,VIVA tails,direct resolved observations plus simulations,Secs. 3-5,https://doi.org/10.3847/1538-3881/ab6988,https://ui.adsabs.harvard.edu/abs/2020AJ....159..218T/abstract,https://arxiv.org/abs/1912.04213,Crossref resolved; local SIMBAD/ADS snapshot matched; checked 2026-08-12
10.3847/1538-4357/abaf54,1910.14082,2020ApJ...901...95C,2020,ALMA evidence for ram pressure compression and stripping of molecular gas in the Virgo Cluster galaxy NGC 4402.,"W. J., Cramer; J. D. P., Kenney; J. R., Cortes; P. C., Cortes; C., Vlahakis; P., Jáchym; E., Pompei; M., Rubio",The Astrophysical Journal,901,95,peer reviewed,full text,NGC4402,direct resolved CO observations,Secs. 3-5,https://doi.org/10.3847/1538-4357/abaf54,https://ui.adsabs.harvard.edu/abs/2020ApJ...901...95C/abstract,https://arxiv.org/abs/1910.14082,Crossref resolved; local SIMBAD/ADS snapshot matched; checked 2026-08-12
10.3847/1538-4365/ac28f5,2111.00937,2021ApJS..257...21B,2021,VERTICO: the Virgo Environment Traced in CO survey.,"Brown, Toby; Wilson, Christine D.; Zabel, Nikki; Davis, Timothy A.; Boselli, Alessandro; Chung, Aeree; Ellison, Sara L.; Lagos, Claudia D. P.; Stevens, Adam R. H.; Cortese, Luca; Bahé, Yannick M.; Bisaria, Dhruv; Bolatto, Alberto D.; Cashmore, Claire R.; Catinella, Barbara; Chown, Ryan; Diemer, Benedikt; Elahi, Pascal J.; Hani, Maan H.; Jiménez-Donaire, María J.; Lee, Bumhyun; Leidig, Katya; Mok, Angus; Olsen, Karen Pardos; Parker, Laura C.; Roberts, Ian D.; Smith, Rory; Spekkens, Kristine; Thorp, Mallory; Tonnesen, Stephanie; Vienneau, Evan; Villanueva, Vicente; Vogel, Stuart N.; Wadsley, James; Welker, Charlotte; Yoon, Hyein",The Astrophysical Journal Supplement Series,257,21,peer reviewed,full text,all,survey-level measurement,Sec. 2; Tables 1-2; Sec. 6,https://doi.org/10.3847/1538-4365/ac28f5,https://ui.adsabs.harvard.edu/abs/2021ApJS..257...21B/abstract,https://arxiv.org/abs/2111.00937,Crossref resolved; local SIMBAD/ADS snapshot matched; checked 2026-08-12
10.1017/pasa.2021.18,2104.02193,,2021,The Dawes Review 9: The role of cold gas stripping on the star formation quenching of satellite galaxies,"Cortese, L.; Catinella, B.; Smith, R.",Publications of the Astronomical Society of Australia,38,,peer reviewed review,full text,framework,peer-reviewed review,Secs. 2-4,https://doi.org/10.1017/pasa.2021.18,,https://arxiv.org/abs/2104.02193,Crossref resolved; local SIMBAD/ADS snapshot not object-linked; checked 2026-08-12
10.1051/0004-6361/202038910,2012.12955,2021A&A...645A.111L,2021,Gas compression and stellar feedback in the tidally interacting and ram-pressure stripped Virgo spiral galaxy NGC 4654.,"Lizée, T.; Vollmer, B.; Braine, J.; Nehlig, F.",Astronomy &amp; Astrophysics,645,A111,peer reviewed,full text,NGC4654,tailored multiwavelength modelling,Secs. 3-6,https://doi.org/10.1051/0004-6361/202038910,https://ui.adsabs.harvard.edu/abs/2021A&A...645A.111L/abstract,https://arxiv.org/abs/2012.12955,Crossref resolved; local SIMBAD/ADS snapshot matched; checked 2026-08-12
10.1051/0004-6361/202038507,2012.05874,2021A&A...645A.121V,2021,A Virgo Environmental Survey Tracing Ionised Gas Emission (VESTIGE). VIII. Modeling ram pressure stripping of diffuse gas in the Virgo cluster spiral galaxy NGC 4330.,"Vollmer, B.; Fossati, M.; Boselli, A.; Soida, M.; Gwyn, S.; Cuillandre, J. C.; Amram, Ph.; Boissier, S.; Boquien, M.; Hensler, G.",Astronomy &amp; Astrophysics,645,A121,peer reviewed,full text,NGC4330,tailored gas modelling,Secs. 3-5,https://doi.org/10.1051/0004-6361/202038507,https://ui.adsabs.harvard.edu/abs/2021A&A...645A.121V/abstract,https://arxiv.org/abs/2012.05874,Crossref resolved; local SIMBAD/ADS snapshot matched; checked 2026-08-12
10.1007/s00159-022-00140-3,2109.13614,,2022,Ram pressure stripping in high-density environments,"Boselli, Alessandro; Fossati, Matteo; Sun, Ming",The Astronomy and Astrophysics Review,30,,peer reviewed review,full text,framework,peer-reviewed review,Secs. 3-6,https://doi.org/10.1007/s00159-022-00140-3,,https://arxiv.org/abs/2109.13614,Crossref resolved; local SIMBAD/ADS snapshot not object-linked; checked 2026-08-12
10.1093/pasj/psab129,2201.02270,2022PASJ...74..343K,2022,Properties of molecular gas in galaxies in early and mid stages of Interaction. III. Resolved Kennicutt-Schmidt law.,"Kaneko, Hiroyuki; Kuno, Nario; Iono, Daisuke; Tamura, Yoichi; Tosaki, Tomoka; Nakanishi, Kouichiro; Sawada, Tsuyoshi",Publications of the Astronomical Society of Japan,74,343-363,peer reviewed,full text,NGC4567;NGC4568,direct resolved star-formation-law analysis,Pair discussion; summary,https://doi.org/10.1093/pasj/psab129,https://ui.adsabs.harvard.edu/abs/2022PASJ...74..343K/abstract,https://arxiv.org/abs/2201.02270,Crossref resolved; local SIMBAD/ADS snapshot matched; checked 2026-08-12
10.1051/0004-6361/202142270,2112.00448,2022A&A...659A..45S,2022,A Virgo Environmental Survey Tracing Ionised Gas Emission (VESTIGE). XI. Two-dimensional H{alpha} kinematics of the edge-on ram pressure stripped galaxy NGC 4330.,"Sardaneta, M. M.; Amram, P.; Boselli, A.; Vollmer, B.; Rosado, M.; Sánchez-Cruces, M.; Longobardi, A.; Adami, C.; Fossati, M.; Epinat, B.; Boquien, M.; Côté, P.; Hensler, G.; Junais; Plana, H.; Cuillandre, J. C.; Ferrarese, L.; Gach, J. L.; Gomez-Lopez, J. A.; Gwyn, S.; Trinchieri, G.",Astronomy &amp; Astrophysics,659,A45,peer reviewed,full text,NGC4330,direct ionized-gas kinematics,Secs. 3-5,https://doi.org/10.1051/0004-6361/202142270,https://ui.adsabs.harvard.edu/abs/2022A&A...659A..45S/abstract,https://arxiv.org/abs/2112.00448,Crossref resolved; local SIMBAD/ADS snapshot matched; checked 2026-08-12
10.3847/1538-4357/ac9d3c,2209.11633,2022ApJ...940..176V,2022,VERTICO. IV. Environmental Effects on the Gas Distribution and Star Formation Efficiency of Virgo Cluster Spirals.,"Villanueva, Vicente; Bolatto, Alberto D.; Vogel, Stuart; Brown, Tobias; Wilson, Christine D.; Zabel, Nikki; Ellison, Sara; Stevens, Adam R. H.; Jiménez Donaire, María Jesús; Spekkens, Kristine; Tharp, Mallory; Davis, Timothy A.; Parker, Laura C.; Roberts, Ian D.; Basra, Dhruv; Boselli, Alessandro; Catinella, Barbara; Chung, Aeree; Cortese, Luca; Lee, Bumhyun; Watts, Adam",The Astrophysical Journal,940,176,peer reviewed,full text,VERTICO sample,survey-level measurement,Secs. 3-5,https://doi.org/10.3847/1538-4357/ac9d3c,https://ui.adsabs.harvard.edu/abs/2022ApJ...940..176V/abstract,https://arxiv.org/abs/2209.11633,Crossref resolved; local SIMBAD/ADS snapshot matched; checked 2026-08-12
10.3847/1538-4357/ac6e68,2112.00719,2022ApJ...933...10Z,2022,VERTICO II: How H I-identified Environmental Mechanisms Affect the Molecular Gas in Cluster Galaxies.,"Zabel, Nikki; Brown, Toby; Wilson, Christine D.; Davis, Timothy A.; Cortese, Luca; Parker, Laura C.; Boselli, Alessandro; Catinella, Barbara; Chown, Ryan; Chung, Aeree; Deb, Tirna; Ellison, Sara L.; Jiménez-Donaire, María J.; Lee, Bumhyun; Roberts, Ian D.; Spekkens, Kristine; Stevens, Adam R. H.; Thorp, Mallory; Tonnesen, Stephanie; Villanueva, Vicente",The Astrophysical Journal,933,10,peer reviewed,full text,VERTICO sample,survey-level measurement,Secs. 3-5; Tables 1-2,https://doi.org/10.3847/1538-4357/ac6e68,https://ui.adsabs.harvard.edu/abs/2022ApJ...933...10Z/abstract,https://arxiv.org/abs/2112.00719,Crossref resolved; local SIMBAD/ADS snapshot matched; checked 2026-08-12
10.3847/1538-4357/acf195,2309.07039,2023ApJ...956...37B,2023,VERTICO. VII. Environmental Quenching Caused by the Suppression of Molecular Gas Content and Star Formation Efficiency in Virgo Cluster Galaxies.,"Brown, Toby; Roberts, Ian D.; Thorp, Mallory; Ellison, Sara L.; Zabel, Nikki; Wilson, Christine D.; Bahé, Yannick M.; Bisaria, Dhruv; Bolatto, Alberto D.; Boselli, Alessandro; Chung, Aeree; Cortese, Luca; Catinella, Barbara; Davis, Timothy A.; Jiménez-Donaire, María J.; Lagos, Claudia D. P.; Lee, Bumhyun; Parker, Laura C.; Smith, Rory; Spekkens, Kristine; Stevens, Adam R. H.; Villanueva, Vicente; Watts, Adam B.",The Astrophysical Journal,956,37,peer reviewed,full text,VERTICO sample,survey-level measurement,Secs. 3-6,https://doi.org/10.3847/1538-4357/acf195,https://ui.adsabs.harvard.edu/abs/2023ApJ...956...37B/abstract,https://arxiv.org/abs/2309.07039,Crossref resolved; local SIMBAD/ADS snapshot matched; checked 2026-08-12
10.1051/0004-6361/202244718,2212.06762,2023A&A...671A...3J,2023,VERTICO III. The Kennicutt-Schmidt relation in Virgo cluster galaxies.,"Jiménez-Donaire, María J.; Brown, Toby; Wilson, Christine D.; Roberts, Ian D.; Zabel, Nikki; Ellison, Sara L.; Thorp, Mallory; Villanueva, Vicente; Chown, Ryan; Bisaria, Dhruv; Bolatto, Alberto D.; Boselli, Alessandro; Catinella, Barbara; Chung, Aeree; Cortese, Luca; Davis, Timothy A.; Lagos, Claudia D. P.; Lee, Bumhyun; Parker, Laura C.; Spekkens, Kristine; Stevens, Adam R. H.; Sun, Jiayi",Astronomy &amp; Astrophysics,671,A3,peer reviewed,full text,VERTICO sample,survey-level measurement,Secs. 3-5,https://doi.org/10.1051/0004-6361/202244718,https://ui.adsabs.harvard.edu/abs/2023A&A...671A...3J/abstract,https://arxiv.org/abs/2212.06762,Crossref resolved; local SIMBAD/ADS snapshot matched; checked 2026-08-12
10.1093/pasj/psad025,2303.17638,2023PASJ...75..646K,2023,Investigating physical states of molecular gas in the overlapping region of interacting galaxies NGC 4567/4568 using ALMA.,"Kaneko, Hiroyuki; Tokita, Shoya; Kuno, Nario",Publications of the Astronomical Society of Japan,75,646-659,peer reviewed,full text,NGC4567;NGC4568,direct resolved CO observations,Secs. 3-5,https://doi.org/10.1093/pasj/psad025,https://ui.adsabs.harvard.edu/abs/2023PASJ...75..646K/abstract,https://arxiv.org/abs/2303.17638,Crossref resolved; local SIMBAD/ADS snapshot matched; checked 2026-08-12
10.1051/0004-6361/202346599,2306.00927,2023A&A...675A..78R,2023,VERTICO VI. Cold-gas asymmetries in Virgo cluster galaxies.,"Roberts, Ian D.; Brown, Toby; Zabel, Nikki; Wilson, Christine D.; Chung, Aeree; Parker, Laura C.; Bisaria, Dhruv; Boselli, Alessandro; Catinella, Barbara; Chown, Ryan; Cortese, Luca; Davis, Timothy A.; Ellison, Sara; Jiménez-Donaire, María Jesús; Lee, Bumhyun; Smith, Rory; Spekkens, Kristine; Stevens, Adam R. H.; Thorp, Mallory; Villanueva, Vincente; Watts, Adam B.; Welker, Charlotte; Yoon, Hyein",Astronomy &amp; Astrophysics,675,A78,peer reviewed,full text,VERTICO sample,survey-level measurement,Secs. 3-6,https://doi.org/10.1051/0004-6361/202346599,https://ui.adsabs.harvard.edu/abs/2023A&A...675A..78R/abstract,https://arxiv.org/abs/2306.00927,Crossref resolved; local SIMBAD/ADS snapshot matched; checked 2026-08-12
10.1017/pasa.2023.14,2303.07549,,2023,VERTICO V: The environmentally driven evolution of the inner cold gas discs of Virgo cluster galaxies,"Watts, Adam B.; Cortese, Luca; Catinella, Barbara; Brown, Toby; Wilson, Christine D.; Zabel, Nikki; Roberts, Ian D.; Davis, Timothy A.; Thorp, Mallory; Chung, Aeree; Stevens, Adam R.H.; Ellison, Sara L.; Spekkens, Kristine; Parker, Laura C.; Bahé, Yannick M.; Villanueva, Vicente; Jiménez-Donaire, María; Bisaria, Dhruv; Boselli, Alessandro; Bolatto, Alberto D.; Lee, Bumhyun",Publications of the Astronomical Society of Australia,40,,peer reviewed,full text,18 VERTICO disks,survey-level measurement,"Secs. 2, 4-6",https://doi.org/10.1017/pasa.2023.14,,https://arxiv.org/abs/2303.07549,Crossref resolved; local SIMBAD/ADS snapshot not object-linked; checked 2026-08-12
10.1051/0004-6361/202348301,2311.01904,2024A&A...683A.149E,2024,ViCTORIA project: The LOFAR view of environmental effects in Virgo cluster star-forming galaxies.,"Edler, H. W.; Roberts, I. D.; Boselli, A.; de Gasperin, F.; Heesen, V.; Brüggen, M.; Ignesti, A.; Gajović, L.",Astronomy &amp; Astrophysics,683,A149,peer reviewed,full text,12 MAUVE components,direct radio survey observations,Secs. 3-6; Tables 1-3,https://doi.org/10.1051/0004-6361/202348301,https://ui.adsabs.harvard.edu/abs/2024A&A...683A.149E/abstract,https://arxiv.org/abs/2311.01904,Crossref resolved; local SIMBAD/ADS snapshot matched; checked 2026-08-12
10.3847/1538-4357/ad138a,2312.02294,2024ApJ...961..249H,2024,X-Ray Constraints on the Hot Gaseous Corona of Edge-on Late-type Galaxies in Virgo.,"Hou, Meicun; He, Lin; Hu, Zhensong; Li, Zhiyuan; Jones, Christine; Forman, William; Su, Yuanyuan; Wang, Jing; Ho, Luis C.",The Astrophysical Journal,961,249,peer reviewed,full text,edge-on Virgo disks,direct X-ray survey observations,Secs. 3-5,https://doi.org/10.3847/1538-4357/ad138a,https://ui.adsabs.harvard.edu/abs/2024ApJ...961..249H/abstract,https://arxiv.org/abs/2312.02294,Crossref resolved; local SIMBAD/ADS snapshot matched; checked 2026-08-12
10.1051/0004-6361/202449225,2408.14282,2024A&A...691A..20M,2024,A Virgo Environmental Survey Tracing Ionised Gas Emission (VESTIGE) XVI. The ubiquity of truncated star-forming discs across the Virgo cluster environment.,"Morgan, C. R.; Balogh, M. L.; Boselli, A.; Fossati, M.; Lawlor-Forsyth, C.; Sazonova, E.; Amram, P.; Boquien, M.; Braine, J.; Cortese, L.; Côté, P.; Cuillandre, J. C.; Ferrarese, L.; Gwyn, S.; Hensler, G.; Junais; Roediger, J.",Astronomy &amp; Astrophysics,691,A20,peer reviewed,full text,Virgo late types,direct Halpha survey observations,Secs. 3-6,https://doi.org/10.1051/0004-6361/202449225,https://ui.adsabs.harvard.edu/abs/2024A&A...691A..20M/abstract,https://arxiv.org/abs/2408.14282,Crossref resolved; local SIMBAD/ADS snapshot matched; checked 2026-08-12
10.1093/mnras/stae898,2404.12616,2024MNRAS.530.1968W,2024,"MAUVE: a 6 kpc bipolar outflow launched from NGC 4383, one of the most H I-rich galaxies in the Virgo cluster","Watts, Adam B; Cortese, Luca; Catinella, Barbara; Fraser-McKelvie, Amelia; Emsellem, Eric; Coccato, Lodovico; van de Sande, Jesse; Brown, Toby H; Ascasibar, Yago; Battisti, Andrew; Boselli, Alessandro; Davis, Timothy A; Groves, Brent; Thater, Sabine",Monthly Notices of the Royal Astronomical Society,530,1968-1983,peer reviewed,full text,NGC4383,direct resolved observations plus outflow model,Secs. 3-6,https://doi.org/10.1093/mnras/stae898,https://ui.adsabs.harvard.edu/abs/2024MNRAS.530.1968W/abstract,https://arxiv.org/abs/2404.12616,Crossref resolved; local SIMBAD/ADS snapshot matched; checked 2026-08-12
10.18727/0722-6691/5393,,,2025,Multiphase Astrophysics to Unveil the Virgo Environment (MAUVE),"Catinella, Barbara; Cortese, Luca; Sun, Jiayi; Brown, Toby; Emsellem, Eric; Fraser-McKelvie, Amelia; Watts, Adam B.; Attwater, Amy; et al.",The Messenger,195,15-18,peer reviewed,full text or accepted manuscript,all,survey description,pp. 15-18,https://doi.org/10.18727/0722-6691/5393,,,Crossref HTTP 404; local SIMBAD/ADS snapshot not object-linked; checked 2026-08-12
10.1093/mnras/staf1230,2507.14658,2025MNRAS.541.4031D,2025,VERTICO - IX. Signatures of environmental processing of the gas in Virgo cluster spiral galaxies through mapping of CO isotopologues.,"Davis, Timothy A; Brown, Toby; Jiménez-Donaire, María J; Wilson, Christine D; Bisaria, Dhruv; Boselli, Alessandro; Catinella, Barbara; Chung, Aeree; Cortese, Luca; Ellison, Sara; Lee, Bumhyun; Roberts, Ian D; Spekkens, Kristine; Villanueva, Vicente; Zabel, Nikki",Monthly Notices of the Royal Astronomical Society,541,4031-4048,peer reviewed,full text,VERTICO sample,survey-level measurement,Secs. 3-6,https://doi.org/10.1093/mnras/staf1230,https://ui.adsabs.harvard.edu/abs/2025MNRAS.541.4031D/abstract,https://arxiv.org/abs/2507.14658,Crossref resolved; local SIMBAD/ADS snapshot matched; checked 2026-08-12
10.3847/2041-8213/ae2c51,2512.10574,2026ApJ...996L..40A,2026,MAUVE-MUSE: A Star-formation-driven Outflow Caught in the Act of Quenching the Stripped Virgo Galaxy NGC 4064.,"Attwater, Amy; Catinella, Barbara; Cortese, Luca; Davis, Timothy; Brown, Toby; Fraser-McKelvie, A.; Battisti, Andrew; Boselli, Alessandro; Jáchym, Pavel; Ristea, Andrei; Spekkens, Kristine; Thater, Sabine; Wilson, Christine",The Astrophysical Journal Letters,996,L40,peer reviewed,full text,NGC4064,direct resolved observations plus outflow model,Secs. 3-5; Table 1,https://doi.org/10.3847/2041-8213/ae2c51,https://ui.adsabs.harvard.edu/abs/2026ApJ...996L..40A/abstract,https://arxiv.org/abs/2512.10574,Crossref resolved; local SIMBAD/ADS snapshot matched; checked 2026-08-12
10.3847/1538-4357/ae632e,2604.20056,2026ApJ..1004...73B,2026,MAUVE-MUSE: Ionization and Kinematic Signatures of Environmental Effects on Virgo Cluster Disks.,"Brown, Toby; Cortese, Luca; Catinella, Barbara; Fraser-McKelvie, A.; Watts, Adam B.; Amiri, Amirnezam; Boselli, Alessandro; Choi, Woorak; Chung, Aeree; Davis, Timothy A.; Emsellem, Eric; Jáchym, Pavel; Jiménez-Donaire, María J.; Kolcu, Tutku; Lee, Bumhyun; Ristea, Andrei; van de Sande, Jesse; Spekkens, Kristine; Thater, Sabine; Wilson, Christine D.; Zabel, Nikki",The Astrophysical Journal,1004,73,peer reviewed,full text,12 MAUVE galaxies,direct resolved ionized-gas observations,Secs. 3-6; Table 2,https://doi.org/10.3847/1538-4357/ae632e,https://ui.adsabs.harvard.edu/abs/2026ApJ..1004...73B/abstract,https://arxiv.org/abs/2604.20056,Crossref resolved; local SIMBAD/ADS snapshot matched; checked 2026-08-12
10.3847/1538-4357/ae39ca,2601.10803,2026ApJ...999..116C,2026,The Impact of Ram Pressure on the Radio Spectral Index and Magnetic Field of NGC 4522: A High-resolution VLA Continuum Study.,"Choi, Woorak; Chung, Aeree; Kim, Chang-Goo; Lee, Bumhyun; Cortese, Luca; Brown, Toby; Catinella, Barbara; Emsellem, Eric; Fraser-McKelvie, A.; Sun, Jiayi; Watts, Adam",The Astrophysical Journal,999,116,peer reviewed,full text,NGC4522,direct resolved radio observations plus MHD model,Secs. 3-6; Table 3,https://doi.org/10.3847/1538-4357/ae39ca,https://ui.adsabs.harvard.edu/abs/2026ApJ...999..116C/abstract,https://arxiv.org/abs/2601.10803,Crossref resolved; local SIMBAD/ADS snapshot matched; checked 2026-08-12
10.1093/mnras/stag1019,,2026MNRAS.549g1019H,2026,MAUVE-MUSE: when metallicity follows or fights star formation - a mass-dependent inversion in Virgo galaxies.,"Huang, Rongjun; Cortese, Luca; Catinella, Barbara; Davies, Luke J M; Brown, Toby; Ristea, Andrei; Boselli, Alessandro; Battisti, Andrew J; Villanueva, Vicente; Spekkens, Kristine; Ellison, Sara L; Dale, Daniel A; Thater, Sabine; Amiri, Amirnezam",Monthly Notices of the Royal Astronomical Society,549,1019.0,peer reviewed,full text or accepted manuscript,14 MAUVE galaxies,direct resolved metallicity analysis,Secs. 3-6; Figs. 3-6,https://doi.org/10.1093/mnras/stag1019,https://ui.adsabs.harvard.edu/abs/2026MNRAS.549g1019H/abstract,,Crossref resolved; local SIMBAD/ADS snapshot matched; checked 2026-08-12
,2608.04784,2026arXiv260804784W,2026,Inflow-driven galaxy evolution - I. Revealing the physics of the fundamental metallicity relation,Kai Wang; Cheng Li; Yingjie Peng; Andrea Ferrara; Filippo Mannucci; Enci Wang; Qi Guo,arXiv e-prints,,,preprint v1; submitted 2026-08-05; not peer reviewed as of 2026-08-12,full text,framework,theoretical model and observational comparison,"Secs. 2.1.2, 3.3, 4.4, 5.2; Fig. 12",,https://ui.adsabs.harvard.edu/abs/2026arXiv260804784W/abstract,https://arxiv.org/abs/2608.04784,arXiv full text and metadata verified 2026-08-12
10.1051/0004-6361/202556225,2507.02527,2026A&A...705A.139S,2026,A Virgo Environmental Survey Tracing Ionised Gas Emission (VESTIGE) XIX. The discovery of a spectacular 230 kpc Hα tail following NGC 4569 in the Virgo cluster.,"Sun, M.; Le, H.; Epinat, B.; Boselli, A.; Luo, R.; Hosogi, K.; Pichette, N.; Forman, W.; Sarazin, C.; Fossati, M.; Chen, H.; Hensler, G.; Sarpa, E.; Amram, P.; Braine, J.; Cuillandre, J. C.; Gwyn, S.; Martocchia, S.; Vollmer, B.",Astronomy &amp; Astrophysics,705,A139,peer reviewed,full text,NGC4569,direct Halpha imaging and spectroscopy,Secs. 3-7,https://doi.org/10.1051/0004-6361/202556225,https://ui.adsabs.harvard.edu/abs/2026A&A...705A.139S/abstract,https://arxiv.org/abs/2507.02527,Crossref resolved; local SIMBAD/ADS snapshot matched; checked 2026-08-12
