component,logMstar,logSFR,logMHI,logMH2,DMS,velocity,class,primary_mechanism,secondary_mechanism,hi_evidence,multiwavelength_evidence,event_sequence,timing,contradictions,history_confidence,gfmr_implication,mauve_tests,key_citations,stage,target_id,yoon_class,koppen_status,preferred_aliases,grade_hi,grade_co,grade_ionized_uv,grade_stars_dust,grade_radio,grade_xray,grade_dynamics,mention_links,unique_bibcodes
NGC4189,9.734349250793455,-0.3456504344940185,8.780265250927675,8.5520601272583,-0.060321569442749,1995,1.0,weak hydrodynamic perturbation or group tide,internal warp,The H I disk extends slightly beyond the optical disk and is broadly symmetric but warped; the southeastern side has locally enhanced H I.,"Halpha and radio emission are also enhanced to the southeast. VIVA notes its likely M-cloud/background location and nearby dwarf companions, so neither ICM compression nor a tidal origin is uniquely selected.",A largely gas-normal disk was mildly disturbed; no evidence establishes a completed stripping passage.,No published pericentric or quenching clock was found; only a present-day weak-disturbance state is defensible.,"Yoon class 0 and the absence of a Köppen entry agree that a strong stripping history is unproven, but do not distinguish tide, warp, or weak ram pressure.",low-moderate,"Any metallicity-SFR offset should be interpreted as a possible local gas-supply or compression effect, not as a calibrated infall-time sequence.",Use MUSE gas-star kinematic residuals and outer-disk abundance asymmetry; compare the southeastern sector to the opposite side and to resolved CO.,Chung2009;Yoon2017;Brown2021,pre-peak,NGC4189,0,not included,VCC 89; UGC 7235; IC 3050; NGC 4189,3,2,2,1,1,0,1,295,295
NGC4192,10.764348983764648,0.114349365234375,9.655332657810003,9.122060775756836,-0.280120849609375,-118,1.0,weak or incipient environmental processing,bar/warp and projection,"M98 has an extended, asymmetric southeastern H I distribution and a warp but is not strongly H I deficient in the adopted catalogue context.","The central gas field is bar-distorted. MAUVE-MUSE finds resolved ionized-gas/metallicity structure, but these data do not by themselves prove a stripping epoch.",An intrinsically warped barred disk may be experiencing low-level pressure; a severe completed event is not required by its current gas reservoir.,"No tailored clock. Köppen labels a low-deficiency active case, whereas Yoon class IV is morphology-based and MAUVE adopts pre-peak.","This is a formal reclassification audit: Yoon IV would normally map to a slow/post category, while Köppen places it among low-deficiency active strippers. The retained pre-peak label records the lack of strong present truncation, not certainty about first infall.",moderate for weak processing; low for orbital stage,"Because H I remains abundant, gas mass may still track inflow-like dilution more closely than SFR; bar-driven SFE changes and environmental gas removal are confounded.",Measure leading/trailing metallicity and DIG asymmetries; combine MUSE with H I/CO velocity residuals before assigning a direction of motion.,Chung2009;Yoon2017;Koppen2018;Brown2026;Huang2026,pre-peak,NGC4192,IV,active,M 98; VCC 92; UGC 7231; NGC 4192,3,2,3,2,1,0,2,505,505
NGC4222,9.434349060058594,-0.885650634765625,8.832038478282383,7.9320597648620605,-0.4023218154907226,225,1.0,none established; possible weak ram pressure,warp,"The extended, non-deficient H I disk is warped but lacks the bridge or one-sided truncation expected for a strong interaction with nearby NGC 4216.",The stellar disk is comparatively regular. Survey radio/X-ray coverage supplies measurements but no dedicated causal history.,"The galaxy is best treated as a minimally processed/weakly perturbed comparison object, with a possible early pressure signature left open.",No dedicated timing constraint.,Yoon class 0 conflicts mildly with Köppen's low-deficiency active assignment; both are low-leverage classifications for this object.,low,A near-normal gas reservoir makes this a useful control for separating ordinary resolved MZR/SFR structure from removal-driven offsets.,Search for faint one-sided ionized gas and compare outer-disk CO/H I truncation radii; do not use phase space alone as an orbit.,Chung2009;Yoon2017;Koppen2018;Brown2021,pre-peak,NGC4222,0,active,VCC 187; UGC 7291; IC 3087; NGC 4222,3,2,1,1,1,1,1,211,211
NGC4254,10.504349708557127,0.684349536895752,9.672950451534025,9.742060661315918,0.4614787101745605,2453,1.0,high-speed tidal encounter/harassment,weak ongoing ram pressure,M99 has a strongly asymmetric disk and an approximately 250 kpc star-poor H I stream. The main disk remains H I rich rather than classically truncated.,ALFALFA and numerical work connect the stream to a rapid fly-by; low-frequency radio asymmetry and VESTIGE Halpha knots in stripped gas indicate that ICM interaction may operate simultaneously.,A fast gravitational encounter generated the one-armed response and long tidal debris; subsequent/ongoing weak ram pressure modified diffuse gas and radio plasma without producing severe global deficiency.,"Tail models disagree in detail: a combined encounter model gives about 280 Myr since closest passage, whereas the VIRGOHI21 high-speed-tail model gives about 750 Myr. The difference is model-dependent, not a measurement error bar.","Pure RPS cannot readily explain the star-poor 250 kpc feature, while pure tide underpredicts some radio/edge signatures. The weight of evidence favours a compound history; the identity of the perturber remains uncertain.",high for a past fast encounter; moderate for current RPS,"Tidal gas rearrangement and weak stripping can change gas mass, SFE, and local dilution in different directions. A single pre-peak code is therefore insufficient for FMR interpretation.",Map abundance and SFE along the one-arm/tail-launch geometry; test whether compressed radio edges correspond to enhanced CO or merely aged cosmic rays.,Chung2009;Yoon2017;Haynes2007;Vollmer2005;DucBournaud2008;Kantharia2008,pre-peak,NGC4254,I,non-deficient,M 99; VCC 307; UGC 7345; NGC 4254,3,3,3,2,3,1,3,1019,1019
NGC4294,9.364349365234377,-0.4056506156921386,9.239790613793032,7.612060070037842,0.123878002166748,421,1.0,early ram pressure stripping,tidal interaction with NGC 4299,A roughly 27 kpc gas-only H I tail and lopsided disk identify recent removal of diffuse gas.,Nearby NGC 4299 and the disturbed stellar/gas geometry leave a tidal contribution plausible; large-scale radio work is consistent with an environmentally perturbed magnetized ISM.,"A mild gravitational perturbation may have loosened outer gas, followed by or concurrent with an ICM wind that formed the one-sided tail.",No tailored clock; the tail is a present/recent indicator rather than a quantified time to peak.,Yoon I and Köppen active agree on ongoing/early processing but cannot apportion tide and RPS.,moderate,"Gas loss can reduce H I before SFR responds, moving the galaxy off an H I-based gFMR while leaving the SFR-FMR temporarily less affected.",Compare tail-side Halpha/metallicity to the leading half; model the NGC4294/4299 relative orbit before attributing all asymmetry to pressure.,Chung2009;Yoon2017;Chung2007;Koppen2018;Vollmer2013,pre-peak,NGC4294,I,active,VCC 465; UGC 7407; NGC 4294; KPG 330; KPG 330b,3,2,2,1,2,0,2,321,321
NGC4321,10.781280517578123,0.6112806797027588,9.48574802436492,9.70206069946289,0.2056353092193603,1579,1.0,weak tidal perturbation,possible weak ram pressure,M100 is H I rich with a southwestern extension/warp and a faint bridge toward NGC 4323; there is no severe truncation.,Rich CO and star-formation data mostly diagnose internal bar/spiral physics. Environmental survey studies supply context but no dedicated stripping history.,A mild companion interaction and/or weak ICM contact perturbed outer atomic gas while leaving the molecular/star-forming disk broadly normal.,No event clock was found.,"Yoon 0 classifies no definite stripping, whereas Köppen's analytical selection lists it as low-deficiency active; the observations carry more weight than the analytical tag.",low-moderate,Internal bar/spiral SFE variations dominate many resolved relations; environmental interpretations require an outer-disk signature that is not yet isolated.,Use MAUVE to separate bar/arm/interarm metallicity structure from the southwest H I anomaly and possible companion bridge.,Chung2009;Yoon2017;Koppen2018;Brown2021,pre-peak,NGC4321,0,active,M 100; VCC 596; UGC 7450; NGC 4321,3,3,2,2,1,1,2,1977,1977
NGC4351,9.35434913635254,-0.9256505966186525,8.502617954147384,7.71205997467041,-0.3895215988159179,2388,1.0,active/early ram pressure stripping,possible gravitational perturbation,"A sharp H I cutoff and short one-sided tail, together with a compressed edge, indicate current pressure.",Radio compression supports an ICM wind; shell-like/offset stellar structure means gravity may also have disturbed the disk.,A galaxy on a high-velocity radial approach is losing its outer atomic gas now; a prior gravitational perturbation may explain the stellar asymmetry.,No tailored numerical time; the morphology constrains an active stage only.,"Yoon I indicates early stripping, while Köppen assigns a past-strip solution. The disagreement shows how analytical deficiency fits can conflict with direct present morphology.",moderate-high for active RPS; low for prior tide,"A leading-edge compression episode can transiently raise local SFR/SFE while global H I falls, so local and global FMR residuals need not share a sign.",Test shocked/DIG gas at the compressed edge and derive stellar-versus-gas kinematic asymmetry to isolate a gravitational component.,Chung2009;Yoon2017;Koppen2018,pre-peak,NGC4351,I,past,VCC 692; UGC 7476; NGC 4351; NGC 4354,3,2,2,2,2,0,2,241,241
NGC4383,9.424348831176758,-0.005650520324707,9.491804231846636,8.242059707641602,0.4842786788940429,1663,1.0,recent gas acquisition and starburst feedback,tidal perturbation,"The H I disk is exceptionally massive and extended, with irregular outer clouds rather than a stripped/truncated morphology.",MAUVE-MUSE resolves a roughly 6 kpc bipolar ionized outflow. The galaxy is a metallicity outlier below the ensemble rMZR; this is consistent with recent gas-supply disturbance but does not identify the donor or orbit.,"External gas acquisition or a tidal perturbation plausibly fuelled a central starburst, which launched the observed wind; direct Virgo ICM stripping is not the dominant observed process.",Outflow dynamical times are Myr-scale and source-dependent; no secure cluster-pericentre time exists. Do not equate the wind age with the interaction age.,"Yoon 0 and Köppen non-deficient agree against strong stripping. The accretion trigger is an inference from H I richness, morphology and metallicity, not a directly identified encounter.",high for feedback outflow; moderate for recent gas supply; low for orbital history,This is the clearest case where gas accretion/dilution and non-disk ionized emission can drive a gFMR/FMR residual independently of cluster stage; Halpha may not be a clean in-situ SFR proxy in the wind.,"Use CO/H I metallicity mixing maps, separate disk HII regions from outflow spaxels, and search deep imaging/kinematics for an accretion donor.",Chung2009;Yoon2017;Watts2024;Huang2026,pre-peak,NGC4383,0,non-deficient,VCC 801; UGC 7507; NGC 4383,3,3,3,2,1,1,2,279,279
NGC4396,9.344348907470703,-0.6856505870819092,8.962783151428534,7.922060012817383,-0.1429212093353271,-115,1.0,early ram pressure stripping,possible high-speed tide,A long northwestern H I tail and gas-free outer stellar disk favour removal of diffuse gas.,"The radio continuum does not show every expected wind diagnostic, so the tail geometry is not uniquely hydrodynamic; MAUVE ionized-gas data provide a current disk-state measurement.","Recent outer-disk gas loss is likely; a fast encounter may have contributed, but no perturber is securely tied to the event.",No tailored timing constraint.,"Yoon I and Köppen active support ongoing processing, while the incomplete radio signature lowers mechanism confidence.",moderate,Outer gas removal should first change gas fraction and resolved radial sampling; an integrated metallicity increase could reflect loss of low-metallicity outskirts rather than rapid enrichment.,"Measure tail-side gas excitation and metallicity, and compare gas/stellar residual fields for a tidal impulse.",Chung2009;Yoon2017;Koppen2018;Edler2024;Brown2026;Huang2026,pre-peak,NGC4396,I,active,VCC 865; UGC 7526; NGC 4396,3,2,3,1,2,0,2,209,209
NGC4535,10.527653694152832,0.347653865814209,9.54225709401326,9.282060623168944,0.1094021797180175,1973,1.0,weak ongoing ram pressure,internal spiral structure,The H I disk is extended and close to normal but has a cutoff on the M87-facing side and an extension on the opposite side.,Radio asymmetry offers weak support for pressure; abundant PHANGS/VERTICO measurements otherwise emphasize internal disk dynamics.,A low-level ICM wind is beginning to reshape outer atomic gas without wholesale depletion.,No tailored clock.,"Yoon I and Köppen active are consistent, but both evidence and effect size are modest.",moderate-low,This system tests the earliest regime where gas geometry changes before large SFR or metallicity offsets emerge.,"Target leading/trailing HII-region abundances and DIG, and compare CO/H I edge radii at matched sensitivity.",Chung2009;Yoon2017;Koppen2018;Brown2021,pre-peak,NGC4535,I,active,VCC 1555; UGC 7727; NGC 4535,3,3,2,2,2,1,2,690,690
NGC4567,10.234349250793455,0.0143494606018066,9.001373520221774,8.70206069946289,-0.0303215980529785,2213,1.0,direct galaxy-galaxy collision,no strong ICM stripping established,H I connects the pair; assigning integrated H I flux to either component is uncertain in the overlap.,"CO and H I show enhanced molecular fraction in the overlap. ALMA resolves a continuous roughly 50 km/s connection and a 1.8 x 0.35 kpc molecular collision-front filament, but later line ratios indicate low excitation rather than a mature dense starburst ridge.",NGC4567 and NGC4568 are undergoing first close contact; localized gas compression and phase conversion precede any merger remnant or global starburst.,"The encounter is early/pre-coalescence, but no defensible absolute pericentre time or Virgo orbital clock is published; cloud free-fall times are not encounter ages.","The system is Yoon 0 and absent from Köppen. Integrated SFR/SFE remains normal within scatter, so a collision front is not equivalent to global enhancement; cluster RPS is not securely established.",high for pair interaction; no secure pair or cluster clock,"Localized H I-to-H2 conversion and mixing can affect resolved gFMR projections, but there is no direct abundance-dilution measurement and no demonstrated galaxy-wide SFE enhancement.",Decompose MUSE velocities and metallicities by component and overlap; keep NGC4567 and NGC4568 gas budgets separate wherever the data allow.,Chung2009;Yoon2017;Nehlig2016;Kaneko2017;Kaneko2018;Kaneko2022;Kaneko2023,pre-peak,NGC4567_8,0,not included,VCC 1673; UGC 7777; NGC 4567; KPG 347a; VV 219a,3,3,2,2,2,0,3,340,340
NGC4568,10.454349517822266,0.2743494510650635,9.206983338571463,9.282060623168944,0.0844786167144775,2260,1.0,direct galaxy-galaxy collision,tidal compression/shear; no strong ICM stripping established,"H I bridges the pair, but component fluxes are blended; NGC4568 has its own catalogued gas and stellar properties.",The molecular collision front is gravitationally bound but low excitation (maximum CO(3-2)/CO(1-0) about 0.17+/-0.04). Radio polarization is consistent with tidal compression/shear rather than strong ongoing RPS.,"NGC4568 participates in the same first-contact event, with localized phase conversion/compression rather than evidence for global stripping or a mature overlap starburst.",The encounter is early/pre-coalescence; no secure absolute encounter time or Virgo pericentre time is published.,Yoon 0 and no Köppen entry support leaving the ICM history unclassified. Resolved SFE is at most slightly enhanced in the overlap and the pair-wide value is normal within uncertainty.,high for pair interaction; no secure pair or cluster clock,Local compression/mixing can move spaxels across resolved FMR projections without implying an ICM sequence; direct oxygen-abundance evidence is still needed.,Fit two stellar/gas velocity systems and exclude overlap spaxels when establishing each component's baseline resolved MZR and SFE.,Chung2009;Yoon2017;Nehlig2016;Kaneko2017;Kaneko2018;Kaneko2022;Kaneko2023;Vollmer2013,pre-peak,NGC4567_8,0,not included,VCC 1676; UGC 7776; NGC 4568; KPG 347b; VV 219b,3,3,2,2,3,0,3,397,397
NGC4298,10.094348907470703,-0.2756505012512207,8.721483093267327,8.95206069946289,-0.2279210090637207,1122,2.0,ram pressure plus interaction with NGC4302,pair tide,"The H I disk is sharply cut on one side and diffuse on the other, with a disturbed distribution in the physical pair.",A compressed radio edge supports an ICM wind; pair geometry and shared disturbances require a tidal contribution.,Mutual gravity perturbed the disks while ram pressure acted on exposed diffuse gas; neither mechanism alone explains every asymmetry.,No tailored event time. The pair's current proximity is observed; a pericentric clock is not.,Yoon II and Köppen active agree on current processing but cannot separate pair and cluster forces.,high for mixed processing; moderate for chronology,"Gas redistribution/compression may raise local SFE even as H I is removed, creating different trajectories in gas-FMR and SFR-FMR space.","Jointly model both disks with MUSE stellar/gas velocities, radio leading edges and CO compression; avoid treating pair membership as mere noise.",Chung2009;Yoon2017;Koppen2018;Vollmer2013;Brown2026;Huang2026,near-peak,NGC4298,II,active,VCC 483; UGC 7412; NGC 4298; KPG 332a,3,3,3,2,3,1,3,364,364
NGC4302,10.454349517822266,-0.2956504821777344,9.19807506825563,8.96205997467041,-0.4855213165283203,1111,2.0,active ram pressure stripping,interaction with NGC4298 and disk-halo flows,The edge-on disk has a southern truncation and northern H I extension/tail.,"Diffuse ionized-gas halo and extraplanar material are well measured; radio data support environmental perturbation, while the companion can affect disk structure.","The ICM is displacing outer gas, superposed on an interacting edge-on pair and ordinary fountain/accretion flows.",No robust stripping clock; morphology indicates a current/recent event.,Yoon II and Köppen active converge on ongoing processing. Extraplanar gas is not automatically stripped gas because disk-halo circulation is an alternative.,moderate-high,Separating fountain gas from stripped gas is essential: recycled metal-rich extraplanar gas and externally removed low-density gas have opposite metallicity implications.,"Use line ratios, rotation lag and metallicity of extraplanar gas to distinguish fountain, accretion and ICM displacement.",Chung2009;Yoon2017;Koppen2018;Brown2021,near-peak,NGC4302,II,active,VCC 497; UGC 7418; NGC 4302; KPG 332b,3,3,2,2,2,1,2,349,349
NGC4330,9.614349365234377,-0.8556504249572754,8.674606110400156,8.202059745788574,-0.491121768951416,1567,2.0,active pre-peak ram pressure stripping,minor internal asymmetry,"A sharply truncated H I disk and one-sided tail, with undisturbed outer stars, directly identify ongoing outside-in stripping.",GALEX/VESTIGE show a radial quenching gradient; CO is also affected but less strongly. Ionized-gas kinematics trace stripped diffuse material.,Outer gas began disappearing first; the stripping front progressed inward while the galaxy approached peak pressure and continues to quench the disk outside-in.,"Tailored modelling places the galaxy about 100 Myr before peak. Resolved stellar-population fits find outer regions quenched roughly 400-600 Myr ago, the Halpha truncation radius about 100 Myr ago, and characteristic local SFR decay times near 50 Myr. These clocks measure different radii/processes.",The model time to pressure peak is not the same as time since quenching at a given radius. Their apparent difference is physically expected in progressive outside-in stripping.,high,"NGC4330 provides a time-ordered test: gas fraction falls first, local SFR follows quickly at each radius, and metallicity can rise through halted dilution and radial-selection effects.","Measure abundance/SFE across the dated quenching front and along the tail, with explicit radius-dependent clocks rather than one galaxy-wide stage.",Chung2009;Yoon2017;Vollmer2009;Abramson2011;Vollmer2012;Fossati2018;Koppen2018,near-peak,NGC4330,II,active,VCC 630; UGC 7456; NGC 4330,3,3,3,3,3,1,3,249,249
NGC4388,10.054348945617676,0.3843495845794678,8.59246566289486,8.752059936523438,0.4584786891937256,2538,2.0,strong recent ram pressure stripping,AGN illumination/outflow,"The severely truncated disk feeds a roughly 110 x 25 kpc, star-poor H I plume containing about 3.4e8 Msun; this is among the clearest direct gas-removal cases.","The 35 kpc ionized VEELR is mostly stripped gas photoionized by the Seyfert nucleus, with shocks in outer/high-velocity regions. X-ray absorption places the H I in front of M86 and favours the main Virgo/M87 atmosphere; CO about 70 kpc down-tail shows inefficient in-situ molecule formation.","A high-pressure encounter removed most outer gas; stripped multiphase material persists far downstream while the active nucleus illuminates, shocks or drives physically distinct ionized components.","The 2009 model is about 150 Myr after peak; updated tailored work gives about 240 Myr after peak, while outer-disk SFHs give 190+/-30 Myr since quenching. These are different clocks, and the tailored peak has no formal statistical error.","MAUVE/Yoon near-peak grouping is morphological, while tailored work is post-peak. Later X-ray geometry weakens the earlier tentative M86-halo origin, though local structure can contribute. No single model fits every disk/tail observable; AGN emission must not be counted as stripped-gas star formation.",very high for stripping; high-moderate for exact ICM/orbit,"Gas loss is extreme, but line ratios are AGN contaminated; SFR-FMR work needs strict HII selection. Tail depletion times of about 1.6e10 to >1.4e12 yr show that gas presence does not imply efficient star formation.","Separate AGN cone, shocks, extraplanar tail and disk HII emission spectroscopically; use metallicity/velocity continuity to identify stripped parcels.",Chung2009;Yoon2017;Oosterloo2005;Yoshida2002;Yoshida2004;Vollmer2009;Vollmer2018;Pappalardo2010;Gu2013;Verdugo2015;Wezgowiec2011;CrowlKenney2008,near-peak,NGC4388,II,active,VCC 836; UGC 7520; NGC 4388,3,3,3,2,3,3,3,1442,1442
NGC4402,10.114349365234377,-0.2056505680084228,8.594603097469754,8.972060203552246,-0.1711218357086181,190,2.0,active ram pressure stripping,dense-cloud decoupling,"A compressed southeastern edge, sharp H I truncation and northwestern extraplanar tail show an ICM wind acting now.",Dust filaments reveal ablation and dense-cloud decoupling; ALMA detects compressed and extraplanar molecular gas. Radio polarization/deficit patterns independently locate the windward edge.,"Diffuse outer gas was stripped first; denser clouds partially decoupled and are now ablated, while even molecular gas is compressed/displaced.",Outer-disk stellar work gives less than about 200 Myr since local quenching; no single tailored time to peak is as secure as for NGC4330/4501/4522.,"The current wind is certain, but individual extraplanar dense clouds may be transiently bound or fall back; molecular removal is not uniform.",high,This is a direct demonstration that environment can alter both gas mass and local SFE. Dense surviving clouds and stripped diffuse gas should occupy different resolved gFMR pathways.,"Pair cloud-scale CO, extinction and metallicity with leading/trailing MUSE maps; identify bound versus escaping components kinematically.",Chung2009;Yoon2017;Crowl2005;CrowlKenney2008;Abramson2014;Lee2017;Cramer2020;Edler2024,near-peak,NGC4402,II,active,VCC 873; UGC 7528; NGC 4402,3,3,3,3,3,1,3,424,424
NGC4424,9.895280838012695,-0.5147197246551514,8.310932556139973,8.182060241699219,-0.3356053829193115,447,2.0,intermediate-ratio merger remnant plus ongoing ram pressure,central starburst outflow,A roughly 110 kpc one-sided H I tail and strongly disturbed central gas coexist with a shell/banana-shaped stellar body.,"Low V/sigma, possible gas counter-rotation and non-circular CO establish a recent roughly 1:4-1:10 merger. VESTIGE finds outside-in Halpha truncation and an RPS tail, while the opposite 10 kpc NW ionized feature is a shock-excited starburst outflow supported by radio polarization.","A gravitational encounter transformed the stellar disk and concentrated gas; ongoing near-face-on ram pressure removed low-density material, while the central burst powered a distinct outflow.","West/east outer-disk quenching times are 281+/-27 and 251+/-14 Myr; a simple central SFH event is 179+/-68 Myr. The merger is inferred within roughly 500 Myr, not dynamically dated.",Yoon II and Köppen active classify the gas morphology but omit the prior merger. The southern stripping tail and NW outflow are physically different; treating all extraplanar gas as one mechanism is wrong.,high for compound history; moderate for detailed ordering,Merger-driven inflow/mixing and selective outer removal can be simultaneous; shock/outflow spaxels and non-HII excitation must be excluded before interpreting metallicity residuals.,"Reconstruct stellar populations and metallicity along shells, central inflow and both tails; use gas-star misalignment to time gravity separately from stripping.",Kenney1996;Cortes2006;Chung2009;Yoon2017;CrowlKenney2008;Boselli2018;Vollmer2013;Koppen2018,near-peak,NGC4424,II,active,VCC 979; UGC 7561; NGC 4424,3,3,3,3,3,1,3,413,413
NGC4501,10.984349250793455,0.4143495559692383,9.24583753707838,9.562060356140137,-0.1253213882446289,2120,2.0,pre-peak ram pressure stripping,internal spiral/bar response,A compressed southwest/southeast H I edge and extended opposite side provide a textbook early-stage wind geometry.,Polarized radio ridge and MAUVE ionized-gas asymmetry support current compression; CO studies show multiphase response rather than simple atomic-only loss.,"The galaxy is approaching maximum pressure; the leading side is compressed while diffuse gas is displaced to the trailing side, before severe symmetric truncation.",Tailored models place it roughly 200-300 Myr before peak (Vollmer 2009 adopts -250 Myr). Model variants span about 190-320 Myr and depend on pressure profile/orientation.,Projected phase space cannot by itself fix the clock; the tailored multi-tracer fit is stronger but still model-dependent. Compression need not imply globally enhanced star formation.,high,"This is the clean pre-peak comparator: pressure can redistribute gas and DIG before major gas depletion, potentially altering local SFE/SFR while total gas remains substantial.","Test leading-versus-trailing metallicity, DIG fraction and CO excitation against the model wind vector; compare with NGC4522 near peak.",Chung2009;Yoon2017;Vollmer2008;Vollmer2009;Nehlig2016;Koppen2018;Brown2026;Wezgowiec2011,near-peak,NGC4501,II,active,M 88; VCC 1401; UGC 7675; NGC 4501,3,3,3,2,3,2,3,849,849
NGC4522,9.644349098205566,-0.7956504821777344,8.557644823738448,8.172060012817383,-0.4509210586547851,2332,2.0,near/post-peak ram pressure stripping,dense-cloud decoupling and ICM-ISM mixing,The H I disk is truncated to roughly 0.35 optical radii with abundant extraplanar gas while the stellar disk is undisturbed.,"HST dust, CO, radio and MUSE all show direct multiphase stripping. New high-resolution radio spectra indicate shock re-acceleration and mixing; extraplanar thermal emission is not solely star formation.","A strong ICM encounter compressed the leading edge, removed diffuse and some molecular gas, and left dense clouds temporarily decoupled in the extraplanar flow.",Tailored modelling gives about 50 Myr after pressure maximum; outer-disk stellar quenching is about 100+/-50 Myr. The pressure excess requires local ICM substructure or relative ICM motion.,"The adopted near-peak label covers an object that best-fit models place just after peak. Static smooth-ICM models underpredict the required pressure, so orbit-only interpretations are inadequate.",very high,"Because shocks/mixing add ionized emission and CO-bearing clouds survive, both Halpha SFR and gas mass require phase-aware measurement. The galaxy is a benchmark for non-equilibrium gFMR tracks.","Separate HII, shock/mixing and DIG components; measure cloud-by-cloud metallicity, CO, and escape/fallback kinematics across the wind interface.",Kenney2004;CrowlKenney2006;Vollmer2006;Chung2009;Vollmer2009;Abramson2014;Lee2017;Yoon2017;Choi2026;Brown2026,near-peak,NGC4522,II,active,VCC 1516; UGC 7711; NGC 4522,3,3,3,3,3,2,3,400,400
NGC4654,10.244349479675291,0.2943494319915771,9.499016988077466,9.192060470581056,0.2430779933929443,1035,2.0,tidal interaction plus weak ram pressure,stellar feedback,A long southeastern H I tail and northwestern compressed edge cannot be reproduced simultaneously by a single simple perturbation.,Models and polarized radio data favour a close tidal encounter with NGC4639 about 500 Myr ago plus weak ongoing pressure; resolved CO/SF work adds feedback and gas-compression constraints.,Tides pulled gas outward and generated asymmetric stellar/gas structure; weak ram pressure then acted efficiently on the loosened gas and continues to shape the outer arm.,"The preferred model places the NGC4639 encounter about 500 Myr ago; ongoing pressure is weak. This is a tidal clock, not time from Virgo pressure peak.",Köppen lists the galaxy as non-deficient despite Yoon II morphology; this is expected because strong asymmetry can occur without large integrated deficiency in a mixed tide+RPS event.,high,"Tides first change gas geometry, then weak pressure removes exposed gas; local SFE/metallicity effects can precede a large global H I deficit.","Map abundance and SFE separately in the tidal inner arm, pressure-dominated outer arm and tail; compare to the published wind/encounter geometry.",Vollmer2003;Soida2006;Chung2009;Yoon2017;Chung2014;Lizee2021;Edler2024,near-peak,NGC4654,II,non-deficient,VCC 1987; UGC 7902; IC 3708; NGC 4654,3,3,2,2,3,1,3,604,604
NGC4694,9.924348831176758,-0.8656506538391113,8.429353677573218,8.092060089111328,-0.705721378326416,1211,2.0,tidal accretion/merger debris,possible secondary ICM reshaping,"A coherent 38-50 kpc, roughly 1.1e9 Msun H I bridge/debris complex connects NGC4694 with the tidal-dwarf candidate VCC2062; its structure, high column density and stellar bridge favour gravity over a clean wind tail.","CO, young stars and 12+log(O/H) about 8.6-8.7 in VCC2062 prove recycled, pre-enriched tidal material. Molecular depletion times are roughly 1-2e10 yr and can reach 6e10 yr locally.",A slow unequal-mass gas-rich merger produced the bridge and tidal dwarf; ram pressure may reshape the debris but is not the primary explanation.,The completed single-nucleus merger is inferred to be several hundred Myr old. CIGALE burst ages are 376+/-99 Myr globally and 313+/-86 Myr in the CO region; neither is a pressure-peak clock.,"Yoon II is contaminated by counting a tidal bridge as a one-sided stripping feature, and Yoon notes the within-disk morphology resembles class III. Köppen's analytical past-strip label is weaker than the dedicated tidal evidence.",very high for tidal history; low for ICM history,"VCC2062 is pre-enriched recycled gas, not pristine inflow or ordinary dwarf chemistry. Merger mixing/inflow may affect NGC4694, but its resolved abundance history remains unmeasured.",Use MUSE metallicity/kinematic continuity from disk to bridge and combine with CO to distinguish recycled accretion from any stripped component.,Duc2007;Lisenfeld2016;Chung2009;Yoon2017;Koppen2018;Brown2026;Huang2026,near-peak,NGC4694,II,past,VCC 2066; UGC 7969; NGC 4694,3,3,3,3,1,0,3,306,306
NGC4064,10.046130180358888,-0.4938697814941406,7.626684233306289,8.27206039428711,-0.414316177368164,1000,3.0,past ram pressure plus gravitational disturbance,star-formation-driven outflow,"H I is confined to the inner few kiloparsecs and strongly deficient, while the outer stellar body is much less truncated.",Non-circular gas and central star formation indicate a gravitational perturbation. MAUVE-MUSE now directly resolves a bipolar ionized outflow with mass loading about 1.66 from the remaining central gas.,"A past encounter/stripping episode removed the outer gas and concentrated what survived; approximately 0.4 Gyr later, residual central star formation is driving a wind that may accelerate final quenching.",Outer-disk stellar quenching is about 425+/-75 Myr. The outflow depletion argument is current and uncertain in electron density/geometry; much outflowing gas may remain bound.,"RPS alone does not explain all non-circular/stellar features. Feedback is a late-stage mechanism, not evidence that the original stripping was feedback-driven.",high for past processing and current outflow; moderate for mechanism ordering,"This is a two-step path: environmental gas loss changes gas fraction, then feedback changes SFR and observable ionized gas. It can depart from equilibrium gFMR expectations in more than one direction.","Measure outflow metallicity and escape fraction, central CO depletion, and stellar-age asymmetry to separate the prior gravitational and hydrodynamic events.",Cortes2006;CrowlKenney2008;Chung2009;Yoon2017;Koppen2018;Attwater2026,post-peak,NGC4064,III,past,UGC 7054; NGC 4064,3,3,3,3,2,1,3,190,190
NGC4216,10.894349098205566,-0.2156505584716797,9.27460319759266,8.822060585021973,-0.6959209442138672,30,3.0,long-term gas depletion plus satellite accretion,possible preprocessing/slow ICM process,"The H I disk is fairly regular but low surface density and deficient, without a clear current stripping edge.","Deep optical imaging to about 29 mag arcsec^-2 reveals multiple streams, loops and disrupting dwarfs, directly proving ongoing gravitational bombardment; no extended group X-ray halo is detected.","Slow/older gas depletion and repeated minor accretion coexist; the streams need not have caused the H I deficiency, and an ICM or viscous-stripping history remains plausible.","No unique pressure clock. Stream survival is probably shorter than about 1 Gyr. A core passage at least roughly 1 Gyr ago is a travel-time scenario, not a fitted orbit.","Yoon IV and Köppen past imply evolved gas processing, but Paudel establishes satellite interactions and leaves the stripping epoch ambiguous. Nearby NGC4222 has regular H I, so a simple bound-group preprocessing narrative is not demonstrated.",high for minor accretion; low for gas-loss epoch,"Tidal accretion can add stars/gas while slow stripping removes diffuse H I, making global gas and metallicity histories non-monotonic; the streams alone do not demonstrate metal-poor inflow.",Use MUSE stellar populations/kinematics at stream interfaces and compare outer-disk gas metallicity to test whether accreted material reached the disk.,Chung2009;Yoon2017;Paudel2013;Koppen2018,post-peak,NGC4216,IV,past,VCC 167; UGC 7284; NGC 4216,3,2,1,3,1,1,2,428,428
NGC4293,10.526727676391602,-0.243272066116333,7.45059377366679,8.732060432434082,-0.480912446975708,717,3.0,past strong gas stripping,bar/interaction-driven central gas,The galaxy is extremely H I deficient with gas confined centrally; absorption and non-circular motions are prominent.,A misaligned/disturbed stellar-gas configuration and strong bar/central activity point to gravitational/internal redistribution in addition to environmental removal.,Outer atomic gas was removed in an earlier passage; surviving gas settled or was driven into the centre by non-axisymmetric dynamics.,No direct stellar clock in the core set; analytical work calls it a past stripper/possible backsplash case.,"The gas deficit supports past removal, but the central kinematics cannot be assigned to RPS. Phase-space backsplash is probabilistic.",moderate-high,Loss of metal-poor outskirts and central aperture weighting can elevate measured metallicity without requiring closed-box enrichment; bar-driven SFE is a separate variable.,Measure age/metallicity at the truncation boundary and model bar versus external gas kinematics; avoid AGN/DIG spaxels.,Chung2009;Yoon2017;Koppen2018;Brown2026;Huang2026,post-peak,NGC4293,III,past,VCC 460; UGC 7405; NGC 4293,3,3,3,2,2,1,2,314,314
NGC4380,10.094348907470703,-0.7856504917144775,8.12935972806267,8.46205997467041,-0.7379209995269775,935,3.0,old/slow gas depletion,starvation or weak past stripping,"H I is mildly asymmetric, low surface brightness and deficient but lacks an active one-sided wind morphology.",The disk is anemic; CO and radio surveys provide measurements without a dedicated event reconstruction.,A slow process or relaxed remnant of an older stripping event reduced diffuse gas and star formation without leaving a strong current tail.,No direct clock.,"Yoon IV supports slow processes; Köppen labels past stripping. Current observations do not discriminate starvation, evaporation, or relaxed RPS.",moderate for processed status; low for mechanism,A slow fall in gas supply can move the system closer to equilibrium than impulsive stripping; radial aperture loss can still mimic metallicity enhancement.,Use stellar ages and outer-disk abundance gradients to distinguish prolonged starvation from an abrupt old truncation.,Chung2009;Yoon2017;Koppen2018;Brown2021,post-peak,NGC4380,IV,past,VCC 792; UGC 7503; NGC 4380,3,2,1,1,1,0,1,277,277
NGC4394,10.324349403381348,-0.8056504726409912,8.668675338443782,7.84205961227417,-0.9097211360931396,772,3.0,slow/old gas depletion,possible weak M85 tide,The H I disk is deficient and mildly truncated but strikingly symmetric.,"The galaxy is anemic. Although projected near M85, VIVA reports no decisive tidal signature linking the two.",Gas supply/removal acted gently or long enough ago for the disk to relax; no active stripping evidence remains.,No published event clock and no Köppen entry.,"Yoon IV supplies only a morphology class. Association with M85 is contextual, not causal evidence.",low-moderate,"This is a useful test of slow gas exhaustion: lower gas and SFR may remain coupled, unlike impulsive stripping, but aperture/radial effects must be controlled.",Derive spatially resolved SFHs and gas-star misalignment; search for subtle M85-facing age or metallicity asymmetry.,Chung2009;Yoon2017,post-peak,NGC4394,IV,not included,VCC 857; UGC 7523; NGC 4394; KPG 334b,3,2,1,1,1,0,1,380,380
NGC4405,9.734349250793455,-0.8956503868103027,7.6821993738032415,8.132060050964355,-0.6103215217590332,1751,3.0,past ram pressure stripping,none clearly established,"The H I disk is severely and symmetrically truncated while the stellar disk is regular, with little evidence for current pressure.",Outer-disk stellar populations are quenched; broad CO/survey data do not identify a competing gravitational event.,An earlier ICM passage removed outer gas; the remaining inner disk has since relaxed.,Outer-disk quenching is about 450+/-150 Myr.,"Yoon III and Köppen past agree. The clock dates cessation of local star formation, not necessarily exact pressure maximum.",high,A post-stripping system should show low gas fraction and radially censored star formation; metallicity offsets can arise from outside-in removal and halted dilution.,Measure metallicity/ages immediately inside and outside the old truncation radius and search for fallback gas.,CrowlKenney2008;Chung2009;Yoon2017;Koppen2018,post-peak,NGC4405,III,past,VCC 874; UGC 7529; IC 788; NGC 4405,3,2,1,3,1,0,2,169,169
NGC4419,10.23430061340332,0.0543005466461181,7.7894150681673056,8.972060203552246,0.0096619129180908,-228,3.0,past strong ram pressure stripping,central bar/nuclear processing,The H I disk is extremely small relative to the stars; extraplanar/absorption features suggest residual displacement or fallback.,The stellar disk is comparatively undisturbed. CO is centrally concentrated and historical observations show asymmetry; MAUVE ionized-gas data sample a strongly processed disk.,A strong event removed outer gas; surviving/fallback material and central dynamics now dominate the inner disk.,Outer-disk quenching is about 500+/-150 Myr (individual indicators vary). No current pressure maximum is inferred.,"The regular stellar disk favours hydrodynamic removal, while central non-axisymmetry may be internal. Negative line-of-sight velocity makes phase-space placement projection sensitive.",high,Strong radial truncation changes which metallicities enter integrated measurements; central gas retention can preserve SFR at very low H I mass.,Search for kinematically distinct fallback gas and compare central molecular SFE to the quenched outer-disk age gradient.,CrowlKenney2008;Chung2009;Yoon2017;Koppen2018;Brown2026;Huang2026,post-peak,NGC4419,III,past,VCC 958; UGC 7551; NGC 4419,3,3,3,3,2,1,2,423,423
NGC4450,10.684349060058594,-0.565650463104248,8.481079205097062,8.542059898376465,-0.9073214530944824,2048,3.0,old/slow environmental depletion,bar/AGN/internal secular evolution,"H I is moderately truncated and low surface density but symmetric, with no current tail or compressed edge.",Anemic star formation coexists with a bar and low-luminosity AGN; these internal processes complicate ionized-gas interpretation.,Diffuse gas was slowly removed/starved or stripped long ago; the present gas disk is relaxed.,No direct quenching or pressure clock.,Yoon IV and Köppen past agree on an evolved state but not on mechanism. AGN emission is not evidence of environment.,moderate-low,Slow depletion and AGN/DIG contamination make Halpha-based SFR especially vulnerable; gas-based relations may better record the environmental deficit.,"Use HII-only masks, stellar ages and outer CO/H I limits to distinguish starvation from old impulsive stripping.",Chung2009;Yoon2017;Koppen2018,post-peak,NGC4450,IV,past,VCC 1110; UGC 7594; NGC 4450,3,3,1,2,2,1,2,589,589
IC3392,9.823572158813477,-0.9864275455474854,7.664470809316811,8.232060432434082,-0.7599852085113525,1678,3.0,past ram pressure stripping,none clearly established,"The H I disk is severely, nearly symmetrically truncated while the stellar disk remains regular.",Outer-disk stars record cessation of star formation; no dedicated gravitational alternative is established.,"A strong ICM event removed outer gas, after which the remaining disk relaxed.",Outer-disk quenching is about 500+/-100 Myr.,Yoon III and Köppen past agree; the stellar clock is local and does not uniquely reconstruct the orbit.,high,The system anchors a clean post-stripping path in which low gas fraction and radial censorship precede continued central evolution.,Measure the abundance step/gradient across the truncation radius and compare central molecular SFE to other post-peak disks.,CrowlKenney2008;Chung2009;Yoon2017;Koppen2018;Huang2026,post-peak,IC3392,III,past,VCC 1126; UGC 7602; IC 3392,3,2,2,3,1,0,2,186,186
NGC4457,10.46871852874756,-0.4412813186645508,8.31364607507017,8.882060050964355,-0.6406354904174805,738,3.0,past/relaxed gas stripping,warp or minor accretion,The H I disk is small and asymmetric/warped but lacks a strong current wind signature.,Radio and MAUVE ionized-gas surveys reveal a processed disk but no dedicated orbital model; internal structure remains plausible.,An earlier mild-to-moderate removal episode and/or minor accretion disturbed gas; the present event status is relaxed.,No published clock; Köppen does not include the galaxy.,"Yoon III implies severe/past morphology, but VIVA describes a less decisive active signature. Mechanism confidence is limited.",moderate-low,"Gas warps/accretion can change metallicity and kinematics independently of stripping, so a post label alone cannot set the expected FMR residual.",Test gas-star misalignment and azimuthal metallicity asymmetry; determine whether the warp carries distinct abundance.,Chung2009;Yoon2017;Vollmer2013;Brown2026;Huang2026,post-peak,NGC4457,III,not included,VCC 1145; UGC 7609; NGC 4457,3,3,3,2,2,0,2,350,350
NGC4548,10.665937423706056,-0.2640619277954101,8.834491326112065,8.862060546875,-0.5935811996459961,498,3.0,slow or old stripping/starvation,bar dynamics,The H I disk is mildly truncated and low surface density; it is an anemic galaxy without a convincing present wind tail.,A strong bar dominates gas kinematics. LOFAR supplies environmental radio context but does not yield a unique stripping history.,Gas supply was reduced gradually or in an older event; the surviving disk evolved secularly under the bar.,No robust time. Earlier kinematic work explicitly questioned whether stripping is still active.,"Yoon IV and Köppen past support an evolved state, while direct evidence cannot choose starvation versus relaxed RPS.",moderate-low,Bar-driven SFE and slow gas depletion are degenerate in SFR-based FMR projections; spatial gas mass and stellar ages are needed.,Model bar streaming before searching for weak wind residuals; compare outer-disk ages to gas truncation.,Chung2009;Yoon2017;Koppen2018;Edler2024,post-peak,NGC4548,IV,past,M 91; VCC 1615; UGC 7753; NGC 4548,3,3,1,2,2,0,2,643,643
NGC4569,10.844348907470703,0.1443495750427246,8.819559186053745,9.45206069946289,-0.3029208183288574,-220,3.0,past strong ram pressure stripping,nuclear starburst/outflow,The H I disk is only about one third of the stellar extent and is highly deficient; extraplanar material and a newly traced 230 kpc Halpha tail record removed gas.,"A magnetized/nuclear outflow is distinct from the stripping tail. Spectroscopy along the 230 kpc tail shows a smooth velocity gradient toward the Virgo systemic velocity, directly tracing deceleration of stripped ISM.",A major pressure event removed the outer disk about 0.3 Gyr ago; a central wind developed from surviving gas while stripped clouds mixed with and decelerated in the ICM.,Tailored gas models and outer stellar populations both give about 300 Myr since peak/quenching (stellar uncertainty about 50 Myr). The far Halpha tail implies cloud survival at least about 0.5 Gyr under model assumptions.,The nuclear outflow contains far less mass than the stripped component and must not be used to explain the global deficiency. The 230 kpc tail strengthens RPS but cloud survival/mixing physics remain uncertain.,very high,"This galaxy combines genuine gas removal, long-lived ionized tail emission and a central wind; Halpha outside the disk is not in-situ SFR, while gas fraction strongly departs from equilibrium expectations.",Use tail metallicity/line ratios and MUSE disk SFHs to connect the 300 Myr event to present central SFE; exclude wind/tail emission from disk FMR fits.,Vollmer2004;Chyzy2006;CrowlKenney2008;Chung2009;Vollmer2009;Boselli2016;Yoon2017;Wezgowiec2011;Sun2026,post-peak,NGC4569,III,past,M 90; VCC 1690; UGC 7786; NGC 4569,3,3,3,3,3,3,3,957,957
NGC4579,10.904349327087402,0.0643494129180908,8.777485349925852,9.18206024169922,-0.4225213527679443,1627,3.0,old/slow gas depletion,bar and AGN,"The H I disk is moderately and symmetrically truncated, without a clear current tail.",A bar and LINER/Seyfert nucleus dominate central molecular and ionized-gas behavior.,Environmental gas loss/starvation acted in the past or slowly; the present disk is relaxed and central secular/AGN processes now dominate.,No environmental clock.,Yoon IV and Köppen past agree only at the broad level. AGN/torque studies are not environmental evidence.,moderate-low,AGN/DIG and bar inflow contaminate SFR/metallicity diagnostics; gas-based deficits should be interpreted separately from central emission.,"Apply conservative HII masks and compare outer stellar ages to H I/CO truncation, after subtracting bar streaming.",Chung2009;Yoon2017;Koppen2018,post-peak,NGC4579,IV,past,M 58; VCC 1727; UGC 7796; NGC 4579,3,3,1,2,2,1,2,1145,1145
NGC4580,9.966727256774902,-0.8732719421386719,7.469897451243499,8.422060012817383,-0.7413120269775391,1227,3.0,past ram pressure stripping/backsplash candidate,none clearly established,A severely truncated H I disk sits inside a regular stellar disk with no present tail.,Outer-disk stellar populations are quenched; the retained central disk continues limited star formation.,"A past ICM event stripped the outer disk, after which the galaxy moved to its current projected location and the gas morphology relaxed.","Outer-disk quenching is about 475+/-100 Myr. Backsplash status is a phase-space/model inference, not directly observed.",Yoon III and Köppen past converge. The current large projected radius does not uniquely prove a core passage.,high for past stripping; moderate for backsplash,The galaxy is a strong post-event test of how metallicity and SFE evolve for roughly half a Gyr after abrupt outside-in gas loss.,Derive a resolved age-metallicity profile across the fossil truncation and search for reaccreted/fallback gas.,CrowlKenney2008;Chung2009;Yoon2017;Koppen2018,post-peak,NGC4580,III,past,VCC 1730; UGC 7794; NGC 4580,3,2,1,3,1,0,2,235,235
NGC4606,9.851147651672363,-1.0888519287109375,7.419922225523208,8.012060165405273,-0.8806095123291016,1653,3.0,past severe gas stripping,gravitational disturbance,H I occupies only a small fraction of the stellar disk and is strongly deficient.,"The stellar morphology is disturbed, so tides/harassment likely contributed; no dedicated tailored model fixes the balance.","A gravitational perturbation altered the stellar disk and environmental pressure removed most diffuse gas, in uncertain order.",No direct clock; Köppen treats it as a past stripper.,"Yoon III and Köppen past support an evolved gas state, but a pure-RPS narrative is inconsistent with the disturbed stars.",moderate,"Tidal inflow and gas stripping can offset one another in SFR and metallicity, making an integrated post-peak residual non-unique.",Use stellar/gas kinematic misalignment and SFHs to order the tidal and stripping events; constrain remaining central CO SFE.,Chung2009;Yoon2017;Koppen2018;Edler2024,post-peak,NGC4606,III,past,VCC 1859; UGC 7839; NGC 4606,3,2,1,2,1,0,2,175,175
NGC4607,9.624349594116213,-0.5956504344940186,8.36704318403414,8.442060470581055,-0.2377212047576904,2284,3.0,past or ongoing ram pressure stripping,projected association with NGC4606,The edge-on H I disk is truncated and deficient.,The approximately 600 km/s velocity difference and lack of a clear tidal bridge weaken the idea that NGC4606 is a bound perturber. LOFAR identifies NGC4607 as a new radio-RPS candidate.,ICM interaction likely truncated the disk; apparent pairing with NGC4606 may be mostly projection rather than the cause.,No tailored time.,"Yoon III/Köppen past imply a relaxed event, whereas current radio asymmetry may indicate residual/renewed pressure. This is a real status tension, not an error.",moderate,Radio evidence can persist or reveal current pressure after H I truncation; gas mass and SFR clocks may therefore be asynchronous.,Use MUSE DIG/shock asymmetry and radio spectral aging to decide whether pressure is still active; test the pair hypothesis with stellar velocities.,Chung2009;Yoon2017;Koppen2018;Edler2024,post-peak,NGC4607,III,past,VCC 1868; UGC 7843; NGC 4607,3,2,2,1,3,1,2,186,186
NGC4689,10.144349098205566,-0.3056504726409912,8.699789790936894,8.892060279846191,-0.2909209728240967,1522,3.0,old/slow gas depletion,internal disk evolution,The H I disk is mildly and symmetrically truncated with no clear current wind feature.,Rich CO/cloud measurements characterize the inner disk but do not supply a dedicated environmental event clock.,A slow process or old weak stripping reduced the outer gas; the present disk is relaxed.,No direct clock.,Yoon IV and Köppen past agree broadly but cannot distinguish starvation from old RPS.,moderate-low,This is a slow-processing comparison where gas and SFR may evolve together more nearly than in active strippers; resolved cloud physics remains an internal confounder.,"Compare cloud-scale SFE and stellar ages across the H I truncation, using PHANGS/VERTICO resolution matching.",Chung2009;Yoon2017;Koppen2018;Brown2021,post-peak,NGC4689,IV,past,VCC 2058; UGC 7965; NGC 4689,3,3,2,2,1,0,1,422,422
NGC4698,10.47434902191162,-0.8456504344940186,9.240910026688065,7.812059879302979,-1.0487210750579834,1032,3.0,ancient external accretion plus uncertain weak cluster stripping,possible M49-substructure context,"The H I disk extends to roughly twice the stellar disk and is mostly regular; two short SE tails and NW compression are only tentative weak/incipient RPS indicators, not a classic post-stripping remnant.","Orthogonal bulge/disk and a polar stellar+gas nuclear disk directly prove ancient external acquisition. Its stellar population requires star formation to have ended more than 5 Gyr ago, unrelated to any demonstrated present Virgo event.","An ancient accretion event built the decoupled central structure; a separate incipient, weak or past ICM event remains possible but is not reconstructed by a dedicated modern processing study.",No tailored RPS clock. The polar event is older than 5 Gyr; Köppen's past-strip label is analytical and carries at least factor-of-two pressure uncertainty.,"This is the second reclassification audit: Yoon I/VIVA indicate weak or early processing with projection ambiguity, while Köppen labels it past. MAUVE retains post-peak as a sample code, but confidence in that ICM chronology is low; Corsini supports ancient accretion, not post-peak RPS or proven preprocessing.",high for ancient accretion; low for adopted post-peak ICM status,The ancient polar component may cause central chemical/kinematic decoupling but is not evidence for current dilution. Very low SFR and uncertain gas processing make either FMR projection non-unique.,"Date separate stellar components, map metallicity/kinematics of the extended H I-linked disk, and test M49-substructure membership with distances rather than projected phase space alone.",Bertola1999;Corsini2012;Chung2009;Yoon2017;Koppen2018;Brown2026;Huang2026,post-peak,NGC4698,I,past,VCC 2070; UGC 7970; NGC 4698,3,2,3,3,1,1,3,512,512
