eta_kappaH_over_cR,x_critical,Q_critical
0.0,1.0,1.0
0.008032128514056224,0.9921251302167557,0.9920631195497056
0.01606425702811245,0.9845495399285094,0.9843108666150296
0.024096385542168672,0.9772521801712758,0.9767349222926998
0.0321285140562249,0.9702141489535635,0.9693275601226361
0.040160642570281124,0.9634184073226755,0.9620815872191181
0.048192771084337345,0.9568495411116283,0.9549902929240943
0.056224899598393566,0.9504935597830926,0.9480474038130469
0.0642570281124498,0.9443377256183372,0.9412470440967506
0.07228915662650602,0.9383704078958499,0.9345837006310267
0.08032128514056225,0.9325809577793058,0.9280521918814546
0.08835341365461846,0.9269596004690975,0.9216476402985351
0.09638554216867469,0.9214973418257276,0.915365447646742
0.10441767068273092,0.9161858871823343,0.9092012729026442
0.11244979919678713,0.9110175704886282,0.9031510123961363
0.12048192771084336,0.9059852922304469,0.8972107819173855
0.1285140562248996,0.9010824648562935,0.8913769005524098
0.1365461847389558,0.8963029646401499,0.8856458760437934
0.14457831325301204,0.8916410890886175,0.8800143915012081
0.15261044176706826,0.8870915191409495,0.8744792933101032
0.1606425702811245,0.8826492855271322,0.8690375801069503
0.1686746987951807,0.8783097387454147,0.8636863927064385
0.17670682730923692,0.8740685222005782,0.8584230048804917
0.18473895582329317,0.8699215481108235,0.8532448149013682
0.19277108433734938,0.865864975846904,0.848149337771739
0.2008032128514056,0.8618951924139757,0.843134198073789
0.20883534136546184,0.8580087948261579,0.8381971233772945
0.21686746987951805,0.8542025741572585,0.8333359381534869
0.22489959839357426,0.8504735010795433,0.8285485581474643
0.2329317269076305,0.8468187127266638,0.8238329851671069
0.24096385542168672,0.8432355007375766,0.8191873022509827
0.24899598393574296,0.8397213003560682,0.814609669181717
0.2570281124497992,0.8362736804757844,0.810098318314772
0.2650602409638554,0.8328903345338629,0.8056515506956785
0.2730923694779116,0.8295690721676763,0.8012677324414564
0.28112449799196787,0.8263078115590982,0.796945291364374
0.2891566265060241,0.823104572399306,0.7926827138183132
0.2971887550200803,0.8199574694146481,0.788478541749907
0.3052208835341365,0.8168647064006506,0.784331369938288
0.3132530120481927,0.8138245707169884,0.7802398434087964
0.321285140562249,0.8108354282012821,0.7762026550073231
0.3293172690763052,0.807895718464015,0.7722185431231791
0.3373493975903614,0.8050039505307732,0.7682862895494407
0.34538152610441764,0.8021586988014607,0.7644047174706985
0.35341365461847385,0.7993585992991967,0.7605726895690031
0.36144578313253006,0.7966023461843055,0.7567891062395756
0.36947791164658633,0.7938886885112165,0.7530529039085727
0.37751004016064255,0.7912164272082294,0.7493630534458193
0.38554216867469876,0.7885844122620025,0.7457185586660067
0.393574297188755,0.7859915400903289,0.7421184549123806
0.4016064257028112,0.7834367510872813,0.73856180771741
0.40963855421686746,0.7809190273331713,0.7350477115353663
0.41767068273092367,0.7784373904417458,0.7315752885421346
0.4257028112449799,0.7759908995543756,0.728143687497932
0.4337349397590361,0.7735786494545244,0.7247520826689422
0.4417670682730923,0.771199768799901,0.7213996728041643
0.4497991967871485,0.7688534184629553,0.7180856801640568
0.4578313253012048,0.7665387899715125,0.7148093495977971
0.465863453815261,0.764255104042473,0.7115699476662143
0.4738955823293172,0.7620016092019897,0.7083667618076551
0.48192771084337344,0.759777580486077,0.7051990995442436
0.48995983935742965,0.7575823182160898,0.7020662877261634
0.4979919678714859,0.7554151468439562,0.6989676718117609
0.5060240963855421,0.7532754138624521,0.6959026151814158
0.5140562248995983,0.7511624887761708,0.6928704984832624
0.5220883534136546,0.7490757621291774,0.6898707190089733
0.5301204819277108,0.747014644585645,0.6869026900979375
0.538152610441767,0.7449785660600458,0.6839658405682689
0.5461847389558232,0.7429669748937276,0.6810596141731862
0.5542168674698794,0.7409793370749439,0.6781834690813984
0.5622489959839357,0.7390151354996108,0.675336877380211
0.570281124497992,0.7370738692702726,0.6725193246001582
0.5783132530120482,0.7351550530309282,0.6697303092600297
0.5863453815261044,0.733258216335543,0.6669693424312385
0.5943775100401606,0.7313829030482223,0.664235947320535
0.6024096385542168,0.7295286707731583,0.661529658870137
0.610441767068273,0.7276950903126016,0.6588500233743949
0.6184738955823292,0.7258817451512165,0.6561965981121701
0.6265060240963854,0.7240882309652993,0.6535689509941469
0.6345381526104417,0.7223141551554344,0.6509666602243467
0.642570281124498,0.7205591364012589,0.648389313975156
0.6506024096385542,0.7188228042370959,0.6458365100752141
0.6586345381526104,0.717104798647293,0.6433078557095516
0.6666666666666666,0.71540476968018,0.6408029671313936
0.6746987951807228,0.7137223770796294,0.6383214693850876
0.6827309236947791,0.7120572899332653,0.6358629960396316
0.6907630522088353,0.710409186336428,0.6334271889323193
0.6987951807228915,0.7087777530715039,0.6310136979220347
0.7068273092369477,0.7071626852986973,0.628622180651763
0.7148594377510039,0.7055636862669191,0.6262523023198981
0.7228915662650601,0.7039804670284217,0.6239037354599598
0.7309236947791165,0.7024127461722088,0.6215761597283416
0.7389558232931727,0.7008602495661783,0.6192692616997428
0.7469879518072289,0.6993227101095669,0.6169827346699468
0.7550200803212851,0.6977998674997206,0.6147162784656264
0.7630522088353413,0.6962914680017309,0.6124695992608786
0.7710843373493975,0.6947972642338349,0.6102424094002001
0.7791164658634537,0.6933170149583503,0.6080344272276306
0.78714859437751,0.6918504848819158,0.6058453769218065
0.7951807228915662,0.6903974444636709,0.6036749883366797
0.8032128514056224,0.6889576697310787,0.6015229968476652
0.8112449799196786,0.6875309421030287,0.5993891432029972
0.8192771084337349,0.6861170482198788,0.5972731733800798
0.8273092369477911,0.684715779780113,0.5951748384466321
0.8353413654618473,0.683326933383308,0.5930938944264335
0.8433734939759036,0.6819503103791197,0.5910301021694874
0.8514056224899598,0.6805857167220155,0.5889832272264282
0.859437751004016,0.6792329628314925,0.5869530397270047
0.8674698795180722,0.6778918634575343,0.5849393142624799
0.8755020080321284,0.6765622375510751,0.5829418297717975
0.8835341365461846,0.6752439081392486,0.5809603694313691
0.8915662650602408,0.6739367022052101,0.5789947205483429
0.899598393574297,0.6726404505723358,0.5770446744572233
0.9076305220883534,0.671354987792607,0.575110026419714
0.9156626506024096,0.6700801520390015,0.573190575527665
0.9236947791164658,0.6688157850017179,0.571286124609005
0.931726907630522,0.6675617317880762,0.569396480136554
0.9397590361445782,0.6663178408259333,0.5675214521396054
0.9477911646586344,0.6650839637704716,0.5656608541181791
0.9558232931726907,0.6638599554142194,0.5638145029598477
0.9638554216867469,0.6626456736001675,0.5619822188590448
0.9718875502008031,0.6614409791378588,0.5601638252387636
0.9799196787148593,0.6602457357223289,0.5583591486745642
0.9879518072289156,0.6590598098557803,0.5565680188208046
0.9959839357429718,0.6578830707728841,0.554790268339021
1.004016064257028,0.6567153903636015,0.5530257328283775
1.0120481927710843,0.655556643108428,0.5512742507581188
1.0200803212851404,0.6544067060059623,0.5495356634019531
1.0281124497991967,0.6532654585078989,0.547809814774299
1.036144578313253,0.6521327824544731,0.5460965515683366
1.0441767068273091,0.651008562012918,0.5443957230957955
1.0522088353413654,0.6498926836173693,0.5427071812284279
1.0602409638554215,0.6487850359107619,0.5410307803411055
1.0682730923694779,0.6476855096885834,0.5393663772564881
1.076305220883534,0.6465939978443961,0.5377138311912109
1.0843373493975903,0.6455103953170626,0.5360730037035432
1.0923694779116464,0.6444345990396102,0.5344437586424661
1.1004016064257027,0.6433665078896755,0.5328259620981263
1.1084337349397588,0.6423060226414686,0.5312194823536207
1.1164658634538152,0.6412530459192041,0.5296241898380681
1.1244979919678715,0.6402074821519432,0.528039957080928
1.1325301204819276,0.6391692375297994,0.526466658667526
1.140562248995984,0.6381382199614537,0.524904171195747
1.14859437751004,0.6371143390329388,0.5233523732338629
1.1566265060240963,0.6360975059676417,0.5218111452794539
1.1646586345381524,0.6350876335874863,0.5202803697193937
1.1726907630522088,0.6340846362752514,0.5187599307908634
1.1807228915662649,0.6330884299379861,0.5172497145433645
1.1887550200803212,0.6320989319714853,0.5157496088016965
1.1967871485943773,0.6311160612257862,0.5142595031298761
1.2048192771084336,0.630139737971654,0.5127792887959606
1.21285140562249,0.6291698838680206,0.5113088587377583
1.220883534136546,0.6282064219303461,0.5098481075293904
1.2289156626506024,0.6272492764998697,0.5083969313486849
1.2369477911646585,0.6262983732137227,0.5069552279453752
1.2449799196787148,0.6253536389758731,0.5055228966100793
1.253012048192771,0.6244150019288748,0.5040998381440384
1.2610441767068272,0.6234823914263954,0.5026859548295922
1.2690763052208833,0.6225557380064964,0.5012811504013672
1.2771084337349397,0.6216349733656418,0.49988533001816116
1.285140562248996,0.6207200303334103,0.49849840023549985
1.293172690763052,0.6198108428478911,0.4971202689788511
1.3012048192771084,0.6189073459317377,0.49575084551747156
1.3092369477911645,0.6180094756688623,0.49439004043887497
1.3172690763052208,0.6171171691817475,0.4930377656238984
1.325301204819277,0.6162303646093583,0.491693934222354
1.3333333333333333,0.6153490010856328,0.4903584606292468
1.3413654618473894,0.6144730187185375,0.48903126046154494
1.3493975903614457,0.6136023585696643,0.48771225053548595
1.3574297188755018,0.6127369626343578,0.4864013488444044
1.3654618473895581,0.6118767738223533,0.48509847453706634
1.3734939759036144,0.6110217359389098,0.4838035478964983
1.3815261044176705,0.6101717936664258,0.48251649031929505
1.3895582329317269,0.6093268925465194,0.4812372242953936
1.397590361445783,0.6084869789625617,0.4799656733883037
1.4056224899598393,0.6076520001226486,0.4787017622157787
1.4136546184738954,0.6068219040429981,0.4774454164309169
1.4216867469879517,0.6059966395317599,0.4761965627036826
1.4297188755020078,0.6051761561732267,0.47495512870283346
1.4377510040160641,0.6043604043124335,0.47372104307824686
1.4457831325301203,0.6035493350401346,0.4724942354436308
1.4538152610441766,0.602742900178147,0.471274636359613
1.461847389558233,0.6019410522650503,0.4700621773171956
1.469879518072289,0.6011437445422309,0.46885679072156733
1.4779116465863453,0.6003509309402624,0.4676584098762643
1.4859437751004014,0.599562566065613,0.4664669689676692
1.4939759036144578,0.5987786051876677,0.46528240304984086
1.5020080321285139,0.5979990042260599,0.4641046480296663
1.5100401606425702,0.5972237197383012,0.4629336406523264
1.5180722891566263,0.5964527089077022,0.4617693184870676
1.5261044176706826,0.5956859295315757,0.4606116199132714
1.5341365461847387,0.5949233400097147,0.4594604841068155
1.542168674698795,0.5941648993331373,0.4583158510267174
1.5502008032128514,0.593410567073092,0.45717766140205557
1.5582329317269075,0.5926603033703142,0.45604585671915965
1.5662650602409638,0.5919140689245295,0.4549203792090636
1.57429718875502,0.5911718249841963,0.4538011718352163
1.5823293172690762,0.5904335333364793,0.4526881782814409
1.5903614457831323,0.5896991562974512,0.45158134294014096
1.5983935742971886,0.5889686567025131,0.45048061090074143
1.6064257028112447,0.58824199789703,0.44938592793836624
1.614457831325301,0.5875191437271744,0.4482972405027392
1.6224899598393572,0.5868000585309737,0.44721449570730926
1.6305220883534135,0.5860847071295542,0.4461376413185901
1.6385542168674698,0.5853730548185786,0.4450666257457129
1.646586345381526,0.5846650673598706,0.4440013980301831
1.6546184738955823,0.5839607109732217,0.44294190783584003
1.6626506024096384,0.583259952328377,0.4418881054390131
1.6706827309236947,0.5825627585371929,0.440839941718869
1.6787148594377508,0.5818690971459641,0.43979736814794756
1.686746987951807,0.5811789361279159,0.43876033678288
1.6947791164658632,0.5804922438758556,0.4377288002552874
1.7028112449799195,0.5798089891949807,0.4367027117628521
1.7108433734939756,0.579129141295839,0.43568202506056203
1.718875502008032,0.5784526697874381,0.43466669445212053
1.7269076305220883,0.5777795446704984,0.43365667478152015
1.7349397590361444,0.5771097363308478,0.4326519214247757
1.7429718875502007,0.5764432155329541,0.4316523902818132
1.7510040160642568,0.5757799534135909,0.4306580377685109
1.7590361445783131,0.5751199214756355,0.42966882080889035
1.7670682730923692,0.5744630915819933,0.4286846968274516
1.7751004016064256,0.5738094359496472,0.4277056237416516
1.7831325301204817,0.5731589271438288,0.42673155995452267
1.791164658634538,0.5725115380723077,0.42576246434742554
1.799196787148594,0.5718672419797964,0.42479829627293664
1.8072289156626504,0.5712260124424684,0.42383901554786557
1.8152610441767068,0.5705878233625862,0.4228845824463998
1.8232931726907629,0.5699526489632374,0.42193495769337425
1.8313253012048192,0.5693204637831748,0.42099010245766233
1.8393574297188753,0.5686912426717596,0.4200499783456871
1.8473895582329316,0.568064960784005,0.4191145473950488
1.8554216867469877,0.5674415935757167,0.4181837720682664
1.863453815261044,0.5668211167987294,0.4172576152466316
1.8714859437751001,0.566203506496236,0.4163360402241717
1.8795180722891565,0.5655887389982084,0.41541901070171955
1.8875502008032128,0.5649767909169069,0.41450649078108975
1.8955823293172689,0.5643676391424762,0.41359844495935505
1.9036144578313252,0.563761260838627,0.4126948381232251
1.9116465863453813,0.5631576334393996,0.41179563554352394
1.9196787148594376,0.5625567346410085,0.41090080286976205
1.9277108433734937,0.5619585424037681,0.41001030612480366
1.93574297188755,0.5613630349440926,0.4091241116996277
1.9437751004016062,0.5607701907315744,0.4082421863481767
1.9518072289156625,0.5601799884851348,0.4073644971822967
1.9598393574297186,0.5595924071692473,0.4064910116667627
1.967871485943775,0.5590074259902317,0.40562169761438915
1.9759036144578312,0.5584250243926259,0.4047565231812244
1.9839357429718874,0.5578451820556665,0.40389545686182665
1.9919678714859437,0.5572678788895912,0.40303846748461936
2.0,0.5566930950324056,0.4021855242073249
