GALID,stage,variable,bin_left,bin_right,center,N_valid,N_SF,N_ND,N_NSF
NGC4298,close-to-peak,log_sigma_star,5.75,6.0,5.875,0,0,0,0
NGC4298,close-to-peak,log_sigma_star,6.0,6.25,6.125,0,0,0,0
NGC4298,close-to-peak,log_sigma_star,6.25,6.5,6.375,0,0,0,0
NGC4298,close-to-peak,log_sigma_star,6.5,6.75,6.625,0,0,0,0
NGC4298,close-to-peak,log_sigma_star,6.75,7.0,6.875,0,0,0,0
NGC4298,close-to-peak,log_sigma_star,7.0,7.25,7.125,2265,232,1621,412
NGC4298,close-to-peak,log_sigma_star,7.25,7.5,7.375,23880,7226,15828,826
NGC4298,close-to-peak,log_sigma_star,7.5,7.75,7.625,62892,30689,24472,7731
NGC4298,close-to-peak,log_sigma_star,7.75,8.0,7.875,72593,47274,8629,16690
NGC4298,close-to-peak,log_sigma_star,8.0,8.25,8.125,43490,32884,664,9942
NGC4298,close-to-peak,log_sigma_star,8.25,8.5,8.375,18714,14639,0,4075
NGC4298,close-to-peak,log_sigma_star,8.5,8.75,8.625,6293,4254,0,2039
NGC4298,close-to-peak,log_sigma_star,8.75,9.0,8.875,2184,1072,0,1112
NGC4298,close-to-peak,log_sigma_star,9.0,9.25,9.125,395,130,0,265
NGC4298,close-to-peak,log_sigma_star,9.25,9.5,9.375,14,2,0,12
NGC4298,close-to-peak,log_sigma_star,9.5,9.75,9.625,0,0,0,0
NGC4298,close-to-peak,log_sigma_star,9.75,10.0,9.875,0,0,0,0
NGC4298,close-to-peak,log_sigma_star,10.0,10.25,10.125,0,0,0,0
NGC4298,close-to-peak,log_sigma_star,10.25,10.5,10.375,0,0,0,0
NGC4298,close-to-peak,log_sigma_star,10.5,10.75,10.625,0,0,0,0
NGC4298,close-to-peak,log_sigma_star,10.75,11.0,10.875,0,0,0,0
NGC4298,close-to-peak,log_sigma_star,11.0,11.25,11.125,0,0,0,0
NGC4298,close-to-peak,radius_re,0.0,0.25,0.125,6475,3880,0,2595
NGC4298,close-to-peak,radius_re,0.25,0.5,0.375,19279,15048,0,4231
NGC4298,close-to-peak,radius_re,0.5,0.75,0.625,32355,24736,53,7566
NGC4298,close-to-peak,radius_re,0.75,1.0,0.875,45078,29804,2141,13133
NGC4298,close-to-peak,radius_re,1.0,1.25,1.125,55395,34260,10545,10590
NGC4298,close-to-peak,radius_re,1.25,1.5,1.375,44824,22272,18381,4171
NGC4298,close-to-peak,radius_re,1.5,1.75,1.625,20485,7606,12424,455
NGC4298,close-to-peak,radius_re,1.75,2.0,1.875,8803,796,7644,363
NGC4298,close-to-peak,radius_re,2.0,2.25,2.125,26,0,26,0
NGC4298,close-to-peak,radius_re,2.25,2.5,2.375,0,0,0,0
NGC4298,close-to-peak,radius_re,2.5,2.75,2.625,0,0,0,0
NGC4298,close-to-peak,radius_re,2.75,3.0,2.875,0,0,0,0
NGC4298,close-to-peak,radius_re,3.0,3.25,3.125,0,0,0,0
NGC4298,close-to-peak,radius_re,3.25,3.5,3.375,0,0,0,0
NGC4298,close-to-peak,radius_re,3.5,3.75,3.625,0,0,0,0
NGC4298,close-to-peak,radius_re,3.75,4.0,3.875,0,0,0,0
NGC4298,close-to-peak,radius_re,4.0,4.25,4.125,0,0,0,0
NGC4298,close-to-peak,radius_re,4.25,4.5,4.375,0,0,0,0
NGC4298,close-to-peak,radius_re,4.5,4.75,4.625,0,0,0,0
NGC4298,close-to-peak,radius_re,4.75,5.0,4.875,0,0,0,0
NGC4298,close-to-peak,radius_re,5.0,5.25,5.125,0,0,0,0
NGC4298,close-to-peak,radius_re,5.25,5.5,5.375,0,0,0,0
NGC4298,close-to-peak,radius_re,5.5,5.75,5.625,0,0,0,0
NGC4298,close-to-peak,radius_re,5.75,6.0,5.875,0,0,0,0
NGC4298,close-to-peak,radius_re,6.0,6.25,6.125,0,0,0,0
NGC4298,close-to-peak,radius_re,6.25,6.5,6.375,0,0,0,0
NGC4298,close-to-peak,radius_re,6.5,6.75,6.625,0,0,0,0
NGC4298,close-to-peak,radius_re,6.75,7.0,6.875,0,0,0,0
NGC4298,close-to-peak,radius_re,7.0,7.25,7.125,0,0,0,0
NGC4298,close-to-peak,radius_re,7.25,7.5,7.375,0,0,0,0
NGC4298,close-to-peak,radius_re,7.5,7.75,7.625,0,0,0,0
NGC4298,close-to-peak,radius_re,7.75,8.0,7.875,0,0,0,0
NGC4424,close-to-peak,log_sigma_star,5.75,6.0,5.875,0,0,0,0
NGC4424,close-to-peak,log_sigma_star,6.0,6.25,6.125,0,0,0,0
NGC4424,close-to-peak,log_sigma_star,6.25,6.5,6.375,0,0,0,0
NGC4424,close-to-peak,log_sigma_star,6.5,6.75,6.625,0,0,0,0
NGC4424,close-to-peak,log_sigma_star,6.75,7.0,6.875,0,0,0,0
NGC4424,close-to-peak,log_sigma_star,7.0,7.25,7.125,1889,0,1796,93
NGC4424,close-to-peak,log_sigma_star,7.25,7.5,7.375,21903,0,19865,2038
NGC4424,close-to-peak,log_sigma_star,7.5,7.75,7.625,54066,24,45086,8956
NGC4424,close-to-peak,log_sigma_star,7.75,8.0,7.875,40478,434,25771,14273
NGC4424,close-to-peak,log_sigma_star,8.0,8.25,8.125,17413,2629,5063,9721
NGC4424,close-to-peak,log_sigma_star,8.25,8.5,8.375,6587,3852,135,2600
NGC4424,close-to-peak,log_sigma_star,8.5,8.75,8.625,1966,1836,0,130
NGC4424,close-to-peak,log_sigma_star,8.75,9.0,8.875,218,218,0,0
NGC4424,close-to-peak,log_sigma_star,9.0,9.25,9.125,1,1,0,0
NGC4424,close-to-peak,log_sigma_star,9.25,9.5,9.375,0,0,0,0
NGC4424,close-to-peak,log_sigma_star,9.5,9.75,9.625,0,0,0,0
NGC4424,close-to-peak,log_sigma_star,9.75,10.0,9.875,0,0,0,0
NGC4424,close-to-peak,log_sigma_star,10.0,10.25,10.125,0,0,0,0
NGC4424,close-to-peak,log_sigma_star,10.25,10.5,10.375,0,0,0,0
NGC4424,close-to-peak,log_sigma_star,10.5,10.75,10.625,0,0,0,0
NGC4424,close-to-peak,log_sigma_star,10.75,11.0,10.875,0,0,0,0
NGC4424,close-to-peak,log_sigma_star,11.0,11.25,11.125,0,0,0,0
NGC4424,close-to-peak,radius_re,0.0,0.25,0.125,2934,2775,0,159
NGC4424,close-to-peak,radius_re,0.25,0.5,0.375,8820,5012,16,3792
NGC4424,close-to-peak,radius_re,0.5,0.75,0.625,14677,1088,2245,11344
NGC4424,close-to-peak,radius_re,0.75,1.0,0.875,20558,119,9528,10911
NGC4424,close-to-peak,radius_re,1.0,1.25,1.125,26429,0,19098,7331
NGC4424,close-to-peak,radius_re,1.25,1.5,1.375,31889,0,28125,3764
NGC4424,close-to-peak,radius_re,1.5,1.75,1.625,25616,0,25155,461
NGC4424,close-to-peak,radius_re,1.75,2.0,1.875,10783,0,10734,49
NGC4424,close-to-peak,radius_re,2.0,2.25,2.125,2749,0,2749,0
NGC4424,close-to-peak,radius_re,2.25,2.5,2.375,66,0,66,0
NGC4424,close-to-peak,radius_re,2.5,2.75,2.625,0,0,0,0
NGC4424,close-to-peak,radius_re,2.75,3.0,2.875,0,0,0,0
NGC4424,close-to-peak,radius_re,3.0,3.25,3.125,0,0,0,0
NGC4424,close-to-peak,radius_re,3.25,3.5,3.375,0,0,0,0
NGC4424,close-to-peak,radius_re,3.5,3.75,3.625,0,0,0,0
NGC4424,close-to-peak,radius_re,3.75,4.0,3.875,0,0,0,0
NGC4424,close-to-peak,radius_re,4.0,4.25,4.125,0,0,0,0
NGC4424,close-to-peak,radius_re,4.25,4.5,4.375,0,0,0,0
NGC4424,close-to-peak,radius_re,4.5,4.75,4.625,0,0,0,0
NGC4424,close-to-peak,radius_re,4.75,5.0,4.875,0,0,0,0
NGC4424,close-to-peak,radius_re,5.0,5.25,5.125,0,0,0,0
NGC4424,close-to-peak,radius_re,5.25,5.5,5.375,0,0,0,0
NGC4424,close-to-peak,radius_re,5.5,5.75,5.625,0,0,0,0
NGC4424,close-to-peak,radius_re,5.75,6.0,5.875,0,0,0,0
NGC4424,close-to-peak,radius_re,6.0,6.25,6.125,0,0,0,0
NGC4424,close-to-peak,radius_re,6.25,6.5,6.375,0,0,0,0
NGC4424,close-to-peak,radius_re,6.5,6.75,6.625,0,0,0,0
NGC4424,close-to-peak,radius_re,6.75,7.0,6.875,0,0,0,0
NGC4424,close-to-peak,radius_re,7.0,7.25,7.125,0,0,0,0
NGC4424,close-to-peak,radius_re,7.25,7.5,7.375,0,0,0,0
NGC4424,close-to-peak,radius_re,7.5,7.75,7.625,0,0,0,0
NGC4424,close-to-peak,radius_re,7.75,8.0,7.875,0,0,0,0
NGC4501,close-to-peak,log_sigma_star,5.75,6.0,5.875,0,0,0,0
NGC4501,close-to-peak,log_sigma_star,6.0,6.25,6.125,0,0,0,0
NGC4501,close-to-peak,log_sigma_star,6.25,6.5,6.375,0,0,0,0
NGC4501,close-to-peak,log_sigma_star,6.5,6.75,6.625,0,0,0,0
NGC4501,close-to-peak,log_sigma_star,6.75,7.0,6.875,0,0,0,0
NGC4501,close-to-peak,log_sigma_star,7.0,7.25,7.125,2232,82,2042,108
NGC4501,close-to-peak,log_sigma_star,7.25,7.5,7.375,14173,1006,11359,1808
NGC4501,close-to-peak,log_sigma_star,7.5,7.75,7.625,57181,11147,35721,10313
NGC4501,close-to-peak,log_sigma_star,7.75,8.0,7.875,146892,45894,55702,45296
NGC4501,close-to-peak,log_sigma_star,8.0,8.25,8.125,171345,68606,24094,78645
NGC4501,close-to-peak,log_sigma_star,8.25,8.5,8.375,105525,55139,5527,44859
NGC4501,close-to-peak,log_sigma_star,8.5,8.75,8.625,73107,45149,94,27864
NGC4501,close-to-peak,log_sigma_star,8.75,9.0,8.875,48266,23257,203,24806
NGC4501,close-to-peak,log_sigma_star,9.0,9.25,9.125,20067,1274,1037,17756
NGC4501,close-to-peak,log_sigma_star,9.25,9.5,9.375,6902,53,884,5965
NGC4501,close-to-peak,log_sigma_star,9.5,9.75,9.625,3104,0,330,2774
NGC4501,close-to-peak,log_sigma_star,9.75,10.0,9.875,1175,0,8,1167
NGC4501,close-to-peak,log_sigma_star,10.0,10.25,10.125,420,0,0,420
NGC4501,close-to-peak,log_sigma_star,10.25,10.5,10.375,119,0,0,119
NGC4501,close-to-peak,log_sigma_star,10.5,10.75,10.625,51,0,0,51
NGC4501,close-to-peak,log_sigma_star,10.75,11.0,10.875,17,0,0,17
NGC4501,close-to-peak,log_sigma_star,11.0,11.25,11.125,0,0,0,0
NGC4501,close-to-peak,radius_re,0.0,0.25,0.125,8951,44,841,8066
NGC4501,close-to-peak,radius_re,0.25,0.5,0.375,26850,1849,1597,23404
NGC4501,close-to-peak,radius_re,0.5,0.75,0.625,44746,24411,14,20321
NGC4501,close-to-peak,radius_re,0.75,1.0,0.875,62614,34465,54,28095
NGC4501,close-to-peak,radius_re,1.0,1.25,1.125,80520,49189,2213,29118
NGC4501,close-to-peak,radius_re,1.25,1.5,1.375,98326,39953,9488,48885
NGC4501,close-to-peak,radius_re,1.5,1.75,1.625,116281,46780,15082,54419
NGC4501,close-to-peak,radius_re,1.75,2.0,1.875,108305,43158,31321,33826
NGC4501,close-to-peak,radius_re,2.0,2.25,2.125,68411,10243,45996,12172
NGC4501,close-to-peak,radius_re,2.25,2.5,2.375,30793,1447,25910,3436
NGC4501,close-to-peak,radius_re,2.5,2.75,2.625,4612,68,4318,226
NGC4501,close-to-peak,radius_re,2.75,3.0,2.875,167,0,167,0
NGC4501,close-to-peak,radius_re,3.0,3.25,3.125,0,0,0,0
NGC4501,close-to-peak,radius_re,3.25,3.5,3.375,0,0,0,0
NGC4501,close-to-peak,radius_re,3.5,3.75,3.625,0,0,0,0
NGC4501,close-to-peak,radius_re,3.75,4.0,3.875,0,0,0,0
NGC4501,close-to-peak,radius_re,4.0,4.25,4.125,0,0,0,0
NGC4501,close-to-peak,radius_re,4.25,4.5,4.375,0,0,0,0
NGC4501,close-to-peak,radius_re,4.5,4.75,4.625,0,0,0,0
NGC4501,close-to-peak,radius_re,4.75,5.0,4.875,0,0,0,0
NGC4501,close-to-peak,radius_re,5.0,5.25,5.125,0,0,0,0
NGC4501,close-to-peak,radius_re,5.25,5.5,5.375,0,0,0,0
NGC4501,close-to-peak,radius_re,5.5,5.75,5.625,0,0,0,0
NGC4501,close-to-peak,radius_re,5.75,6.0,5.875,0,0,0,0
NGC4501,close-to-peak,radius_re,6.0,6.25,6.125,0,0,0,0
NGC4501,close-to-peak,radius_re,6.25,6.5,6.375,0,0,0,0
NGC4501,close-to-peak,radius_re,6.5,6.75,6.625,0,0,0,0
NGC4501,close-to-peak,radius_re,6.75,7.0,6.875,0,0,0,0
NGC4501,close-to-peak,radius_re,7.0,7.25,7.125,0,0,0,0
NGC4501,close-to-peak,radius_re,7.25,7.5,7.375,0,0,0,0
NGC4501,close-to-peak,radius_re,7.5,7.75,7.625,0,0,0,0
NGC4501,close-to-peak,radius_re,7.75,8.0,7.875,0,0,0,0
NGC4654,close-to-peak,log_sigma_star,5.75,6.0,5.875,0,0,0,0
NGC4654,close-to-peak,log_sigma_star,6.0,6.25,6.125,0,0,0,0
NGC4654,close-to-peak,log_sigma_star,6.25,6.5,6.375,0,0,0,0
NGC4654,close-to-peak,log_sigma_star,6.5,6.75,6.625,2090,1655,435,0
NGC4654,close-to-peak,log_sigma_star,6.75,7.0,6.875,17548,9943,5415,2190
NGC4654,close-to-peak,log_sigma_star,7.0,7.25,7.125,79681,31399,34222,14060
NGC4654,close-to-peak,log_sigma_star,7.25,7.5,7.375,139298,65136,41459,32703
NGC4654,close-to-peak,log_sigma_star,7.5,7.75,7.625,128565,77694,12058,38813
NGC4654,close-to-peak,log_sigma_star,7.75,8.0,7.875,80423,64198,604,15621
NGC4654,close-to-peak,log_sigma_star,8.0,8.25,8.125,47077,41517,64,5496
NGC4654,close-to-peak,log_sigma_star,8.25,8.5,8.375,26077,21164,0,4913
NGC4654,close-to-peak,log_sigma_star,8.5,8.75,8.625,9202,6413,0,2789
NGC4654,close-to-peak,log_sigma_star,8.75,9.0,8.875,2568,1560,0,1008
NGC4654,close-to-peak,log_sigma_star,9.0,9.25,9.125,316,102,0,214
NGC4654,close-to-peak,log_sigma_star,9.25,9.5,9.375,32,0,0,32
NGC4654,close-to-peak,log_sigma_star,9.5,9.75,9.625,5,0,0,5
NGC4654,close-to-peak,log_sigma_star,9.75,10.0,9.875,1,0,0,1
NGC4654,close-to-peak,log_sigma_star,10.0,10.25,10.125,0,0,0,0
NGC4654,close-to-peak,log_sigma_star,10.25,10.5,10.375,0,0,0,0
NGC4654,close-to-peak,log_sigma_star,10.5,10.75,10.625,0,0,0,0
NGC4654,close-to-peak,log_sigma_star,10.75,11.0,10.875,0,0,0,0
NGC4654,close-to-peak,log_sigma_star,11.0,11.25,11.125,0,0,0,0
NGC4654,close-to-peak,radius_re,0.0,0.25,0.125,10080,6633,0,3447
NGC4654,close-to-peak,radius_re,0.25,0.5,0.375,30249,23241,0,7008
NGC4654,close-to-peak,radius_re,0.5,0.75,0.625,50421,45590,0,4831
NGC4654,close-to-peak,radius_re,0.75,1.0,0.875,70582,52335,167,18080
NGC4654,close-to-peak,radius_re,1.0,1.25,1.125,90513,55570,4619,30324
NGC4654,close-to-peak,radius_re,1.25,1.5,1.375,109794,66674,15006,28114
NGC4654,close-to-peak,radius_re,1.5,1.75,1.625,107272,46258,38783,22231
NGC4654,close-to-peak,radius_re,1.75,2.0,1.875,56493,21871,31083,3539
NGC4654,close-to-peak,radius_re,2.0,2.25,2.125,7479,2609,4599,271
NGC4654,close-to-peak,radius_re,2.25,2.5,2.375,0,0,0,0
NGC4654,close-to-peak,radius_re,2.5,2.75,2.625,0,0,0,0
NGC4654,close-to-peak,radius_re,2.75,3.0,2.875,0,0,0,0
NGC4654,close-to-peak,radius_re,3.0,3.25,3.125,0,0,0,0
NGC4654,close-to-peak,radius_re,3.25,3.5,3.375,0,0,0,0
NGC4654,close-to-peak,radius_re,3.5,3.75,3.625,0,0,0,0
NGC4654,close-to-peak,radius_re,3.75,4.0,3.875,0,0,0,0
NGC4654,close-to-peak,radius_re,4.0,4.25,4.125,0,0,0,0
NGC4654,close-to-peak,radius_re,4.25,4.5,4.375,0,0,0,0
NGC4654,close-to-peak,radius_re,4.5,4.75,4.625,0,0,0,0
NGC4654,close-to-peak,radius_re,4.75,5.0,4.875,0,0,0,0
NGC4654,close-to-peak,radius_re,5.0,5.25,5.125,0,0,0,0
NGC4654,close-to-peak,radius_re,5.25,5.5,5.375,0,0,0,0
NGC4654,close-to-peak,radius_re,5.5,5.75,5.625,0,0,0,0
NGC4654,close-to-peak,radius_re,5.75,6.0,5.875,0,0,0,0
NGC4654,close-to-peak,radius_re,6.0,6.25,6.125,0,0,0,0
NGC4654,close-to-peak,radius_re,6.25,6.5,6.375,0,0,0,0
NGC4654,close-to-peak,radius_re,6.5,6.75,6.625,0,0,0,0
NGC4654,close-to-peak,radius_re,6.75,7.0,6.875,0,0,0,0
NGC4654,close-to-peak,radius_re,7.0,7.25,7.125,0,0,0,0
NGC4654,close-to-peak,radius_re,7.25,7.5,7.375,0,0,0,0
NGC4654,close-to-peak,radius_re,7.5,7.75,7.625,0,0,0,0
NGC4654,close-to-peak,radius_re,7.75,8.0,7.875,0,0,0,0
NGC4694,close-to-peak,log_sigma_star,5.75,6.0,5.875,0,0,0,0
NGC4694,close-to-peak,log_sigma_star,6.0,6.25,6.125,0,0,0,0
NGC4694,close-to-peak,log_sigma_star,6.25,6.5,6.375,0,0,0,0
NGC4694,close-to-peak,log_sigma_star,6.5,6.75,6.625,0,0,0,0
NGC4694,close-to-peak,log_sigma_star,6.75,7.0,6.875,0,0,0,0
NGC4694,close-to-peak,log_sigma_star,7.0,7.25,7.125,485,0,485,0
NGC4694,close-to-peak,log_sigma_star,7.25,7.5,7.375,6976,0,6976,0
NGC4694,close-to-peak,log_sigma_star,7.5,7.75,7.625,20119,0,18961,1158
NGC4694,close-to-peak,log_sigma_star,7.75,8.0,7.875,19165,0,13985,5180
NGC4694,close-to-peak,log_sigma_star,8.0,8.25,8.125,16832,27,8640,8165
NGC4694,close-to-peak,log_sigma_star,8.25,8.5,8.375,10923,126,4040,6757
NGC4694,close-to-peak,log_sigma_star,8.5,8.75,8.625,5755,287,766,4702
NGC4694,close-to-peak,log_sigma_star,8.75,9.0,8.875,2343,310,42,1991
NGC4694,close-to-peak,log_sigma_star,9.0,9.25,9.125,466,290,0,176
NGC4694,close-to-peak,log_sigma_star,9.25,9.5,9.375,26,18,0,8
NGC4694,close-to-peak,log_sigma_star,9.5,9.75,9.625,0,0,0,0
NGC4694,close-to-peak,log_sigma_star,9.75,10.0,9.875,0,0,0,0
NGC4694,close-to-peak,log_sigma_star,10.0,10.25,10.125,0,0,0,0
NGC4694,close-to-peak,log_sigma_star,10.25,10.5,10.375,0,0,0,0
NGC4694,close-to-peak,log_sigma_star,10.5,10.75,10.625,0,0,0,0
NGC4694,close-to-peak,log_sigma_star,10.75,11.0,10.875,0,0,0,0
NGC4694,close-to-peak,log_sigma_star,11.0,11.25,11.125,0,0,0,0
NGC4694,close-to-peak,radius_re,0.0,0.25,0.125,1247,550,0,697
NGC4694,close-to-peak,radius_re,0.25,0.5,0.375,3735,143,160,3432
NGC4694,close-to-peak,radius_re,0.5,0.75,0.625,6228,345,840,5043
NGC4694,close-to-peak,radius_re,0.75,1.0,0.875,8721,0,3113,5608
NGC4694,close-to-peak,radius_re,1.0,1.25,1.125,11193,20,4830,6343
NGC4694,close-to-peak,radius_re,1.25,1.5,1.375,11651,0,7234,4417
NGC4694,close-to-peak,radius_re,1.5,1.75,1.625,10307,0,8776,1531
NGC4694,close-to-peak,radius_re,1.75,2.0,1.875,9654,0,9035,619
NGC4694,close-to-peak,radius_re,2.0,2.25,2.125,7964,0,7602,362
NGC4694,close-to-peak,radius_re,2.25,2.5,2.375,5571,0,5486,85
NGC4694,close-to-peak,radius_re,2.5,2.75,2.625,4106,0,4106,0
NGC4694,close-to-peak,radius_re,2.75,3.0,2.875,2176,0,2176,0
NGC4694,close-to-peak,radius_re,3.0,3.25,3.125,537,0,537,0
NGC4694,close-to-peak,radius_re,3.25,3.5,3.375,0,0,0,0
NGC4694,close-to-peak,radius_re,3.5,3.75,3.625,0,0,0,0
NGC4694,close-to-peak,radius_re,3.75,4.0,3.875,0,0,0,0
NGC4694,close-to-peak,radius_re,4.0,4.25,4.125,0,0,0,0
NGC4694,close-to-peak,radius_re,4.25,4.5,4.375,0,0,0,0
NGC4694,close-to-peak,radius_re,4.5,4.75,4.625,0,0,0,0
NGC4694,close-to-peak,radius_re,4.75,5.0,4.875,0,0,0,0
NGC4694,close-to-peak,radius_re,5.0,5.25,5.125,0,0,0,0
NGC4694,close-to-peak,radius_re,5.25,5.5,5.375,0,0,0,0
NGC4694,close-to-peak,radius_re,5.5,5.75,5.625,0,0,0,0
NGC4694,close-to-peak,radius_re,5.75,6.0,5.875,0,0,0,0
NGC4694,close-to-peak,radius_re,6.0,6.25,6.125,0,0,0,0
NGC4694,close-to-peak,radius_re,6.25,6.5,6.375,0,0,0,0
NGC4694,close-to-peak,radius_re,6.5,6.75,6.625,0,0,0,0
NGC4694,close-to-peak,radius_re,6.75,7.0,6.875,0,0,0,0
NGC4694,close-to-peak,radius_re,7.0,7.25,7.125,0,0,0,0
NGC4694,close-to-peak,radius_re,7.25,7.5,7.375,0,0,0,0
NGC4694,close-to-peak,radius_re,7.5,7.75,7.625,0,0,0,0
NGC4694,close-to-peak,radius_re,7.75,8.0,7.875,0,0,0,0
IC3392,post-peak,log_sigma_star,5.75,6.0,5.875,0,0,0,0
IC3392,post-peak,log_sigma_star,6.0,6.25,6.125,0,0,0,0
IC3392,post-peak,log_sigma_star,6.25,6.5,6.375,0,0,0,0
IC3392,post-peak,log_sigma_star,6.5,6.75,6.625,0,0,0,0
IC3392,post-peak,log_sigma_star,6.75,7.0,6.875,0,0,0,0
IC3392,post-peak,log_sigma_star,7.0,7.25,7.125,0,0,0,0
IC3392,post-peak,log_sigma_star,7.25,7.5,7.375,459,0,459,0
IC3392,post-peak,log_sigma_star,7.5,7.75,7.625,10886,0,10543,343
IC3392,post-peak,log_sigma_star,7.75,8.0,7.875,17522,319,15388,1815
IC3392,post-peak,log_sigma_star,8.0,8.25,8.125,18962,5474,7490,5998
IC3392,post-peak,log_sigma_star,8.25,8.5,8.375,6793,5838,139,816
IC3392,post-peak,log_sigma_star,8.5,8.75,8.625,1729,1667,0,62
IC3392,post-peak,log_sigma_star,8.75,9.0,8.875,572,488,0,84
IC3392,post-peak,log_sigma_star,9.0,9.25,9.125,106,101,0,5
IC3392,post-peak,log_sigma_star,9.25,9.5,9.375,1,1,0,0
IC3392,post-peak,log_sigma_star,9.5,9.75,9.625,0,0,0,0
IC3392,post-peak,log_sigma_star,9.75,10.0,9.875,0,0,0,0
IC3392,post-peak,log_sigma_star,10.0,10.25,10.125,0,0,0,0
IC3392,post-peak,log_sigma_star,10.25,10.5,10.375,0,0,0,0
IC3392,post-peak,log_sigma_star,10.5,10.75,10.625,0,0,0,0
IC3392,post-peak,log_sigma_star,10.75,11.0,10.875,0,0,0,0
IC3392,post-peak,log_sigma_star,11.0,11.25,11.125,0,0,0,0
IC3392,post-peak,radius_re,0.0,0.25,0.125,1646,1543,0,103
IC3392,post-peak,radius_re,0.25,0.5,0.375,4907,4786,0,121
IC3392,post-peak,radius_re,0.5,0.75,0.625,8210,5897,246,2067
IC3392,post-peak,radius_re,0.75,1.0,0.875,11465,1662,5126,4677
IC3392,post-peak,radius_re,1.0,1.25,1.125,12274,0,10595,1679
IC3392,post-peak,radius_re,1.25,1.5,1.375,10200,0,9883,317
IC3392,post-peak,radius_re,1.5,1.75,1.625,6831,0,6782,49
IC3392,post-peak,radius_re,1.75,2.0,1.875,1487,0,1377,110
IC3392,post-peak,radius_re,2.0,2.25,2.125,10,0,10,0
IC3392,post-peak,radius_re,2.25,2.5,2.375,0,0,0,0
IC3392,post-peak,radius_re,2.5,2.75,2.625,0,0,0,0
IC3392,post-peak,radius_re,2.75,3.0,2.875,0,0,0,0
IC3392,post-peak,radius_re,3.0,3.25,3.125,0,0,0,0
IC3392,post-peak,radius_re,3.25,3.5,3.375,0,0,0,0
IC3392,post-peak,radius_re,3.5,3.75,3.625,0,0,0,0
IC3392,post-peak,radius_re,3.75,4.0,3.875,0,0,0,0
IC3392,post-peak,radius_re,4.0,4.25,4.125,0,0,0,0
IC3392,post-peak,radius_re,4.25,4.5,4.375,0,0,0,0
IC3392,post-peak,radius_re,4.5,4.75,4.625,0,0,0,0
IC3392,post-peak,radius_re,4.75,5.0,4.875,0,0,0,0
IC3392,post-peak,radius_re,5.0,5.25,5.125,0,0,0,0
IC3392,post-peak,radius_re,5.25,5.5,5.375,0,0,0,0
IC3392,post-peak,radius_re,5.5,5.75,5.625,0,0,0,0
IC3392,post-peak,radius_re,5.75,6.0,5.875,0,0,0,0
IC3392,post-peak,radius_re,6.0,6.25,6.125,0,0,0,0
IC3392,post-peak,radius_re,6.25,6.5,6.375,0,0,0,0
IC3392,post-peak,radius_re,6.5,6.75,6.625,0,0,0,0
IC3392,post-peak,radius_re,6.75,7.0,6.875,0,0,0,0
IC3392,post-peak,radius_re,7.0,7.25,7.125,0,0,0,0
IC3392,post-peak,radius_re,7.25,7.5,7.375,0,0,0,0
IC3392,post-peak,radius_re,7.5,7.75,7.625,0,0,0,0
IC3392,post-peak,radius_re,7.75,8.0,7.875,0,0,0,0
NGC4064,post-peak,log_sigma_star,5.75,6.0,5.875,0,0,0,0
NGC4064,post-peak,log_sigma_star,6.0,6.25,6.125,0,0,0,0
NGC4064,post-peak,log_sigma_star,6.25,6.5,6.375,0,0,0,0
NGC4064,post-peak,log_sigma_star,6.5,6.75,6.625,0,0,0,0
NGC4064,post-peak,log_sigma_star,6.75,7.0,6.875,116,0,116,0
NGC4064,post-peak,log_sigma_star,7.0,7.25,7.125,2735,0,2651,84
NGC4064,post-peak,log_sigma_star,7.25,7.5,7.375,18292,0,17673,619
NGC4064,post-peak,log_sigma_star,7.5,7.75,7.625,35134,0,32879,2255
NGC4064,post-peak,log_sigma_star,7.75,8.0,7.875,31345,0,23931,7414
NGC4064,post-peak,log_sigma_star,8.0,8.25,8.125,20221,11,10549,9661
NGC4064,post-peak,log_sigma_star,8.25,8.5,8.375,12062,463,2895,8704
NGC4064,post-peak,log_sigma_star,8.5,8.75,8.625,6328,1374,512,4442
NGC4064,post-peak,log_sigma_star,8.75,9.0,8.875,1855,1169,6,680
NGC4064,post-peak,log_sigma_star,9.0,9.25,9.125,304,243,0,61
NGC4064,post-peak,log_sigma_star,9.25,9.5,9.375,14,13,0,1
NGC4064,post-peak,log_sigma_star,9.5,9.75,9.625,0,0,0,0
NGC4064,post-peak,log_sigma_star,9.75,10.0,9.875,0,0,0,0
NGC4064,post-peak,log_sigma_star,10.0,10.25,10.125,0,0,0,0
NGC4064,post-peak,log_sigma_star,10.25,10.5,10.375,0,0,0,0
NGC4064,post-peak,log_sigma_star,10.5,10.75,10.625,0,0,0,0
NGC4064,post-peak,log_sigma_star,10.75,11.0,10.875,0,0,0,0
NGC4064,post-peak,log_sigma_star,11.0,11.25,11.125,0,0,0,0
NGC4064,post-peak,radius_re,0.0,0.25,0.125,5452,2580,18,2854
NGC4064,post-peak,radius_re,0.25,0.5,0.375,16350,693,3526,12131
NGC4064,post-peak,radius_re,0.5,0.75,0.625,26951,0,15891,11060
NGC4064,post-peak,radius_re,0.75,1.0,0.875,37326,0,30580,6746
NGC4064,post-peak,radius_re,1.0,1.25,1.125,32327,0,31384,943
NGC4064,post-peak,radius_re,1.25,1.5,1.375,9491,0,9304,187
NGC4064,post-peak,radius_re,1.5,1.75,1.625,509,0,509,0
NGC4064,post-peak,radius_re,1.75,2.0,1.875,0,0,0,0
NGC4064,post-peak,radius_re,2.0,2.25,2.125,0,0,0,0
NGC4064,post-peak,radius_re,2.25,2.5,2.375,0,0,0,0
NGC4064,post-peak,radius_re,2.5,2.75,2.625,0,0,0,0
NGC4064,post-peak,radius_re,2.75,3.0,2.875,0,0,0,0
NGC4064,post-peak,radius_re,3.0,3.25,3.125,0,0,0,0
NGC4064,post-peak,radius_re,3.25,3.5,3.375,0,0,0,0
NGC4064,post-peak,radius_re,3.5,3.75,3.625,0,0,0,0
NGC4064,post-peak,radius_re,3.75,4.0,3.875,0,0,0,0
NGC4064,post-peak,radius_re,4.0,4.25,4.125,0,0,0,0
NGC4064,post-peak,radius_re,4.25,4.5,4.375,0,0,0,0
NGC4064,post-peak,radius_re,4.5,4.75,4.625,0,0,0,0
NGC4064,post-peak,radius_re,4.75,5.0,4.875,0,0,0,0
NGC4064,post-peak,radius_re,5.0,5.25,5.125,0,0,0,0
NGC4064,post-peak,radius_re,5.25,5.5,5.375,0,0,0,0
NGC4064,post-peak,radius_re,5.5,5.75,5.625,0,0,0,0
NGC4064,post-peak,radius_re,5.75,6.0,5.875,0,0,0,0
NGC4064,post-peak,radius_re,6.0,6.25,6.125,0,0,0,0
NGC4064,post-peak,radius_re,6.25,6.5,6.375,0,0,0,0
NGC4064,post-peak,radius_re,6.5,6.75,6.625,0,0,0,0
NGC4064,post-peak,radius_re,6.75,7.0,6.875,0,0,0,0
NGC4064,post-peak,radius_re,7.0,7.25,7.125,0,0,0,0
NGC4064,post-peak,radius_re,7.25,7.5,7.375,0,0,0,0
NGC4064,post-peak,radius_re,7.5,7.75,7.625,0,0,0,0
NGC4064,post-peak,radius_re,7.75,8.0,7.875,0,0,0,0
NGC4293,post-peak,log_sigma_star,5.75,6.0,5.875,0,0,0,0
NGC4293,post-peak,log_sigma_star,6.0,6.25,6.125,0,0,0,0
NGC4293,post-peak,log_sigma_star,6.25,6.5,6.375,0,0,0,0
NGC4293,post-peak,log_sigma_star,6.5,6.75,6.625,0,0,0,0
NGC4293,post-peak,log_sigma_star,6.75,7.0,6.875,0,0,0,0
NGC4293,post-peak,log_sigma_star,7.0,7.25,7.125,122,0,122,0
NGC4293,post-peak,log_sigma_star,7.25,7.5,7.375,1422,0,807,615
NGC4293,post-peak,log_sigma_star,7.5,7.75,7.625,30782,0,30004,778
NGC4293,post-peak,log_sigma_star,7.75,8.0,7.875,75925,0,71235,4690
NGC4293,post-peak,log_sigma_star,8.0,8.25,8.125,72234,61,58189,13984
NGC4293,post-peak,log_sigma_star,8.25,8.5,8.375,42758,294,21205,21259
NGC4293,post-peak,log_sigma_star,8.5,8.75,8.625,18662,116,5461,13085
NGC4293,post-peak,log_sigma_star,8.75,9.0,8.875,7761,0,1924,5837
NGC4293,post-peak,log_sigma_star,9.0,9.25,9.125,2968,0,802,2166
NGC4293,post-peak,log_sigma_star,9.25,9.5,9.375,901,0,158,743
NGC4293,post-peak,log_sigma_star,9.5,9.75,9.625,180,0,19,161
NGC4293,post-peak,log_sigma_star,9.75,10.0,9.875,51,0,0,51
NGC4293,post-peak,log_sigma_star,10.0,10.25,10.125,24,0,0,24
NGC4293,post-peak,log_sigma_star,10.25,10.5,10.375,7,0,0,7
NGC4293,post-peak,log_sigma_star,10.5,10.75,10.625,0,0,0,0
NGC4293,post-peak,log_sigma_star,10.75,11.0,10.875,0,0,0,0
NGC4293,post-peak,log_sigma_star,11.0,11.25,11.125,0,0,0,0
NGC4293,post-peak,radius_re,0.0,0.25,0.125,13192,0,3290,9902
NGC4293,post-peak,radius_re,0.25,0.5,0.375,39504,33,18275,21196
NGC4293,post-peak,radius_re,0.5,0.75,0.625,65299,438,46568,18293
NGC4293,post-peak,radius_re,0.75,1.0,0.875,65477,0,56628,8849
NGC4293,post-peak,radius_re,1.0,1.25,1.125,45456,0,42073,3383
NGC4293,post-peak,radius_re,1.25,1.5,1.375,19159,0,18031,1128
NGC4293,post-peak,radius_re,1.5,1.75,1.625,5638,0,4989,649
NGC4293,post-peak,radius_re,1.75,2.0,1.875,72,0,72,0
NGC4293,post-peak,radius_re,2.0,2.25,2.125,0,0,0,0
NGC4293,post-peak,radius_re,2.25,2.5,2.375,0,0,0,0
NGC4293,post-peak,radius_re,2.5,2.75,2.625,0,0,0,0
NGC4293,post-peak,radius_re,2.75,3.0,2.875,0,0,0,0
NGC4293,post-peak,radius_re,3.0,3.25,3.125,0,0,0,0
NGC4293,post-peak,radius_re,3.25,3.5,3.375,0,0,0,0
NGC4293,post-peak,radius_re,3.5,3.75,3.625,0,0,0,0
NGC4293,post-peak,radius_re,3.75,4.0,3.875,0,0,0,0
NGC4293,post-peak,radius_re,4.0,4.25,4.125,0,0,0,0
NGC4293,post-peak,radius_re,4.25,4.5,4.375,0,0,0,0
NGC4293,post-peak,radius_re,4.5,4.75,4.625,0,0,0,0
NGC4293,post-peak,radius_re,4.75,5.0,4.875,0,0,0,0
NGC4293,post-peak,radius_re,5.0,5.25,5.125,0,0,0,0
NGC4293,post-peak,radius_re,5.25,5.5,5.375,0,0,0,0
NGC4293,post-peak,radius_re,5.5,5.75,5.625,0,0,0,0
NGC4293,post-peak,radius_re,5.75,6.0,5.875,0,0,0,0
NGC4293,post-peak,radius_re,6.0,6.25,6.125,0,0,0,0
NGC4293,post-peak,radius_re,6.25,6.5,6.375,0,0,0,0
NGC4293,post-peak,radius_re,6.5,6.75,6.625,0,0,0,0
NGC4293,post-peak,radius_re,6.75,7.0,6.875,0,0,0,0
NGC4293,post-peak,radius_re,7.0,7.25,7.125,0,0,0,0
NGC4293,post-peak,radius_re,7.25,7.5,7.375,0,0,0,0
NGC4293,post-peak,radius_re,7.5,7.75,7.625,0,0,0,0
NGC4293,post-peak,radius_re,7.75,8.0,7.875,0,0,0,0
NGC4380,post-peak,log_sigma_star,5.75,6.0,5.875,0,0,0,0
NGC4380,post-peak,log_sigma_star,6.0,6.25,6.125,0,0,0,0
NGC4380,post-peak,log_sigma_star,6.25,6.5,6.375,0,0,0,0
NGC4380,post-peak,log_sigma_star,6.5,6.75,6.625,0,0,0,0
NGC4380,post-peak,log_sigma_star,6.75,7.0,6.875,0,0,0,0
NGC4380,post-peak,log_sigma_star,7.0,7.25,7.125,0,0,0,0
NGC4380,post-peak,log_sigma_star,7.25,7.5,7.375,7225,1284,5679,262
NGC4380,post-peak,log_sigma_star,7.5,7.75,7.625,60914,8242,49606,3066
NGC4380,post-peak,log_sigma_star,7.75,8.0,7.875,96316,27427,52532,16357
NGC4380,post-peak,log_sigma_star,8.0,8.25,8.125,46777,12960,17717,16100
NGC4380,post-peak,log_sigma_star,8.25,8.5,8.375,15044,4779,854,9411
NGC4380,post-peak,log_sigma_star,8.5,8.75,8.625,4503,1080,41,3382
NGC4380,post-peak,log_sigma_star,8.75,9.0,8.875,1713,284,0,1429
NGC4380,post-peak,log_sigma_star,9.0,9.25,9.125,819,19,1,799
NGC4380,post-peak,log_sigma_star,9.25,9.5,9.375,271,0,0,271
NGC4380,post-peak,log_sigma_star,9.5,9.75,9.625,85,0,0,85
NGC4380,post-peak,log_sigma_star,9.75,10.0,9.875,22,0,0,22
NGC4380,post-peak,log_sigma_star,10.0,10.25,10.125,6,0,0,6
NGC4380,post-peak,log_sigma_star,10.25,10.5,10.375,0,0,0,0
NGC4380,post-peak,log_sigma_star,10.5,10.75,10.625,0,0,0,0
NGC4380,post-peak,log_sigma_star,10.75,11.0,10.875,0,0,0,0
NGC4380,post-peak,log_sigma_star,11.0,11.25,11.125,0,0,0,0
NGC4380,post-peak,radius_re,0.0,0.25,0.125,7884,1641,16,6227
NGC4380,post-peak,radius_re,0.25,0.5,0.375,23623,7683,1574,14366
NGC4380,post-peak,radius_re,0.5,0.75,0.625,39220,9269,16621,13330
NGC4380,post-peak,radius_re,0.75,1.0,0.875,52829,14979,27475,10375
NGC4380,post-peak,radius_re,1.0,1.25,1.125,59156,17299,36214,5643
NGC4380,post-peak,radius_re,1.25,1.5,1.375,45643,5204,39190,1249
NGC4380,post-peak,radius_re,1.5,1.75,1.625,5340,0,5340,0
NGC4380,post-peak,radius_re,1.75,2.0,1.875,0,0,0,0
NGC4380,post-peak,radius_re,2.0,2.25,2.125,0,0,0,0
NGC4380,post-peak,radius_re,2.25,2.5,2.375,0,0,0,0
NGC4380,post-peak,radius_re,2.5,2.75,2.625,0,0,0,0
NGC4380,post-peak,radius_re,2.75,3.0,2.875,0,0,0,0
NGC4380,post-peak,radius_re,3.0,3.25,3.125,0,0,0,0
NGC4380,post-peak,radius_re,3.25,3.5,3.375,0,0,0,0
NGC4380,post-peak,radius_re,3.5,3.75,3.625,0,0,0,0
NGC4380,post-peak,radius_re,3.75,4.0,3.875,0,0,0,0
NGC4380,post-peak,radius_re,4.0,4.25,4.125,0,0,0,0
NGC4380,post-peak,radius_re,4.25,4.5,4.375,0,0,0,0
NGC4380,post-peak,radius_re,4.5,4.75,4.625,0,0,0,0
NGC4380,post-peak,radius_re,4.75,5.0,4.875,0,0,0,0
NGC4380,post-peak,radius_re,5.0,5.25,5.125,0,0,0,0
NGC4380,post-peak,radius_re,5.25,5.5,5.375,0,0,0,0
NGC4380,post-peak,radius_re,5.5,5.75,5.625,0,0,0,0
NGC4380,post-peak,radius_re,5.75,6.0,5.875,0,0,0,0
NGC4380,post-peak,radius_re,6.0,6.25,6.125,0,0,0,0
NGC4380,post-peak,radius_re,6.25,6.5,6.375,0,0,0,0
NGC4380,post-peak,radius_re,6.5,6.75,6.625,0,0,0,0
NGC4380,post-peak,radius_re,6.75,7.0,6.875,0,0,0,0
NGC4380,post-peak,radius_re,7.0,7.25,7.125,0,0,0,0
NGC4380,post-peak,radius_re,7.25,7.5,7.375,0,0,0,0
NGC4380,post-peak,radius_re,7.5,7.75,7.625,0,0,0,0
NGC4380,post-peak,radius_re,7.75,8.0,7.875,0,0,0,0
NGC4394,post-peak,log_sigma_star,5.75,6.0,5.875,0,0,0,0
NGC4394,post-peak,log_sigma_star,6.0,6.25,6.125,0,0,0,0
NGC4394,post-peak,log_sigma_star,6.25,6.5,6.375,0,0,0,0
NGC4394,post-peak,log_sigma_star,6.5,6.75,6.625,0,0,0,0
NGC4394,post-peak,log_sigma_star,6.75,7.0,6.875,0,0,0,0
NGC4394,post-peak,log_sigma_star,7.0,7.25,7.125,0,0,0,0
NGC4394,post-peak,log_sigma_star,7.25,7.5,7.375,41,0,0,41
NGC4394,post-peak,log_sigma_star,7.5,7.75,7.625,7228,2425,3943,860
NGC4394,post-peak,log_sigma_star,7.75,8.0,7.875,48390,13908,26365,8117
NGC4394,post-peak,log_sigma_star,8.0,8.25,8.125,55238,12258,28812,14168
NGC4394,post-peak,log_sigma_star,8.25,8.5,8.375,28124,1839,20161,6124
NGC4394,post-peak,log_sigma_star,8.5,8.75,8.625,17701,0,12267,5434
NGC4394,post-peak,log_sigma_star,8.75,9.0,8.875,9891,0,4976,4915
NGC4394,post-peak,log_sigma_star,9.0,9.25,9.125,4739,0,1777,2962
NGC4394,post-peak,log_sigma_star,9.25,9.5,9.375,1975,0,608,1367
NGC4394,post-peak,log_sigma_star,9.5,9.75,9.625,809,0,86,723
NGC4394,post-peak,log_sigma_star,9.75,10.0,9.875,336,0,4,332
NGC4394,post-peak,log_sigma_star,10.0,10.25,10.125,148,0,0,148
NGC4394,post-peak,log_sigma_star,10.25,10.5,10.375,74,0,0,74
NGC4394,post-peak,log_sigma_star,10.5,10.75,10.625,27,0,0,27
NGC4394,post-peak,log_sigma_star,10.75,11.0,10.875,2,0,0,2
NGC4394,post-peak,log_sigma_star,11.0,11.25,11.125,0,0,0,0
NGC4394,post-peak,radius_re,0.0,0.25,0.125,9455,0,3034,6421
NGC4394,post-peak,radius_re,0.25,0.5,0.375,28229,0,18729,9500
NGC4394,post-peak,radius_re,0.5,0.75,0.625,46802,3229,32792,10781
NGC4394,post-peak,radius_re,0.75,1.0,0.875,44954,14313,18422,12219
NGC4394,post-peak,radius_re,1.0,1.25,1.125,37677,11395,20450,5832
NGC4394,post-peak,radius_re,1.25,1.5,1.375,7606,1493,5572,541
NGC4394,post-peak,radius_re,1.5,1.75,1.625,0,0,0,0
NGC4394,post-peak,radius_re,1.75,2.0,1.875,0,0,0,0
NGC4394,post-peak,radius_re,2.0,2.25,2.125,0,0,0,0
NGC4394,post-peak,radius_re,2.25,2.5,2.375,0,0,0,0
NGC4394,post-peak,radius_re,2.5,2.75,2.625,0,0,0,0
NGC4394,post-peak,radius_re,2.75,3.0,2.875,0,0,0,0
NGC4394,post-peak,radius_re,3.0,3.25,3.125,0,0,0,0
NGC4394,post-peak,radius_re,3.25,3.5,3.375,0,0,0,0
NGC4394,post-peak,radius_re,3.5,3.75,3.625,0,0,0,0
NGC4394,post-peak,radius_re,3.75,4.0,3.875,0,0,0,0
NGC4394,post-peak,radius_re,4.0,4.25,4.125,0,0,0,0
NGC4394,post-peak,radius_re,4.25,4.5,4.375,0,0,0,0
NGC4394,post-peak,radius_re,4.5,4.75,4.625,0,0,0,0
NGC4394,post-peak,radius_re,4.75,5.0,4.875,0,0,0,0
NGC4394,post-peak,radius_re,5.0,5.25,5.125,0,0,0,0
NGC4394,post-peak,radius_re,5.25,5.5,5.375,0,0,0,0
NGC4394,post-peak,radius_re,5.5,5.75,5.625,0,0,0,0
NGC4394,post-peak,radius_re,5.75,6.0,5.875,0,0,0,0
NGC4394,post-peak,radius_re,6.0,6.25,6.125,0,0,0,0
NGC4394,post-peak,radius_re,6.25,6.5,6.375,0,0,0,0
NGC4394,post-peak,radius_re,6.5,6.75,6.625,0,0,0,0
NGC4394,post-peak,radius_re,6.75,7.0,6.875,0,0,0,0
NGC4394,post-peak,radius_re,7.0,7.25,7.125,0,0,0,0
NGC4394,post-peak,radius_re,7.25,7.5,7.375,0,0,0,0
NGC4394,post-peak,radius_re,7.5,7.75,7.625,0,0,0,0
NGC4394,post-peak,radius_re,7.75,8.0,7.875,0,0,0,0
NGC4405,post-peak,log_sigma_star,5.75,6.0,5.875,0,0,0,0
NGC4405,post-peak,log_sigma_star,6.0,6.25,6.125,0,0,0,0
NGC4405,post-peak,log_sigma_star,6.25,6.5,6.375,0,0,0,0
NGC4405,post-peak,log_sigma_star,6.5,6.75,6.625,0,0,0,0
NGC4405,post-peak,log_sigma_star,6.75,7.0,6.875,0,0,0,0
NGC4405,post-peak,log_sigma_star,7.0,7.25,7.125,0,0,0,0
NGC4405,post-peak,log_sigma_star,7.25,7.5,7.375,2742,0,2742,0
NGC4405,post-peak,log_sigma_star,7.5,7.75,7.625,13012,0,12689,323
NGC4405,post-peak,log_sigma_star,7.75,8.0,7.875,26557,255,24231,2071
NGC4405,post-peak,log_sigma_star,8.0,8.25,8.125,22414,3305,13233,5876
NGC4405,post-peak,log_sigma_star,8.25,8.5,8.375,8445,5325,800,2320
NGC4405,post-peak,log_sigma_star,8.5,8.75,8.625,3783,3220,21,542
NGC4405,post-peak,log_sigma_star,8.75,9.0,8.875,1449,1208,0,241
NGC4405,post-peak,log_sigma_star,9.0,9.25,9.125,245,227,0,18
NGC4405,post-peak,log_sigma_star,9.25,9.5,9.375,28,28,0,0
NGC4405,post-peak,log_sigma_star,9.5,9.75,9.625,1,1,0,0
NGC4405,post-peak,log_sigma_star,9.75,10.0,9.875,0,0,0,0
NGC4405,post-peak,log_sigma_star,10.0,10.25,10.125,0,0,0,0
NGC4405,post-peak,log_sigma_star,10.25,10.5,10.375,0,0,0,0
NGC4405,post-peak,log_sigma_star,10.5,10.75,10.625,0,0,0,0
NGC4405,post-peak,log_sigma_star,10.75,11.0,10.875,0,0,0,0
NGC4405,post-peak,log_sigma_star,11.0,11.25,11.125,0,0,0,0
NGC4405,post-peak,radius_re,0.0,0.25,0.125,1162,1003,0,159
NGC4405,post-peak,radius_re,0.25,0.5,0.375,3486,3125,0,361
NGC4405,post-peak,radius_re,0.5,0.75,0.625,5798,4820,6,972
NGC4405,post-peak,radius_re,0.75,1.0,0.875,8129,4351,593,3185
NGC4405,post-peak,radius_re,1.0,1.25,1.125,10439,270,5718,4451
NGC4405,post-peak,radius_re,1.25,1.5,1.375,12789,0,11543,1246
NGC4405,post-peak,radius_re,1.5,1.75,1.625,14935,0,14391,544
NGC4405,post-peak,radius_re,1.75,2.0,1.875,14835,0,14591,244
NGC4405,post-peak,radius_re,2.0,2.25,2.125,5897,0,5725,172
NGC4405,post-peak,radius_re,2.25,2.5,2.375,1198,0,1149,49
NGC4405,post-peak,radius_re,2.5,2.75,2.625,8,0,0,8
NGC4405,post-peak,radius_re,2.75,3.0,2.875,0,0,0,0
NGC4405,post-peak,radius_re,3.0,3.25,3.125,0,0,0,0
NGC4405,post-peak,radius_re,3.25,3.5,3.375,0,0,0,0
NGC4405,post-peak,radius_re,3.5,3.75,3.625,0,0,0,0
NGC4405,post-peak,radius_re,3.75,4.0,3.875,0,0,0,0
NGC4405,post-peak,radius_re,4.0,4.25,4.125,0,0,0,0
NGC4405,post-peak,radius_re,4.25,4.5,4.375,0,0,0,0
NGC4405,post-peak,radius_re,4.5,4.75,4.625,0,0,0,0
NGC4405,post-peak,radius_re,4.75,5.0,4.875,0,0,0,0
NGC4405,post-peak,radius_re,5.0,5.25,5.125,0,0,0,0
NGC4405,post-peak,radius_re,5.25,5.5,5.375,0,0,0,0
NGC4405,post-peak,radius_re,5.5,5.75,5.625,0,0,0,0
NGC4405,post-peak,radius_re,5.75,6.0,5.875,0,0,0,0
NGC4405,post-peak,radius_re,6.0,6.25,6.125,0,0,0,0
NGC4405,post-peak,radius_re,6.25,6.5,6.375,0,0,0,0
NGC4405,post-peak,radius_re,6.5,6.75,6.625,0,0,0,0
NGC4405,post-peak,radius_re,6.75,7.0,6.875,0,0,0,0
NGC4405,post-peak,radius_re,7.0,7.25,7.125,0,0,0,0
NGC4405,post-peak,radius_re,7.25,7.5,7.375,0,0,0,0
NGC4405,post-peak,radius_re,7.5,7.75,7.625,0,0,0,0
NGC4405,post-peak,radius_re,7.75,8.0,7.875,0,0,0,0
NGC4419,post-peak,log_sigma_star,5.75,6.0,5.875,0,0,0,0
NGC4419,post-peak,log_sigma_star,6.0,6.25,6.125,0,0,0,0
NGC4419,post-peak,log_sigma_star,6.25,6.5,6.375,0,0,0,0
NGC4419,post-peak,log_sigma_star,6.5,6.75,6.625,0,0,0,0
NGC4419,post-peak,log_sigma_star,6.75,7.0,6.875,0,0,0,0
NGC4419,post-peak,log_sigma_star,7.0,7.25,7.125,961,0,506,455
NGC4419,post-peak,log_sigma_star,7.25,7.5,7.375,11071,0,10513,558
NGC4419,post-peak,log_sigma_star,7.5,7.75,7.625,24256,0,20580,3676
NGC4419,post-peak,log_sigma_star,7.75,8.0,7.875,28631,7,19468,9156
NGC4419,post-peak,log_sigma_star,8.0,8.25,8.125,27367,454,10883,16030
NGC4419,post-peak,log_sigma_star,8.25,8.5,8.375,20408,2659,2390,15359
NGC4419,post-peak,log_sigma_star,8.5,8.75,8.625,10204,1997,245,7962
NGC4419,post-peak,log_sigma_star,8.75,9.0,8.875,4858,532,61,4265
NGC4419,post-peak,log_sigma_star,9.0,9.25,9.125,3473,100,125,3248
NGC4419,post-peak,log_sigma_star,9.25,9.5,9.375,1634,14,32,1588
NGC4419,post-peak,log_sigma_star,9.5,9.75,9.625,711,0,3,708
NGC4419,post-peak,log_sigma_star,9.75,10.0,9.875,227,0,1,226
NGC4419,post-peak,log_sigma_star,10.0,10.25,10.125,80,0,0,80
NGC4419,post-peak,log_sigma_star,10.25,10.5,10.375,22,0,0,22
NGC4419,post-peak,log_sigma_star,10.5,10.75,10.625,1,0,0,1
NGC4419,post-peak,log_sigma_star,10.75,11.0,10.875,0,0,0,0
NGC4419,post-peak,log_sigma_star,11.0,11.25,11.125,0,0,0,0
NGC4419,post-peak,radius_re,0.0,0.25,0.125,793,0,3,790
NGC4419,post-peak,radius_re,0.25,0.5,0.375,2375,58,38,2279
NGC4419,post-peak,radius_re,0.5,0.75,0.625,3960,329,115,3516
NGC4419,post-peak,radius_re,0.75,1.0,0.875,5555,1212,60,4283
NGC4419,post-peak,radius_re,1.0,1.25,1.125,7135,863,110,6162
NGC4419,post-peak,radius_re,1.25,1.5,1.375,8713,1080,466,7167
NGC4419,post-peak,radius_re,1.5,1.75,1.625,10310,1164,1210,7936
NGC4419,post-peak,radius_re,1.75,2.0,1.875,11877,1028,2667,8182
NGC4419,post-peak,radius_re,2.0,2.25,2.125,13488,29,5166,8293
NGC4419,post-peak,radius_re,2.25,2.5,2.375,15058,0,8983,6075
NGC4419,post-peak,radius_re,2.5,2.75,2.625,15701,0,10757,4944
NGC4419,post-peak,radius_re,2.75,3.0,2.875,13512,0,11536,1976
NGC4419,post-peak,radius_re,3.0,3.25,3.125,12437,0,11544,893
NGC4419,post-peak,radius_re,3.25,3.5,3.375,9320,0,8999,321
NGC4419,post-peak,radius_re,3.5,3.75,3.625,3226,0,2933,293
NGC4419,post-peak,radius_re,3.75,4.0,3.875,405,0,220,185
NGC4419,post-peak,radius_re,4.0,4.25,4.125,39,0,0,39
NGC4419,post-peak,radius_re,4.25,4.5,4.375,0,0,0,0
NGC4419,post-peak,radius_re,4.5,4.75,4.625,0,0,0,0
NGC4419,post-peak,radius_re,4.75,5.0,4.875,0,0,0,0
NGC4419,post-peak,radius_re,5.0,5.25,5.125,0,0,0,0
NGC4419,post-peak,radius_re,5.25,5.5,5.375,0,0,0,0
NGC4419,post-peak,radius_re,5.5,5.75,5.625,0,0,0,0
NGC4419,post-peak,radius_re,5.75,6.0,5.875,0,0,0,0
NGC4419,post-peak,radius_re,6.0,6.25,6.125,0,0,0,0
NGC4419,post-peak,radius_re,6.25,6.5,6.375,0,0,0,0
NGC4419,post-peak,radius_re,6.5,6.75,6.625,0,0,0,0
NGC4419,post-peak,radius_re,6.75,7.0,6.875,0,0,0,0
NGC4419,post-peak,radius_re,7.0,7.25,7.125,0,0,0,0
NGC4419,post-peak,radius_re,7.25,7.5,7.375,0,0,0,0
NGC4419,post-peak,radius_re,7.5,7.75,7.625,0,0,0,0
NGC4419,post-peak,radius_re,7.75,8.0,7.875,0,0,0,0
NGC4450,post-peak,log_sigma_star,5.75,6.0,5.875,0,0,0,0
NGC4450,post-peak,log_sigma_star,6.0,6.25,6.125,0,0,0,0
NGC4450,post-peak,log_sigma_star,6.25,6.5,6.375,0,0,0,0
NGC4450,post-peak,log_sigma_star,6.5,6.75,6.625,0,0,0,0
NGC4450,post-peak,log_sigma_star,6.75,7.0,6.875,0,0,0,0
NGC4450,post-peak,log_sigma_star,7.0,7.25,7.125,0,0,0,0
NGC4450,post-peak,log_sigma_star,7.25,7.5,7.375,1209,0,1209,0
NGC4450,post-peak,log_sigma_star,7.5,7.75,7.625,34857,966,33245,646
NGC4450,post-peak,log_sigma_star,7.75,8.0,7.875,145897,4415,131993,9489
NGC4450,post-peak,log_sigma_star,8.0,8.25,8.125,134659,6619,103421,24619
NGC4450,post-peak,log_sigma_star,8.25,8.5,8.375,69201,2402,39257,27542
NGC4450,post-peak,log_sigma_star,8.5,8.75,8.625,41704,1916,11086,28702
NGC4450,post-peak,log_sigma_star,8.75,9.0,8.875,26537,844,4015,21678
NGC4450,post-peak,log_sigma_star,9.0,9.25,9.125,10506,24,1082,9400
NGC4450,post-peak,log_sigma_star,9.25,9.5,9.375,4440,0,254,4186
NGC4450,post-peak,log_sigma_star,9.5,9.75,9.625,1568,0,88,1480
NGC4450,post-peak,log_sigma_star,9.75,10.0,9.875,691,0,13,678
NGC4450,post-peak,log_sigma_star,10.0,10.25,10.125,242,0,2,240
NGC4450,post-peak,log_sigma_star,10.25,10.5,10.375,88,0,0,88
NGC4450,post-peak,log_sigma_star,10.5,10.75,10.625,37,0,0,37
NGC4450,post-peak,log_sigma_star,10.75,11.0,10.875,15,0,0,15
NGC4450,post-peak,log_sigma_star,11.0,11.25,11.125,1,0,0,1
NGC4450,post-peak,radius_re,0.0,0.25,0.125,11061,0,658,10403
NGC4450,post-peak,radius_re,0.25,0.5,0.375,33205,802,5020,27383
NGC4450,post-peak,radius_re,0.5,0.75,0.625,55212,2118,20310,32784
NGC4450,post-peak,radius_re,0.75,1.0,0.875,77451,1744,47385,28322
NGC4450,post-peak,radius_re,1.0,1.25,1.125,99224,7687,71021,20516
NGC4450,post-peak,radius_re,1.25,1.5,1.375,103738,1587,95202,6949
NGC4450,post-peak,radius_re,1.5,1.75,1.625,63908,3157,58308,2443
NGC4450,post-peak,radius_re,1.75,2.0,1.875,24333,91,24241,1
NGC4450,post-peak,radius_re,2.0,2.25,2.125,3520,0,3520,0
NGC4450,post-peak,radius_re,2.25,2.5,2.375,0,0,0,0
NGC4450,post-peak,radius_re,2.5,2.75,2.625,0,0,0,0
NGC4450,post-peak,radius_re,2.75,3.0,2.875,0,0,0,0
NGC4450,post-peak,radius_re,3.0,3.25,3.125,0,0,0,0
NGC4450,post-peak,radius_re,3.25,3.5,3.375,0,0,0,0
NGC4450,post-peak,radius_re,3.5,3.75,3.625,0,0,0,0
NGC4450,post-peak,radius_re,3.75,4.0,3.875,0,0,0,0
NGC4450,post-peak,radius_re,4.0,4.25,4.125,0,0,0,0
NGC4450,post-peak,radius_re,4.25,4.5,4.375,0,0,0,0
NGC4450,post-peak,radius_re,4.5,4.75,4.625,0,0,0,0
NGC4450,post-peak,radius_re,4.75,5.0,4.875,0,0,0,0
NGC4450,post-peak,radius_re,5.0,5.25,5.125,0,0,0,0
NGC4450,post-peak,radius_re,5.25,5.5,5.375,0,0,0,0
NGC4450,post-peak,radius_re,5.5,5.75,5.625,0,0,0,0
NGC4450,post-peak,radius_re,5.75,6.0,5.875,0,0,0,0
NGC4450,post-peak,radius_re,6.0,6.25,6.125,0,0,0,0
NGC4450,post-peak,radius_re,6.25,6.5,6.375,0,0,0,0
NGC4450,post-peak,radius_re,6.5,6.75,6.625,0,0,0,0
NGC4450,post-peak,radius_re,6.75,7.0,6.875,0,0,0,0
NGC4450,post-peak,radius_re,7.0,7.25,7.125,0,0,0,0
NGC4450,post-peak,radius_re,7.25,7.5,7.375,0,0,0,0
NGC4450,post-peak,radius_re,7.5,7.75,7.625,0,0,0,0
NGC4450,post-peak,radius_re,7.75,8.0,7.875,0,0,0,0
NGC4457,post-peak,log_sigma_star,5.75,6.0,5.875,0,0,0,0
NGC4457,post-peak,log_sigma_star,6.0,6.25,6.125,0,0,0,0
NGC4457,post-peak,log_sigma_star,6.25,6.5,6.375,0,0,0,0
NGC4457,post-peak,log_sigma_star,6.5,6.75,6.625,0,0,0,0
NGC4457,post-peak,log_sigma_star,6.75,7.0,6.875,0,0,0,0
NGC4457,post-peak,log_sigma_star,7.0,7.25,7.125,0,0,0,0
NGC4457,post-peak,log_sigma_star,7.25,7.5,7.375,2516,0,2329,187
NGC4457,post-peak,log_sigma_star,7.5,7.75,7.625,17402,0,16273,1129
NGC4457,post-peak,log_sigma_star,7.75,8.0,7.875,69012,0,60427,8585
NGC4457,post-peak,log_sigma_star,8.0,8.25,8.125,67887,265,40418,27204
NGC4457,post-peak,log_sigma_star,8.25,8.5,8.375,45079,1729,8502,34848
NGC4457,post-peak,log_sigma_star,8.5,8.75,8.625,26724,2678,1429,22617
NGC4457,post-peak,log_sigma_star,8.75,9.0,8.875,12248,792,504,10952
NGC4457,post-peak,log_sigma_star,9.0,9.25,9.125,5436,137,211,5088
NGC4457,post-peak,log_sigma_star,9.25,9.5,9.375,2714,3,58,2653
NGC4457,post-peak,log_sigma_star,9.5,9.75,9.625,1144,0,0,1144
NGC4457,post-peak,log_sigma_star,9.75,10.0,9.875,586,0,0,586
NGC4457,post-peak,log_sigma_star,10.0,10.25,10.125,269,0,0,269
NGC4457,post-peak,log_sigma_star,10.25,10.5,10.375,126,0,0,126
NGC4457,post-peak,log_sigma_star,10.5,10.75,10.625,56,0,0,56
NGC4457,post-peak,log_sigma_star,10.75,11.0,10.875,18,0,0,18
NGC4457,post-peak,log_sigma_star,11.0,11.25,11.125,0,0,0,0
NGC4457,post-peak,radius_re,0.0,0.25,0.125,1495,0,0,1495
NGC4457,post-peak,radius_re,0.25,0.5,0.375,4469,0,115,4354
NGC4457,post-peak,radius_re,0.5,0.75,0.625,7439,178,249,7012
NGC4457,post-peak,radius_re,0.75,1.0,0.875,10428,1072,418,8938
NGC4457,post-peak,radius_re,1.0,1.25,1.125,13395,1103,274,12018
NGC4457,post-peak,radius_re,1.25,1.5,1.375,16389,1671,909,13809
NGC4457,post-peak,radius_re,1.5,1.75,1.625,19251,1221,2470,15560
NGC4457,post-peak,radius_re,1.75,2.0,1.875,22152,167,4771,17214
NGC4457,post-peak,radius_re,2.0,2.25,2.125,25303,192,10438,14673
NGC4457,post-peak,radius_re,2.25,2.5,2.375,28051,0,18254,9797
NGC4457,post-peak,radius_re,2.5,2.75,2.625,29866,0,24936,4930
NGC4457,post-peak,radius_re,2.75,3.0,2.875,25239,0,21524,3715
NGC4457,post-peak,radius_re,3.0,3.25,3.125,21059,0,19553,1506
NGC4457,post-peak,radius_re,3.25,3.5,3.375,13884,0,13635,249
NGC4457,post-peak,radius_re,3.5,3.75,3.625,7158,0,6966,192
NGC4457,post-peak,radius_re,3.75,4.0,3.875,2971,0,2971,0
NGC4457,post-peak,radius_re,4.0,4.25,4.125,1290,0,1290,0
NGC4457,post-peak,radius_re,4.25,4.5,4.375,1305,0,1305,0
NGC4457,post-peak,radius_re,4.5,4.75,4.625,73,0,73,0
NGC4457,post-peak,radius_re,4.75,5.0,4.875,0,0,0,0
NGC4457,post-peak,radius_re,5.0,5.25,5.125,0,0,0,0
NGC4457,post-peak,radius_re,5.25,5.5,5.375,0,0,0,0
NGC4457,post-peak,radius_re,5.5,5.75,5.625,0,0,0,0
NGC4457,post-peak,radius_re,5.75,6.0,5.875,0,0,0,0
NGC4457,post-peak,radius_re,6.0,6.25,6.125,0,0,0,0
NGC4457,post-peak,radius_re,6.25,6.5,6.375,0,0,0,0
NGC4457,post-peak,radius_re,6.5,6.75,6.625,0,0,0,0
NGC4457,post-peak,radius_re,6.75,7.0,6.875,0,0,0,0
NGC4457,post-peak,radius_re,7.0,7.25,7.125,0,0,0,0
NGC4457,post-peak,radius_re,7.25,7.5,7.375,0,0,0,0
NGC4457,post-peak,radius_re,7.5,7.75,7.625,0,0,0,0
NGC4457,post-peak,radius_re,7.75,8.0,7.875,0,0,0,0
NGC4569,post-peak,log_sigma_star,5.75,6.0,5.875,0,0,0,0
NGC4569,post-peak,log_sigma_star,6.0,6.25,6.125,0,0,0,0
NGC4569,post-peak,log_sigma_star,6.25,6.5,6.375,0,0,0,0
NGC4569,post-peak,log_sigma_star,6.5,6.75,6.625,0,0,0,0
NGC4569,post-peak,log_sigma_star,6.75,7.0,6.875,0,0,0,0
NGC4569,post-peak,log_sigma_star,7.0,7.25,7.125,3112,0,3112,0
NGC4569,post-peak,log_sigma_star,7.25,7.5,7.375,59758,1089,53742,4927
NGC4569,post-peak,log_sigma_star,7.5,7.75,7.625,171315,5288,151569,14458
NGC4569,post-peak,log_sigma_star,7.75,8.0,7.875,218005,1871,186397,29737
NGC4569,post-peak,log_sigma_star,8.0,8.25,8.125,83475,8211,33796,41468
NGC4569,post-peak,log_sigma_star,8.25,8.5,8.375,54461,19066,3534,31861
NGC4569,post-peak,log_sigma_star,8.5,8.75,8.625,30813,9263,431,21119
NGC4569,post-peak,log_sigma_star,8.75,9.0,8.875,10432,665,156,9611
NGC4569,post-peak,log_sigma_star,9.0,9.25,9.125,5141,3,123,5015
NGC4569,post-peak,log_sigma_star,9.25,9.5,9.375,2445,0,10,2435
NGC4569,post-peak,log_sigma_star,9.5,9.75,9.625,547,0,0,547
NGC4569,post-peak,log_sigma_star,9.75,10.0,9.875,224,0,0,224
NGC4569,post-peak,log_sigma_star,10.0,10.25,10.125,109,0,0,109
NGC4569,post-peak,log_sigma_star,10.25,10.5,10.375,16,0,0,16
NGC4569,post-peak,log_sigma_star,10.5,10.75,10.625,0,0,0,0
NGC4569,post-peak,log_sigma_star,10.75,11.0,10.875,0,0,0,0
NGC4569,post-peak,log_sigma_star,11.0,11.25,11.125,0,0,0,0
NGC4569,post-peak,radius_re,0.0,0.25,0.125,12420,35,200,12185
NGC4569,post-peak,radius_re,0.25,0.5,0.375,37881,9107,488,28286
NGC4569,post-peak,radius_re,0.5,0.75,0.625,63309,18675,5869,38765
NGC4569,post-peak,radius_re,0.75,1.0,0.875,88515,10083,38669,39763
NGC4569,post-peak,radius_re,1.0,1.25,1.125,113725,875,94378,18472
NGC4569,post-peak,radius_re,1.25,1.5,1.375,131815,1441,118874,11500
NGC4569,post-peak,radius_re,1.5,1.75,1.625,103225,4436,90417,8372
NGC4569,post-peak,radius_re,1.75,2.0,1.875,63432,804,58444,4184
NGC4569,post-peak,radius_re,2.0,2.25,2.125,22403,0,22403,0
NGC4569,post-peak,radius_re,2.25,2.5,2.375,3128,0,3128,0
NGC4569,post-peak,radius_re,2.5,2.75,2.625,0,0,0,0
NGC4569,post-peak,radius_re,2.75,3.0,2.875,0,0,0,0
NGC4569,post-peak,radius_re,3.0,3.25,3.125,0,0,0,0
NGC4569,post-peak,radius_re,3.25,3.5,3.375,0,0,0,0
NGC4569,post-peak,radius_re,3.5,3.75,3.625,0,0,0,0
NGC4569,post-peak,radius_re,3.75,4.0,3.875,0,0,0,0
NGC4569,post-peak,radius_re,4.0,4.25,4.125,0,0,0,0
NGC4569,post-peak,radius_re,4.25,4.5,4.375,0,0,0,0
NGC4569,post-peak,radius_re,4.5,4.75,4.625,0,0,0,0
NGC4569,post-peak,radius_re,4.75,5.0,4.875,0,0,0,0
NGC4569,post-peak,radius_re,5.0,5.25,5.125,0,0,0,0
NGC4569,post-peak,radius_re,5.25,5.5,5.375,0,0,0,0
NGC4569,post-peak,radius_re,5.5,5.75,5.625,0,0,0,0
NGC4569,post-peak,radius_re,5.75,6.0,5.875,0,0,0,0
NGC4569,post-peak,radius_re,6.0,6.25,6.125,0,0,0,0
NGC4569,post-peak,radius_re,6.25,6.5,6.375,0,0,0,0
NGC4569,post-peak,radius_re,6.5,6.75,6.625,0,0,0,0
NGC4569,post-peak,radius_re,6.75,7.0,6.875,0,0,0,0
NGC4569,post-peak,radius_re,7.0,7.25,7.125,0,0,0,0
NGC4569,post-peak,radius_re,7.25,7.5,7.375,0,0,0,0
NGC4569,post-peak,radius_re,7.5,7.75,7.625,0,0,0,0
NGC4569,post-peak,radius_re,7.75,8.0,7.875,0,0,0,0
NGC4580,post-peak,log_sigma_star,5.75,6.0,5.875,0,0,0,0
NGC4580,post-peak,log_sigma_star,6.0,6.25,6.125,0,0,0,0
NGC4580,post-peak,log_sigma_star,6.25,6.5,6.375,0,0,0,0
NGC4580,post-peak,log_sigma_star,6.5,6.75,6.625,0,0,0,0
NGC4580,post-peak,log_sigma_star,6.75,7.0,6.875,0,0,0,0
NGC4580,post-peak,log_sigma_star,7.0,7.25,7.125,0,0,0,0
NGC4580,post-peak,log_sigma_star,7.25,7.5,7.375,0,0,0,0
NGC4580,post-peak,log_sigma_star,7.5,7.75,7.625,1110,6,1104,0
NGC4580,post-peak,log_sigma_star,7.75,8.0,7.875,16268,56,15958,254
NGC4580,post-peak,log_sigma_star,8.0,8.25,8.125,40924,2109,32894,5921
NGC4580,post-peak,log_sigma_star,8.25,8.5,8.375,26486,12044,6465,7977
NGC4580,post-peak,log_sigma_star,8.5,8.75,8.625,10240,7361,0,2879
NGC4580,post-peak,log_sigma_star,8.75,9.0,8.875,2879,815,0,2064
NGC4580,post-peak,log_sigma_star,9.0,9.25,9.125,700,34,0,666
NGC4580,post-peak,log_sigma_star,9.25,9.5,9.375,91,0,0,91
NGC4580,post-peak,log_sigma_star,9.5,9.75,9.625,7,0,0,7
NGC4580,post-peak,log_sigma_star,9.75,10.0,9.875,0,0,0,0
NGC4580,post-peak,log_sigma_star,10.0,10.25,10.125,0,0,0,0
NGC4580,post-peak,log_sigma_star,10.25,10.5,10.375,0,0,0,0
NGC4580,post-peak,log_sigma_star,10.5,10.75,10.625,0,0,0,0
NGC4580,post-peak,log_sigma_star,10.75,11.0,10.875,0,0,0,0
NGC4580,post-peak,log_sigma_star,11.0,11.25,11.125,0,0,0,0
NGC4580,post-peak,radius_re,0.0,0.25,0.125,2968,631,0,2337
NGC4580,post-peak,radius_re,0.25,0.5,0.375,8803,5609,0,3194
NGC4580,post-peak,radius_re,0.5,0.75,0.625,14856,12979,21,1856
NGC4580,post-peak,radius_re,0.75,1.0,0.875,20650,3206,7514,9930
NGC4580,post-peak,radius_re,1.0,1.25,1.125,25852,0,23375,2477
NGC4580,post-peak,radius_re,1.25,1.5,1.375,19226,0,19161,65
NGC4580,post-peak,radius_re,1.5,1.75,1.625,5385,0,5385,0
NGC4580,post-peak,radius_re,1.75,2.0,1.875,965,0,965,0
NGC4580,post-peak,radius_re,2.0,2.25,2.125,0,0,0,0
NGC4580,post-peak,radius_re,2.25,2.5,2.375,0,0,0,0
NGC4580,post-peak,radius_re,2.5,2.75,2.625,0,0,0,0
NGC4580,post-peak,radius_re,2.75,3.0,2.875,0,0,0,0
NGC4580,post-peak,radius_re,3.0,3.25,3.125,0,0,0,0
NGC4580,post-peak,radius_re,3.25,3.5,3.375,0,0,0,0
NGC4580,post-peak,radius_re,3.5,3.75,3.625,0,0,0,0
NGC4580,post-peak,radius_re,3.75,4.0,3.875,0,0,0,0
NGC4580,post-peak,radius_re,4.0,4.25,4.125,0,0,0,0
NGC4580,post-peak,radius_re,4.25,4.5,4.375,0,0,0,0
NGC4580,post-peak,radius_re,4.5,4.75,4.625,0,0,0,0
NGC4580,post-peak,radius_re,4.75,5.0,4.875,0,0,0,0
NGC4580,post-peak,radius_re,5.0,5.25,5.125,0,0,0,0
NGC4580,post-peak,radius_re,5.25,5.5,5.375,0,0,0,0
NGC4580,post-peak,radius_re,5.5,5.75,5.625,0,0,0,0
NGC4580,post-peak,radius_re,5.75,6.0,5.875,0,0,0,0
NGC4580,post-peak,radius_re,6.0,6.25,6.125,0,0,0,0
NGC4580,post-peak,radius_re,6.25,6.5,6.375,0,0,0,0
NGC4580,post-peak,radius_re,6.5,6.75,6.625,0,0,0,0
NGC4580,post-peak,radius_re,6.75,7.0,6.875,0,0,0,0
NGC4580,post-peak,radius_re,7.0,7.25,7.125,0,0,0,0
NGC4580,post-peak,radius_re,7.25,7.5,7.375,0,0,0,0
NGC4580,post-peak,radius_re,7.5,7.75,7.625,0,0,0,0
NGC4580,post-peak,radius_re,7.75,8.0,7.875,0,0,0,0
NGC4606,post-peak,log_sigma_star,5.75,6.0,5.875,0,0,0,0
NGC4606,post-peak,log_sigma_star,6.0,6.25,6.125,0,0,0,0
NGC4606,post-peak,log_sigma_star,6.25,6.5,6.375,0,0,0,0
NGC4606,post-peak,log_sigma_star,6.5,6.75,6.625,0,0,0,0
NGC4606,post-peak,log_sigma_star,6.75,7.0,6.875,0,0,0,0
NGC4606,post-peak,log_sigma_star,7.0,7.25,7.125,2411,0,2411,0
NGC4606,post-peak,log_sigma_star,7.25,7.5,7.375,15046,0,15046,0
NGC4606,post-peak,log_sigma_star,7.5,7.75,7.625,19036,0,18941,95
NGC4606,post-peak,log_sigma_star,7.75,8.0,7.875,22173,0,21063,1110
NGC4606,post-peak,log_sigma_star,8.0,8.25,8.125,12968,121,10037,2810
NGC4606,post-peak,log_sigma_star,8.25,8.5,8.375,5752,498,1539,3715
NGC4606,post-peak,log_sigma_star,8.5,8.75,8.625,2057,837,118,1102
NGC4606,post-peak,log_sigma_star,8.75,9.0,8.875,287,269,0,18
NGC4606,post-peak,log_sigma_star,9.0,9.25,9.125,26,26,0,0
NGC4606,post-peak,log_sigma_star,9.25,9.5,9.375,1,1,0,0
NGC4606,post-peak,log_sigma_star,9.5,9.75,9.625,0,0,0,0
NGC4606,post-peak,log_sigma_star,9.75,10.0,9.875,0,0,0,0
NGC4606,post-peak,log_sigma_star,10.0,10.25,10.125,0,0,0,0
NGC4606,post-peak,log_sigma_star,10.25,10.5,10.375,0,0,0,0
NGC4606,post-peak,log_sigma_star,10.5,10.75,10.625,0,0,0,0
NGC4606,post-peak,log_sigma_star,10.75,11.0,10.875,0,0,0,0
NGC4606,post-peak,log_sigma_star,11.0,11.25,11.125,0,0,0,0
NGC4606,post-peak,radius_re,0.0,0.25,0.125,2531,1303,46,1182
NGC4606,post-peak,radius_re,0.25,0.5,0.375,7562,449,2700,4413
NGC4606,post-peak,radius_re,0.5,0.75,0.625,12630,0,10118,2512
NGC4606,post-peak,radius_re,0.75,1.0,0.875,15405,0,14767,638
NGC4606,post-peak,radius_re,1.0,1.25,1.125,12620,0,12515,105
NGC4606,post-peak,radius_re,1.25,1.5,1.375,11816,0,11816,0
NGC4606,post-peak,radius_re,1.5,1.75,1.625,10303,0,10303,0
NGC4606,post-peak,radius_re,1.75,2.0,1.875,5840,0,5840,0
NGC4606,post-peak,radius_re,2.0,2.25,2.125,1050,0,1050,0
NGC4606,post-peak,radius_re,2.25,2.5,2.375,0,0,0,0
NGC4606,post-peak,radius_re,2.5,2.75,2.625,0,0,0,0
NGC4606,post-peak,radius_re,2.75,3.0,2.875,0,0,0,0
NGC4606,post-peak,radius_re,3.0,3.25,3.125,0,0,0,0
NGC4606,post-peak,radius_re,3.25,3.5,3.375,0,0,0,0
NGC4606,post-peak,radius_re,3.5,3.75,3.625,0,0,0,0
NGC4606,post-peak,radius_re,3.75,4.0,3.875,0,0,0,0
NGC4606,post-peak,radius_re,4.0,4.25,4.125,0,0,0,0
NGC4606,post-peak,radius_re,4.25,4.5,4.375,0,0,0,0
NGC4606,post-peak,radius_re,4.5,4.75,4.625,0,0,0,0
NGC4606,post-peak,radius_re,4.75,5.0,4.875,0,0,0,0
NGC4606,post-peak,radius_re,5.0,5.25,5.125,0,0,0,0
NGC4606,post-peak,radius_re,5.25,5.5,5.375,0,0,0,0
NGC4606,post-peak,radius_re,5.5,5.75,5.625,0,0,0,0
NGC4606,post-peak,radius_re,5.75,6.0,5.875,0,0,0,0
NGC4606,post-peak,radius_re,6.0,6.25,6.125,0,0,0,0
NGC4606,post-peak,radius_re,6.25,6.5,6.375,0,0,0,0
NGC4606,post-peak,radius_re,6.5,6.75,6.625,0,0,0,0
NGC4606,post-peak,radius_re,6.75,7.0,6.875,0,0,0,0
NGC4606,post-peak,radius_re,7.0,7.25,7.125,0,0,0,0
NGC4606,post-peak,radius_re,7.25,7.5,7.375,0,0,0,0
NGC4606,post-peak,radius_re,7.5,7.75,7.625,0,0,0,0
NGC4606,post-peak,radius_re,7.75,8.0,7.875,0,0,0,0
NGC4698,post-peak,log_sigma_star,5.75,6.0,5.875,0,0,0,0
NGC4698,post-peak,log_sigma_star,6.0,6.25,6.125,0,0,0,0
NGC4698,post-peak,log_sigma_star,6.25,6.5,6.375,0,0,0,0
NGC4698,post-peak,log_sigma_star,6.5,6.75,6.625,0,0,0,0
NGC4698,post-peak,log_sigma_star,6.75,7.0,6.875,0,0,0,0
NGC4698,post-peak,log_sigma_star,7.0,7.25,7.125,0,0,0,0
NGC4698,post-peak,log_sigma_star,7.25,7.5,7.375,2518,0,2438,80
NGC4698,post-peak,log_sigma_star,7.5,7.75,7.625,21673,1050,18921,1702
NGC4698,post-peak,log_sigma_star,7.75,8.0,7.875,44578,2637,32508,9433
NGC4698,post-peak,log_sigma_star,8.0,8.25,8.125,56790,2118,33429,21243
NGC4698,post-peak,log_sigma_star,8.25,8.5,8.375,55079,676,20823,33580
NGC4698,post-peak,log_sigma_star,8.5,8.75,8.625,25795,54,3390,22351
NGC4698,post-peak,log_sigma_star,8.75,9.0,8.875,9696,0,1139,8557
NGC4698,post-peak,log_sigma_star,9.0,9.25,9.125,4435,0,493,3942
NGC4698,post-peak,log_sigma_star,9.25,9.5,9.375,1846,0,234,1612
NGC4698,post-peak,log_sigma_star,9.5,9.75,9.625,814,0,89,725
NGC4698,post-peak,log_sigma_star,9.75,10.0,9.875,320,0,10,310
NGC4698,post-peak,log_sigma_star,10.0,10.25,10.125,137,0,0,137
NGC4698,post-peak,log_sigma_star,10.25,10.5,10.375,63,0,0,63
NGC4698,post-peak,log_sigma_star,10.5,10.75,10.625,0,0,0,0
NGC4698,post-peak,log_sigma_star,10.75,11.0,10.875,0,0,0,0
NGC4698,post-peak,log_sigma_star,11.0,11.25,11.125,0,0,0,0
NGC4698,post-peak,radius_re,0.0,0.25,0.125,3094,0,292,2802
NGC4698,post-peak,radius_re,0.25,0.5,0.375,9251,0,829,8422
NGC4698,post-peak,radius_re,0.5,0.75,0.625,15446,0,2246,13200
NGC4698,post-peak,radius_re,0.75,1.0,0.875,21615,0,2822,18793
NGC4698,post-peak,radius_re,1.0,1.25,1.125,27782,94,7738,19950
NGC4698,post-peak,radius_re,1.25,1.5,1.375,33942,1042,16310,16590
NGC4698,post-peak,radius_re,1.5,1.75,1.625,39137,2084,23376,13677
NGC4698,post-peak,radius_re,1.75,2.0,1.875,38042,2013,28235,7794
NGC4698,post-peak,radius_re,2.0,2.25,2.125,27013,806,23838,2369
NGC4698,post-peak,radius_re,2.25,2.5,2.375,8270,496,7636,138
NGC4698,post-peak,radius_re,2.5,2.75,2.625,152,0,152,0
NGC4698,post-peak,radius_re,2.75,3.0,2.875,0,0,0,0
NGC4698,post-peak,radius_re,3.0,3.25,3.125,0,0,0,0
NGC4698,post-peak,radius_re,3.25,3.5,3.375,0,0,0,0
NGC4698,post-peak,radius_re,3.5,3.75,3.625,0,0,0,0
NGC4698,post-peak,radius_re,3.75,4.0,3.875,0,0,0,0
NGC4698,post-peak,radius_re,4.0,4.25,4.125,0,0,0,0
NGC4698,post-peak,radius_re,4.25,4.5,4.375,0,0,0,0
NGC4698,post-peak,radius_re,4.5,4.75,4.625,0,0,0,0
NGC4698,post-peak,radius_re,4.75,5.0,4.875,0,0,0,0
NGC4698,post-peak,radius_re,5.0,5.25,5.125,0,0,0,0
NGC4698,post-peak,radius_re,5.25,5.5,5.375,0,0,0,0
NGC4698,post-peak,radius_re,5.5,5.75,5.625,0,0,0,0
NGC4698,post-peak,radius_re,5.75,6.0,5.875,0,0,0,0
NGC4698,post-peak,radius_re,6.0,6.25,6.125,0,0,0,0
NGC4698,post-peak,radius_re,6.25,6.5,6.375,0,0,0,0
NGC4698,post-peak,radius_re,6.5,6.75,6.625,0,0,0,0
NGC4698,post-peak,radius_re,6.75,7.0,6.875,0,0,0,0
NGC4698,post-peak,radius_re,7.0,7.25,7.125,0,0,0,0
NGC4698,post-peak,radius_re,7.25,7.5,7.375,0,0,0,0
NGC4698,post-peak,radius_re,7.5,7.75,7.625,0,0,0,0
NGC4698,post-peak,radius_re,7.75,8.0,7.875,0,0,0,0
NGC4189,pre-peak,log_sigma_star,5.75,6.0,5.875,0,0,0,0
NGC4189,pre-peak,log_sigma_star,6.0,6.25,6.125,0,0,0,0
NGC4189,pre-peak,log_sigma_star,6.25,6.5,6.375,0,0,0,0
NGC4189,pre-peak,log_sigma_star,6.5,6.75,6.625,0,0,0,0
NGC4189,pre-peak,log_sigma_star,6.75,7.0,6.875,0,0,0,0
NGC4189,pre-peak,log_sigma_star,7.0,7.25,7.125,305,305,0,0
NGC4189,pre-peak,log_sigma_star,7.25,7.5,7.375,9467,6962,1011,1494
NGC4189,pre-peak,log_sigma_star,7.5,7.75,7.625,32276,24926,2112,5238
NGC4189,pre-peak,log_sigma_star,7.75,8.0,7.875,38709,28962,658,9089
NGC4189,pre-peak,log_sigma_star,8.0,8.25,8.125,26638,16506,890,9242
NGC4189,pre-peak,log_sigma_star,8.25,8.5,8.375,9109,2824,1250,5035
NGC4189,pre-peak,log_sigma_star,8.5,8.75,8.625,2865,166,298,2401
NGC4189,pre-peak,log_sigma_star,8.75,9.0,8.875,1074,17,15,1042
NGC4189,pre-peak,log_sigma_star,9.0,9.25,9.125,309,1,0,308
NGC4189,pre-peak,log_sigma_star,9.25,9.5,9.375,121,1,0,120
NGC4189,pre-peak,log_sigma_star,9.5,9.75,9.625,43,1,0,42
NGC4189,pre-peak,log_sigma_star,9.75,10.0,9.875,1,0,0,1
NGC4189,pre-peak,log_sigma_star,10.0,10.25,10.125,0,0,0,0
NGC4189,pre-peak,log_sigma_star,10.25,10.5,10.375,0,0,0,0
NGC4189,pre-peak,log_sigma_star,10.5,10.75,10.625,0,0,0,0
NGC4189,pre-peak,log_sigma_star,10.75,11.0,10.875,0,0,0,0
NGC4189,pre-peak,log_sigma_star,11.0,11.25,11.125,0,0,0,0
NGC4189,pre-peak,radius_re,0.0,0.25,0.125,4578,188,270,4120
NGC4189,pre-peak,radius_re,0.25,0.5,0.375,13742,4530,1531,7681
NGC4189,pre-peak,radius_re,0.5,0.75,0.625,22923,12640,918,9365
NGC4189,pre-peak,radius_re,0.75,1.0,0.875,30386,23950,450,5986
NGC4189,pre-peak,radius_re,1.0,1.25,1.125,26174,20604,1476,4094
NGC4189,pre-peak,radius_re,1.25,1.5,1.375,17879,14336,1215,2328
NGC4189,pre-peak,radius_re,1.5,1.75,1.625,5235,4423,374,438
NGC4189,pre-peak,radius_re,1.75,2.0,1.875,0,0,0,0
NGC4189,pre-peak,radius_re,2.0,2.25,2.125,0,0,0,0
NGC4189,pre-peak,radius_re,2.25,2.5,2.375,0,0,0,0
NGC4189,pre-peak,radius_re,2.5,2.75,2.625,0,0,0,0
NGC4189,pre-peak,radius_re,2.75,3.0,2.875,0,0,0,0
NGC4189,pre-peak,radius_re,3.0,3.25,3.125,0,0,0,0
NGC4189,pre-peak,radius_re,3.25,3.5,3.375,0,0,0,0
NGC4189,pre-peak,radius_re,3.5,3.75,3.625,0,0,0,0
NGC4189,pre-peak,radius_re,3.75,4.0,3.875,0,0,0,0
NGC4189,pre-peak,radius_re,4.0,4.25,4.125,0,0,0,0
NGC4189,pre-peak,radius_re,4.25,4.5,4.375,0,0,0,0
NGC4189,pre-peak,radius_re,4.5,4.75,4.625,0,0,0,0
NGC4189,pre-peak,radius_re,4.75,5.0,4.875,0,0,0,0
NGC4189,pre-peak,radius_re,5.0,5.25,5.125,0,0,0,0
NGC4189,pre-peak,radius_re,5.25,5.5,5.375,0,0,0,0
NGC4189,pre-peak,radius_re,5.5,5.75,5.625,0,0,0,0
NGC4189,pre-peak,radius_re,5.75,6.0,5.875,0,0,0,0
NGC4189,pre-peak,radius_re,6.0,6.25,6.125,0,0,0,0
NGC4189,pre-peak,radius_re,6.25,6.5,6.375,0,0,0,0
NGC4189,pre-peak,radius_re,6.5,6.75,6.625,0,0,0,0
NGC4189,pre-peak,radius_re,6.75,7.0,6.875,0,0,0,0
NGC4189,pre-peak,radius_re,7.0,7.25,7.125,0,0,0,0
NGC4189,pre-peak,radius_re,7.25,7.5,7.375,0,0,0,0
NGC4189,pre-peak,radius_re,7.5,7.75,7.625,0,0,0,0
NGC4189,pre-peak,radius_re,7.75,8.0,7.875,0,0,0,0
NGC4254,pre-peak,log_sigma_star,5.75,6.0,5.875,0,0,0,0
NGC4254,pre-peak,log_sigma_star,6.0,6.25,6.125,0,0,0,0
NGC4254,pre-peak,log_sigma_star,6.25,6.5,6.375,0,0,0,0
NGC4254,pre-peak,log_sigma_star,6.5,6.75,6.625,185,185,0,0
NGC4254,pre-peak,log_sigma_star,6.75,7.0,6.875,3296,2178,0,1118
NGC4254,pre-peak,log_sigma_star,7.0,7.25,7.125,22080,14972,426,6682
NGC4254,pre-peak,log_sigma_star,7.25,7.5,7.375,79209,54119,2659,22431
NGC4254,pre-peak,log_sigma_star,7.5,7.75,7.625,151022,106105,3555,41362
NGC4254,pre-peak,log_sigma_star,7.75,8.0,7.875,142002,100196,1855,39951
NGC4254,pre-peak,log_sigma_star,8.0,8.25,8.125,105221,83748,0,21473
NGC4254,pre-peak,log_sigma_star,8.25,8.5,8.375,73457,55768,0,17689
NGC4254,pre-peak,log_sigma_star,8.5,8.75,8.625,36987,28677,0,8310
NGC4254,pre-peak,log_sigma_star,8.75,9.0,8.875,14460,12740,0,1720
NGC4254,pre-peak,log_sigma_star,9.0,9.25,9.125,6231,5020,0,1211
NGC4254,pre-peak,log_sigma_star,9.25,9.5,9.375,2787,1776,0,1011
NGC4254,pre-peak,log_sigma_star,9.5,9.75,9.625,781,505,0,276
NGC4254,pre-peak,log_sigma_star,9.75,10.0,9.875,131,34,0,97
NGC4254,pre-peak,log_sigma_star,10.0,10.25,10.125,18,0,0,18
NGC4254,pre-peak,log_sigma_star,10.25,10.5,10.375,6,0,0,6
NGC4254,pre-peak,log_sigma_star,10.5,10.75,10.625,3,0,0,3
NGC4254,pre-peak,log_sigma_star,10.75,11.0,10.875,0,0,0,0
NGC4254,pre-peak,log_sigma_star,11.0,11.25,11.125,0,0,0,0
NGC4254,pre-peak,radius_re,0.0,0.25,0.125,8913,6366,0,2547
NGC4254,pre-peak,radius_re,0.25,0.5,0.375,26724,23147,0,3577
NGC4254,pre-peak,radius_re,0.5,0.75,0.625,44549,34119,0,10430
NGC4254,pre-peak,radius_re,0.75,1.0,0.875,62216,43714,0,18502
NGC4254,pre-peak,radius_re,1.0,1.25,1.125,79197,54289,941,23967
NGC4254,pre-peak,radius_re,1.25,1.5,1.375,92286,62843,1902,27541
NGC4254,pre-peak,radius_re,1.5,1.75,1.625,93488,69898,394,23196
NGC4254,pre-peak,radius_re,1.75,2.0,1.875,87995,64250,2693,21052
NGC4254,pre-peak,radius_re,2.0,2.25,2.125,67134,49094,1393,16647
NGC4254,pre-peak,radius_re,2.25,2.5,2.375,41581,30839,288,10454
NGC4254,pre-peak,radius_re,2.5,2.75,2.625,18086,14540,385,3161
NGC4254,pre-peak,radius_re,2.75,3.0,2.875,10921,9551,499,871
NGC4254,pre-peak,radius_re,3.0,3.25,3.125,4734,3321,0,1413
NGC4254,pre-peak,radius_re,3.25,3.5,3.375,52,52,0,0
NGC4254,pre-peak,radius_re,3.5,3.75,3.625,0,0,0,0
NGC4254,pre-peak,radius_re,3.75,4.0,3.875,0,0,0,0
NGC4254,pre-peak,radius_re,4.0,4.25,4.125,0,0,0,0
NGC4254,pre-peak,radius_re,4.25,4.5,4.375,0,0,0,0
NGC4254,pre-peak,radius_re,4.5,4.75,4.625,0,0,0,0
NGC4254,pre-peak,radius_re,4.75,5.0,4.875,0,0,0,0
NGC4254,pre-peak,radius_re,5.0,5.25,5.125,0,0,0,0
NGC4254,pre-peak,radius_re,5.25,5.5,5.375,0,0,0,0
NGC4254,pre-peak,radius_re,5.5,5.75,5.625,0,0,0,0
NGC4254,pre-peak,radius_re,5.75,6.0,5.875,0,0,0,0
NGC4254,pre-peak,radius_re,6.0,6.25,6.125,0,0,0,0
NGC4254,pre-peak,radius_re,6.25,6.5,6.375,0,0,0,0
NGC4254,pre-peak,radius_re,6.5,6.75,6.625,0,0,0,0
NGC4254,pre-peak,radius_re,6.75,7.0,6.875,0,0,0,0
NGC4254,pre-peak,radius_re,7.0,7.25,7.125,0,0,0,0
NGC4254,pre-peak,radius_re,7.25,7.5,7.375,0,0,0,0
NGC4254,pre-peak,radius_re,7.5,7.75,7.625,0,0,0,0
NGC4254,pre-peak,radius_re,7.75,8.0,7.875,0,0,0,0
NGC4294,pre-peak,log_sigma_star,5.75,6.0,5.875,0,0,0,0
NGC4294,pre-peak,log_sigma_star,6.0,6.25,6.125,0,0,0,0
NGC4294,pre-peak,log_sigma_star,6.25,6.5,6.375,443,0,0,443
NGC4294,pre-peak,log_sigma_star,6.5,6.75,6.625,1191,184,0,1007
NGC4294,pre-peak,log_sigma_star,6.75,7.0,6.875,17014,4581,3270,9163
NGC4294,pre-peak,log_sigma_star,7.0,7.25,7.125,33403,13082,1238,19083
NGC4294,pre-peak,log_sigma_star,7.25,7.5,7.375,34061,21764,0,12297
NGC4294,pre-peak,log_sigma_star,7.5,7.75,7.625,19830,14606,0,5224
NGC4294,pre-peak,log_sigma_star,7.75,8.0,7.875,11120,8592,0,2528
NGC4294,pre-peak,log_sigma_star,8.0,8.25,8.125,5169,3706,0,1463
NGC4294,pre-peak,log_sigma_star,8.25,8.5,8.375,1180,962,0,218
NGC4294,pre-peak,log_sigma_star,8.5,8.75,8.625,35,35,0,0
NGC4294,pre-peak,log_sigma_star,8.75,9.0,8.875,0,0,0,0
NGC4294,pre-peak,log_sigma_star,9.0,9.25,9.125,0,0,0,0
NGC4294,pre-peak,log_sigma_star,9.25,9.5,9.375,0,0,0,0
NGC4294,pre-peak,log_sigma_star,9.5,9.75,9.625,0,0,0,0
NGC4294,pre-peak,log_sigma_star,9.75,10.0,9.875,0,0,0,0
NGC4294,pre-peak,log_sigma_star,10.0,10.25,10.125,0,0,0,0
NGC4294,pre-peak,log_sigma_star,10.25,10.5,10.375,0,0,0,0
NGC4294,pre-peak,log_sigma_star,10.5,10.75,10.625,0,0,0,0
NGC4294,pre-peak,log_sigma_star,10.75,11.0,10.875,0,0,0,0
NGC4294,pre-peak,log_sigma_star,11.0,11.25,11.125,0,0,0,0
NGC4294,pre-peak,radius_re,0.0,0.25,0.125,1881,1362,0,519
NGC4294,pre-peak,radius_re,0.25,0.5,0.375,5636,4076,0,1560
NGC4294,pre-peak,radius_re,0.5,0.75,0.625,9376,6919,0,2457
NGC4294,pre-peak,radius_re,0.75,1.0,0.875,13138,9017,0,4121
NGC4294,pre-peak,radius_re,1.0,1.25,1.125,16858,11387,0,5471
NGC4294,pre-peak,radius_re,1.25,1.5,1.375,20413,14529,0,5884
NGC4294,pre-peak,radius_re,1.5,1.75,1.625,22827,12395,346,10086
NGC4294,pre-peak,radius_re,1.75,2.0,1.875,18885,5618,1361,11906
NGC4294,pre-peak,radius_re,2.0,2.25,2.125,10036,1707,1369,6960
NGC4294,pre-peak,radius_re,2.25,2.5,2.375,3693,502,809,2382
NGC4294,pre-peak,radius_re,2.5,2.75,2.625,703,0,623,80
NGC4294,pre-peak,radius_re,2.75,3.0,2.875,0,0,0,0
NGC4294,pre-peak,radius_re,3.0,3.25,3.125,0,0,0,0
NGC4294,pre-peak,radius_re,3.25,3.5,3.375,0,0,0,0
NGC4294,pre-peak,radius_re,3.5,3.75,3.625,0,0,0,0
NGC4294,pre-peak,radius_re,3.75,4.0,3.875,0,0,0,0
NGC4294,pre-peak,radius_re,4.0,4.25,4.125,0,0,0,0
NGC4294,pre-peak,radius_re,4.25,4.5,4.375,0,0,0,0
NGC4294,pre-peak,radius_re,4.5,4.75,4.625,0,0,0,0
NGC4294,pre-peak,radius_re,4.75,5.0,4.875,0,0,0,0
NGC4294,pre-peak,radius_re,5.0,5.25,5.125,0,0,0,0
NGC4294,pre-peak,radius_re,5.25,5.5,5.375,0,0,0,0
NGC4294,pre-peak,radius_re,5.5,5.75,5.625,0,0,0,0
NGC4294,pre-peak,radius_re,5.75,6.0,5.875,0,0,0,0
NGC4294,pre-peak,radius_re,6.0,6.25,6.125,0,0,0,0
NGC4294,pre-peak,radius_re,6.25,6.5,6.375,0,0,0,0
NGC4294,pre-peak,radius_re,6.5,6.75,6.625,0,0,0,0
NGC4294,pre-peak,radius_re,6.75,7.0,6.875,0,0,0,0
NGC4294,pre-peak,radius_re,7.0,7.25,7.125,0,0,0,0
NGC4294,pre-peak,radius_re,7.25,7.5,7.375,0,0,0,0
NGC4294,pre-peak,radius_re,7.5,7.75,7.625,0,0,0,0
NGC4294,pre-peak,radius_re,7.75,8.0,7.875,0,0,0,0
NGC4321,pre-peak,log_sigma_star,5.75,6.0,5.875,0,0,0,0
NGC4321,pre-peak,log_sigma_star,6.0,6.25,6.125,0,0,0,0
NGC4321,pre-peak,log_sigma_star,6.25,6.5,6.375,0,0,0,0
NGC4321,pre-peak,log_sigma_star,6.5,6.75,6.625,0,0,0,0
NGC4321,pre-peak,log_sigma_star,6.75,7.0,6.875,0,0,0,0
NGC4321,pre-peak,log_sigma_star,7.0,7.25,7.125,0,0,0,0
NGC4321,pre-peak,log_sigma_star,7.25,7.5,7.375,8598,5382,1996,1220
NGC4321,pre-peak,log_sigma_star,7.5,7.75,7.625,92263,44272,19778,28213
NGC4321,pre-peak,log_sigma_star,7.75,8.0,7.875,263425,129942,39748,93735
NGC4321,pre-peak,log_sigma_star,8.0,8.25,8.125,253422,136360,15520,101542
NGC4321,pre-peak,log_sigma_star,8.25,8.5,8.375,118342,47157,6289,64896
NGC4321,pre-peak,log_sigma_star,8.5,8.75,8.625,34093,5022,1377,27694
NGC4321,pre-peak,log_sigma_star,8.75,9.0,8.875,12741,3471,69,9201
NGC4321,pre-peak,log_sigma_star,9.0,9.25,9.125,3598,2296,0,1302
NGC4321,pre-peak,log_sigma_star,9.25,9.5,9.375,1895,1221,0,674
NGC4321,pre-peak,log_sigma_star,9.5,9.75,9.625,838,173,0,665
NGC4321,pre-peak,log_sigma_star,9.75,10.0,9.875,326,6,0,320
NGC4321,pre-peak,log_sigma_star,10.0,10.25,10.125,131,0,0,131
NGC4321,pre-peak,log_sigma_star,10.25,10.5,10.375,50,0,0,50
NGC4321,pre-peak,log_sigma_star,10.5,10.75,10.625,11,0,0,11
NGC4321,pre-peak,log_sigma_star,10.75,11.0,10.875,1,0,0,1
NGC4321,pre-peak,log_sigma_star,11.0,11.25,11.125,0,0,0,0
NGC4321,pre-peak,radius_re,0.0,0.25,0.125,52356,11794,790,39772
NGC4321,pre-peak,radius_re,0.25,0.5,0.375,154502,52354,10858,91290
NGC4321,pre-peak,radius_re,0.5,0.75,0.625,242934,137175,13710,92049
NGC4321,pre-peak,radius_re,0.75,1.0,0.875,243194,110950,51484,80760
NGC4321,pre-peak,radius_re,1.0,1.25,1.125,87436,55833,6762,24841
NGC4321,pre-peak,radius_re,1.25,1.5,1.375,9312,7196,1173,943
NGC4321,pre-peak,radius_re,1.5,1.75,1.625,0,0,0,0
NGC4321,pre-peak,radius_re,1.75,2.0,1.875,0,0,0,0
NGC4321,pre-peak,radius_re,2.0,2.25,2.125,0,0,0,0
NGC4321,pre-peak,radius_re,2.25,2.5,2.375,0,0,0,0
NGC4321,pre-peak,radius_re,2.5,2.75,2.625,0,0,0,0
NGC4321,pre-peak,radius_re,2.75,3.0,2.875,0,0,0,0
NGC4321,pre-peak,radius_re,3.0,3.25,3.125,0,0,0,0
NGC4321,pre-peak,radius_re,3.25,3.5,3.375,0,0,0,0
NGC4321,pre-peak,radius_re,3.5,3.75,3.625,0,0,0,0
NGC4321,pre-peak,radius_re,3.75,4.0,3.875,0,0,0,0
NGC4321,pre-peak,radius_re,4.0,4.25,4.125,0,0,0,0
NGC4321,pre-peak,radius_re,4.25,4.5,4.375,0,0,0,0
NGC4321,pre-peak,radius_re,4.5,4.75,4.625,0,0,0,0
NGC4321,pre-peak,radius_re,4.75,5.0,4.875,0,0,0,0
NGC4321,pre-peak,radius_re,5.0,5.25,5.125,0,0,0,0
NGC4321,pre-peak,radius_re,5.25,5.5,5.375,0,0,0,0
NGC4321,pre-peak,radius_re,5.5,5.75,5.625,0,0,0,0
NGC4321,pre-peak,radius_re,5.75,6.0,5.875,0,0,0,0
NGC4321,pre-peak,radius_re,6.0,6.25,6.125,0,0,0,0
NGC4321,pre-peak,radius_re,6.25,6.5,6.375,0,0,0,0
NGC4321,pre-peak,radius_re,6.5,6.75,6.625,0,0,0,0
NGC4321,pre-peak,radius_re,6.75,7.0,6.875,0,0,0,0
NGC4321,pre-peak,radius_re,7.0,7.25,7.125,0,0,0,0
NGC4321,pre-peak,radius_re,7.25,7.5,7.375,0,0,0,0
NGC4321,pre-peak,radius_re,7.5,7.75,7.625,0,0,0,0
NGC4321,pre-peak,radius_re,7.75,8.0,7.875,0,0,0,0
NGC4351,pre-peak,log_sigma_star,5.75,6.0,5.875,0,0,0,0
NGC4351,pre-peak,log_sigma_star,6.0,6.25,6.125,0,0,0,0
NGC4351,pre-peak,log_sigma_star,6.25,6.5,6.375,0,0,0,0
NGC4351,pre-peak,log_sigma_star,6.5,6.75,6.625,0,0,0,0
NGC4351,pre-peak,log_sigma_star,6.75,7.0,6.875,1550,0,1550,0
NGC4351,pre-peak,log_sigma_star,7.0,7.25,7.125,4306,801,3243,262
NGC4351,pre-peak,log_sigma_star,7.25,7.5,7.375,18021,2384,13336,2301
NGC4351,pre-peak,log_sigma_star,7.5,7.75,7.625,31195,10174,13218,7803
NGC4351,pre-peak,log_sigma_star,7.75,8.0,7.875,14261,8650,522,5089
NGC4351,pre-peak,log_sigma_star,8.0,8.25,8.125,6066,4943,0,1123
NGC4351,pre-peak,log_sigma_star,8.25,8.5,8.375,2483,2381,0,102
NGC4351,pre-peak,log_sigma_star,8.5,8.75,8.625,397,395,0,2
NGC4351,pre-peak,log_sigma_star,8.75,9.0,8.875,3,3,0,0
NGC4351,pre-peak,log_sigma_star,9.0,9.25,9.125,0,0,0,0
NGC4351,pre-peak,log_sigma_star,9.25,9.5,9.375,0,0,0,0
NGC4351,pre-peak,log_sigma_star,9.5,9.75,9.625,0,0,0,0
NGC4351,pre-peak,log_sigma_star,9.75,10.0,9.875,0,0,0,0
NGC4351,pre-peak,log_sigma_star,10.0,10.25,10.125,0,0,0,0
NGC4351,pre-peak,log_sigma_star,10.25,10.5,10.375,0,0,0,0
NGC4351,pre-peak,log_sigma_star,10.5,10.75,10.625,0,0,0,0
NGC4351,pre-peak,log_sigma_star,10.75,11.0,10.875,0,0,0,0
NGC4351,pre-peak,log_sigma_star,11.0,11.25,11.125,0,0,0,0
NGC4351,pre-peak,radius_re,0.0,0.25,0.125,2859,2767,0,92
NGC4351,pre-peak,radius_re,0.25,0.5,0.375,8568,6855,0,1713
NGC4351,pre-peak,radius_re,0.5,0.75,0.625,14282,7682,630,5970
NGC4351,pre-peak,radius_re,0.75,1.0,0.875,18588,7787,5188,5613
NGC4351,pre-peak,radius_re,1.0,1.25,1.125,20446,2948,14498,3000
NGC4351,pre-peak,radius_re,1.25,1.5,1.375,10896,1670,8932,294
NGC4351,pre-peak,radius_re,1.5,1.75,1.625,2577,22,2555,0
NGC4351,pre-peak,radius_re,1.75,2.0,1.875,66,0,66,0
NGC4351,pre-peak,radius_re,2.0,2.25,2.125,0,0,0,0
NGC4351,pre-peak,radius_re,2.25,2.5,2.375,0,0,0,0
NGC4351,pre-peak,radius_re,2.5,2.75,2.625,0,0,0,0
NGC4351,pre-peak,radius_re,2.75,3.0,2.875,0,0,0,0
NGC4351,pre-peak,radius_re,3.0,3.25,3.125,0,0,0,0
NGC4351,pre-peak,radius_re,3.25,3.5,3.375,0,0,0,0
NGC4351,pre-peak,radius_re,3.5,3.75,3.625,0,0,0,0
NGC4351,pre-peak,radius_re,3.75,4.0,3.875,0,0,0,0
NGC4351,pre-peak,radius_re,4.0,4.25,4.125,0,0,0,0
NGC4351,pre-peak,radius_re,4.25,4.5,4.375,0,0,0,0
NGC4351,pre-peak,radius_re,4.5,4.75,4.625,0,0,0,0
NGC4351,pre-peak,radius_re,4.75,5.0,4.875,0,0,0,0
NGC4351,pre-peak,radius_re,5.0,5.25,5.125,0,0,0,0
NGC4351,pre-peak,radius_re,5.25,5.5,5.375,0,0,0,0
NGC4351,pre-peak,radius_re,5.5,5.75,5.625,0,0,0,0
NGC4351,pre-peak,radius_re,5.75,6.0,5.875,0,0,0,0
NGC4351,pre-peak,radius_re,6.0,6.25,6.125,0,0,0,0
NGC4351,pre-peak,radius_re,6.25,6.5,6.375,0,0,0,0
NGC4351,pre-peak,radius_re,6.5,6.75,6.625,0,0,0,0
NGC4351,pre-peak,radius_re,6.75,7.0,6.875,0,0,0,0
NGC4351,pre-peak,radius_re,7.0,7.25,7.125,0,0,0,0
NGC4351,pre-peak,radius_re,7.25,7.5,7.375,0,0,0,0
NGC4351,pre-peak,radius_re,7.5,7.75,7.625,0,0,0,0
NGC4351,pre-peak,radius_re,7.75,8.0,7.875,0,0,0,0
NGC4383,pre-peak,log_sigma_star,5.75,6.0,5.875,0,0,0,0
NGC4383,pre-peak,log_sigma_star,6.0,6.25,6.125,0,0,0,0
NGC4383,pre-peak,log_sigma_star,6.25,6.5,6.375,0,0,0,0
NGC4383,pre-peak,log_sigma_star,6.5,6.75,6.625,0,0,0,0
NGC4383,pre-peak,log_sigma_star,6.75,7.0,6.875,0,0,0,0
NGC4383,pre-peak,log_sigma_star,7.0,7.25,7.125,611,0,0,611
NGC4383,pre-peak,log_sigma_star,7.25,7.5,7.375,6239,856,0,5383
NGC4383,pre-peak,log_sigma_star,7.5,7.75,7.625,13446,1800,0,11646
NGC4383,pre-peak,log_sigma_star,7.75,8.0,7.875,12508,2696,0,9812
NGC4383,pre-peak,log_sigma_star,8.0,8.25,8.125,7799,2904,0,4895
NGC4383,pre-peak,log_sigma_star,8.25,8.5,8.375,4865,2528,0,2337
NGC4383,pre-peak,log_sigma_star,8.5,8.75,8.625,3109,1971,0,1138
NGC4383,pre-peak,log_sigma_star,8.75,9.0,8.875,2024,1262,0,762
NGC4383,pre-peak,log_sigma_star,9.0,9.25,9.125,819,446,0,373
NGC4383,pre-peak,log_sigma_star,9.25,9.5,9.375,120,56,0,64
NGC4383,pre-peak,log_sigma_star,9.5,9.75,9.625,9,2,0,7
NGC4383,pre-peak,log_sigma_star,9.75,10.0,9.875,0,0,0,0
NGC4383,pre-peak,log_sigma_star,10.0,10.25,10.125,0,0,0,0
NGC4383,pre-peak,log_sigma_star,10.25,10.5,10.375,0,0,0,0
NGC4383,pre-peak,log_sigma_star,10.5,10.75,10.625,0,0,0,0
NGC4383,pre-peak,log_sigma_star,10.75,11.0,10.875,0,0,0,0
NGC4383,pre-peak,log_sigma_star,11.0,11.25,11.125,0,0,0,0
NGC4383,pre-peak,radius_re,0.0,0.25,0.125,532,322,0,210
NGC4383,pre-peak,radius_re,0.25,0.5,0.375,1607,996,0,611
NGC4383,pre-peak,radius_re,0.5,0.75,0.625,2678,1554,0,1124
NGC4383,pre-peak,radius_re,0.75,1.0,0.875,3726,2087,0,1639
NGC4383,pre-peak,radius_re,1.0,1.25,1.125,4802,2275,0,2527
NGC4383,pre-peak,radius_re,1.25,1.5,1.375,5879,2096,0,3783
NGC4383,pre-peak,radius_re,1.5,1.75,1.625,6899,2106,0,4793
NGC4383,pre-peak,radius_re,1.75,2.0,1.875,7741,1725,0,6016
NGC4383,pre-peak,radius_re,2.0,2.25,2.125,7963,784,0,7179
NGC4383,pre-peak,radius_re,2.25,2.5,2.375,6332,498,0,5834
NGC4383,pre-peak,radius_re,2.5,2.75,2.625,2670,78,0,2592
NGC4383,pre-peak,radius_re,2.75,3.0,2.875,695,0,0,695
NGC4383,pre-peak,radius_re,3.0,3.25,3.125,25,0,0,25
NGC4383,pre-peak,radius_re,3.25,3.5,3.375,0,0,0,0
NGC4383,pre-peak,radius_re,3.5,3.75,3.625,0,0,0,0
NGC4383,pre-peak,radius_re,3.75,4.0,3.875,0,0,0,0
NGC4383,pre-peak,radius_re,4.0,4.25,4.125,0,0,0,0
NGC4383,pre-peak,radius_re,4.25,4.5,4.375,0,0,0,0
NGC4383,pre-peak,radius_re,4.5,4.75,4.625,0,0,0,0
NGC4383,pre-peak,radius_re,4.75,5.0,4.875,0,0,0,0
NGC4383,pre-peak,radius_re,5.0,5.25,5.125,0,0,0,0
NGC4383,pre-peak,radius_re,5.25,5.5,5.375,0,0,0,0
NGC4383,pre-peak,radius_re,5.5,5.75,5.625,0,0,0,0
NGC4383,pre-peak,radius_re,5.75,6.0,5.875,0,0,0,0
NGC4383,pre-peak,radius_re,6.0,6.25,6.125,0,0,0,0
NGC4383,pre-peak,radius_re,6.25,6.5,6.375,0,0,0,0
NGC4383,pre-peak,radius_re,6.5,6.75,6.625,0,0,0,0
NGC4383,pre-peak,radius_re,6.75,7.0,6.875,0,0,0,0
NGC4383,pre-peak,radius_re,7.0,7.25,7.125,0,0,0,0
NGC4383,pre-peak,radius_re,7.25,7.5,7.375,0,0,0,0
NGC4383,pre-peak,radius_re,7.5,7.75,7.625,0,0,0,0
NGC4383,pre-peak,radius_re,7.75,8.0,7.875,0,0,0,0
NGC4535,pre-peak,log_sigma_star,5.75,6.0,5.875,0,0,0,0
NGC4535,pre-peak,log_sigma_star,6.0,6.25,6.125,0,0,0,0
NGC4535,pre-peak,log_sigma_star,6.25,6.5,6.375,0,0,0,0
NGC4535,pre-peak,log_sigma_star,6.5,6.75,6.625,0,0,0,0
NGC4535,pre-peak,log_sigma_star,6.75,7.0,6.875,0,0,0,0
NGC4535,pre-peak,log_sigma_star,7.0,7.25,7.125,0,0,0,0
NGC4535,pre-peak,log_sigma_star,7.25,7.5,7.375,3153,1485,1168,500
NGC4535,pre-peak,log_sigma_star,7.5,7.75,7.625,43615,18114,13926,11575
NGC4535,pre-peak,log_sigma_star,7.75,8.0,7.875,168412,71253,39724,57435
NGC4535,pre-peak,log_sigma_star,8.0,8.25,8.125,176352,58650,42612,75090
NGC4535,pre-peak,log_sigma_star,8.25,8.5,8.375,55676,14379,11417,29880
NGC4535,pre-peak,log_sigma_star,8.5,8.75,8.625,19007,2393,1565,15049
NGC4535,pre-peak,log_sigma_star,8.75,9.0,8.875,5173,291,55,4827
NGC4535,pre-peak,log_sigma_star,9.0,9.25,9.125,1909,185,0,1724
NGC4535,pre-peak,log_sigma_star,9.25,9.5,9.375,556,151,0,405
NGC4535,pre-peak,log_sigma_star,9.5,9.75,9.625,134,13,0,121
NGC4535,pre-peak,log_sigma_star,9.75,10.0,9.875,36,0,0,36
NGC4535,pre-peak,log_sigma_star,10.0,10.25,10.125,4,0,0,4
NGC4535,pre-peak,log_sigma_star,10.25,10.5,10.375,0,0,0,0
NGC4535,pre-peak,log_sigma_star,10.5,10.75,10.625,0,0,0,0
NGC4535,pre-peak,log_sigma_star,10.75,11.0,10.875,0,0,0,0
NGC4535,pre-peak,log_sigma_star,11.0,11.25,11.125,0,0,0,0
NGC4535,pre-peak,radius_re,0.0,0.25,0.125,18508,1088,457,16963
NGC4535,pre-peak,radius_re,0.25,0.5,0.375,55431,5166,18463,31802
NGC4535,pre-peak,radius_re,0.5,0.75,0.625,91386,22225,22434,46727
NGC4535,pre-peak,radius_re,0.75,1.0,0.875,120798,35669,30433,54696
NGC4535,pre-peak,radius_re,1.0,1.25,1.125,115042,58030,23673,33339
NGC4535,pre-peak,radius_re,1.25,1.5,1.375,58238,40619,7251,10368
NGC4535,pre-peak,radius_re,1.5,1.75,1.625,13877,3780,7346,2751
NGC4535,pre-peak,radius_re,1.75,2.0,1.875,747,337,410,0
NGC4535,pre-peak,radius_re,2.0,2.25,2.125,0,0,0,0
NGC4535,pre-peak,radius_re,2.25,2.5,2.375,0,0,0,0
NGC4535,pre-peak,radius_re,2.5,2.75,2.625,0,0,0,0
NGC4535,pre-peak,radius_re,2.75,3.0,2.875,0,0,0,0
NGC4535,pre-peak,radius_re,3.0,3.25,3.125,0,0,0,0
NGC4535,pre-peak,radius_re,3.25,3.5,3.375,0,0,0,0
NGC4535,pre-peak,radius_re,3.5,3.75,3.625,0,0,0,0
NGC4535,pre-peak,radius_re,3.75,4.0,3.875,0,0,0,0
NGC4535,pre-peak,radius_re,4.0,4.25,4.125,0,0,0,0
NGC4535,pre-peak,radius_re,4.25,4.5,4.375,0,0,0,0
NGC4535,pre-peak,radius_re,4.5,4.75,4.625,0,0,0,0
NGC4535,pre-peak,radius_re,4.75,5.0,4.875,0,0,0,0
NGC4535,pre-peak,radius_re,5.0,5.25,5.125,0,0,0,0
NGC4535,pre-peak,radius_re,5.25,5.5,5.375,0,0,0,0
NGC4535,pre-peak,radius_re,5.5,5.75,5.625,0,0,0,0
NGC4535,pre-peak,radius_re,5.75,6.0,5.875,0,0,0,0
NGC4535,pre-peak,radius_re,6.0,6.25,6.125,0,0,0,0
NGC4535,pre-peak,radius_re,6.25,6.5,6.375,0,0,0,0
NGC4535,pre-peak,radius_re,6.5,6.75,6.625,0,0,0,0
NGC4535,pre-peak,radius_re,6.75,7.0,6.875,0,0,0,0
NGC4535,pre-peak,radius_re,7.0,7.25,7.125,0,0,0,0
NGC4535,pre-peak,radius_re,7.25,7.5,7.375,0,0,0,0
NGC4535,pre-peak,radius_re,7.5,7.75,7.625,0,0,0,0
NGC4535,pre-peak,radius_re,7.75,8.0,7.875,0,0,0,0
NGC4567_8,pre-peak,log_sigma_star,5.75,6.0,5.875,0,0,0,0
NGC4567_8,pre-peak,log_sigma_star,6.0,6.25,6.125,0,0,0,0
NGC4567_8,pre-peak,log_sigma_star,6.25,6.5,6.375,0,0,0,0
NGC4567_8,pre-peak,log_sigma_star,6.5,6.75,6.625,0,0,0,0
NGC4567_8,pre-peak,log_sigma_star,6.75,7.0,6.875,0,0,0,0
NGC4567_8,pre-peak,log_sigma_star,7.0,7.25,7.125,0,0,0,0
NGC4567_8,pre-peak,log_sigma_star,7.25,7.5,7.375,8614,0,8614,0
NGC4567_8,pre-peak,log_sigma_star,7.5,7.75,7.625,36078,4145,27874,4059
NGC4567_8,pre-peak,log_sigma_star,7.75,8.0,7.875,88255,29315,44224,14716
NGC4567_8,pre-peak,log_sigma_star,8.0,8.25,8.125,100400,51144,22198,27058
NGC4567_8,pre-peak,log_sigma_star,8.25,8.5,8.375,102174,62777,3891,35506
NGC4567_8,pre-peak,log_sigma_star,8.5,8.75,8.625,58704,44296,146,14262
NGC4567_8,pre-peak,log_sigma_star,8.75,9.0,8.875,22393,20184,0,2209
NGC4567_8,pre-peak,log_sigma_star,9.0,9.25,9.125,7971,7065,0,906
NGC4567_8,pre-peak,log_sigma_star,9.25,9.5,9.375,2035,1074,0,961
NGC4567_8,pre-peak,log_sigma_star,9.5,9.75,9.625,606,162,0,444
NGC4567_8,pre-peak,log_sigma_star,9.75,10.0,9.875,199,58,0,141
NGC4567_8,pre-peak,log_sigma_star,10.0,10.25,10.125,40,19,0,21
NGC4567_8,pre-peak,log_sigma_star,10.25,10.5,10.375,15,2,0,13
NGC4567_8,pre-peak,log_sigma_star,10.5,10.75,10.625,1,0,0,1
NGC4567_8,pre-peak,log_sigma_star,10.75,11.0,10.875,0,0,0,0
NGC4567_8,pre-peak,log_sigma_star,11.0,11.25,11.125,0,0,0,0
NGC4567_8,pre-peak,radius_re,0.0,0.25,0.125,14843,11683,0,3160
NGC4567_8,pre-peak,radius_re,0.25,0.5,0.375,44507,37315,18,7174
NGC4567_8,pre-peak,radius_re,0.5,0.75,0.625,74147,55437,211,18499
NGC4567_8,pre-peak,radius_re,0.75,1.0,0.875,98669,52224,17466,28979
NGC4567_8,pre-peak,radius_re,1.0,1.25,1.125,81987,29202,29640,23145
NGC4567_8,pre-peak,radius_re,1.25,1.5,1.375,54476,20458,20755,13263
NGC4567_8,pre-peak,radius_re,1.5,1.75,1.625,35584,10042,21664,3878
NGC4567_8,pre-peak,radius_re,1.75,2.0,1.875,18412,3234,13173,2005
NGC4567_8,pre-peak,radius_re,2.0,2.25,2.125,4265,646,3425,194
NGC4567_8,pre-peak,radius_re,2.25,2.5,2.375,595,0,595,0
NGC4567_8,pre-peak,radius_re,2.5,2.75,2.625,0,0,0,0
NGC4567_8,pre-peak,radius_re,2.75,3.0,2.875,0,0,0,0
NGC4567_8,pre-peak,radius_re,3.0,3.25,3.125,0,0,0,0
NGC4567_8,pre-peak,radius_re,3.25,3.5,3.375,0,0,0,0
NGC4567_8,pre-peak,radius_re,3.5,3.75,3.625,0,0,0,0
NGC4567_8,pre-peak,radius_re,3.75,4.0,3.875,0,0,0,0
NGC4567_8,pre-peak,radius_re,4.0,4.25,4.125,0,0,0,0
NGC4567_8,pre-peak,radius_re,4.25,4.5,4.375,0,0,0,0
NGC4567_8,pre-peak,radius_re,4.5,4.75,4.625,0,0,0,0
NGC4567_8,pre-peak,radius_re,4.75,5.0,4.875,0,0,0,0
NGC4567_8,pre-peak,radius_re,5.0,5.25,5.125,0,0,0,0
NGC4567_8,pre-peak,radius_re,5.25,5.5,5.375,0,0,0,0
NGC4567_8,pre-peak,radius_re,5.5,5.75,5.625,0,0,0,0
NGC4567_8,pre-peak,radius_re,5.75,6.0,5.875,0,0,0,0
NGC4567_8,pre-peak,radius_re,6.0,6.25,6.125,0,0,0,0
NGC4567_8,pre-peak,radius_re,6.25,6.5,6.375,0,0,0,0
NGC4567_8,pre-peak,radius_re,6.5,6.75,6.625,0,0,0,0
NGC4567_8,pre-peak,radius_re,6.75,7.0,6.875,0,0,0,0
NGC4567_8,pre-peak,radius_re,7.0,7.25,7.125,0,0,0,0
NGC4567_8,pre-peak,radius_re,7.25,7.5,7.375,0,0,0,0
NGC4567_8,pre-peak,radius_re,7.5,7.75,7.625,0,0,0,0
NGC4567_8,pre-peak,radius_re,7.75,8.0,7.875,0,0,0,0
