Galaxy,MAUVE_stage,MAUVE_stage_label,DEF_K18,R_M87_K18_mpc,Ropt_K18_kpc,vrot_K18_kms,p_loc_K18,p_cfg_K18,p_def_K18,r_HI_iso_K18_kpc,in_K18_catalogue,K18_input_source,VCC_GoldMine_live,distance_GoldMine_live_mpc,Aradius_GoldMine_live_arcsec,inclination_GoldMine_live_deg,logMHI_GoldMine_live,W50_GoldMine_live_kms,WIDTHA_GoldMine_live_kms,GoldMine_live_audit_note,DEF_ModelA,R_M87_ModelA_mpc,Ropt_ModelA_kpc,vrot_ModelA_kms,modelA_computable,modelA_input_status,MHI_GoldMine_field_used,vrot_ModelA_derivation
NGC4189,1.0,pre-peak,,,,,,,,,False,not present in Koppen2018 Appendix E,89.0,32.0,135.6,43.865,9.401,254.0,254.0,"computed from GoldMine MHI, Aradius, distance, inclination, and WIDTHA",-0.09174103284241575,15.1007067806,10.518517625357406,179.60592751680193,True,recomputed from live GoldMine with Köppen equations,MHI,0.98*WIDTHA/(2*sin(incl)); factor validated on Appendix E
NGC4192,1.0,pre-peak,0.17,1.43,24.2,234.7,0.1,0.12,0.1,22.6,True,Koppen2018 Appendix E; GoldMine-derived published row,,,,,,,,,0.17,1.43,24.2,234.7,True,published Köppen 2018 Appendix E (GoldMine-derived),,published Appendix-E vrot
NGC4222,1.0,pre-peak,0.17,1.08,8.7,113.0,0.18,0.13,0.12,8.5,True,Koppen2018 Appendix E; GoldMine-derived published row,,,,,,,,,0.17,1.08,8.7,113.0,True,published Köppen 2018 Appendix E (GoldMine-derived),,published Appendix-E vrot
NGC4254,1.0,pre-peak,-0.12,1.05,15.2,271.4,0.19,0.92,,10.2,True,Koppen2018 Appendix E; GoldMine-derived published row,,,,,,,,,-0.12,1.05,15.2,271.4,True,published Köppen 2018 Appendix E (GoldMine-derived),,published Appendix-E vrot
NGC4294,1.0,pre-peak,0.05,0.74,9.8,101.1,0.38,0.08,0.04,10.0,True,Koppen2018 Appendix E; GoldMine-derived published row,,,,,,,,,0.05,0.74,9.8,101.1,True,published Köppen 2018 Appendix E (GoldMine-derived),,published Appendix-E vrot
NGC4321,1.0,pre-peak,0.32,1.17,22.5,268.8,0.16,0.27,0.27,17.5,True,Koppen2018 Appendix E; GoldMine-derived published row,,,,,,,,,0.32,1.17,22.5,268.8,True,published Köppen 2018 Appendix E (GoldMine-derived),,published Appendix-E vrot
NGC4351,1.0,pre-peak,0.67,3.35,8.6,60.6,0.02,0.09,0.23,5.6,True,Koppen2018 Appendix E; GoldMine-derived published row,,,,,,,,,0.67,3.35,8.6,60.6,True,published Köppen 2018 Appendix E (GoldMine-derived),,published Appendix-E vrot
NGC4383,1.0,pre-peak,-0.46,1.27,6.4,123.6,0.13,0.02,,19.1,True,Koppen2018 Appendix E; GoldMine-derived published row,,,,,,,,,-0.46,1.27,6.4,123.6,True,published Köppen 2018 Appendix E (GoldMine-derived),,published Appendix-E vrot
NGC4396,1.0,pre-peak,0.19,1.03,8.3,99.0,0.2,0.08,0.11,9.0,True,Koppen2018 Appendix E; GoldMine-derived published row,,,,,,,,,0.19,1.03,8.3,99.0,True,published Köppen 2018 Appendix E (GoldMine-derived),,published Appendix-E vrot
NGC4535,1.0,pre-peak,0.12,1.27,20.6,297.9,0.13,0.22,0.15,20.2,True,Koppen2018 Appendix E; GoldMine-derived published row,,,,,,,,,0.12,1.27,20.6,297.9,True,published Köppen 2018 Appendix E (GoldMine-derived),,published Appendix-E vrot
NGC4567,1.0,pre-peak,,,,,,,,,False,not present in Koppen2018 Appendix E,1673.0,17.0,175.2,50.203,8.69,,214.0,"computed from GoldMine MHI_GM, Aradius, distance, inclination, and WIDTHA",0.3969987304463487,0.5343713653,7.219845339086581,136.480117882422,True,recomputed from live GoldMine with Köppen equations,MHI_GM,0.98*WIDTHA/(2*sin(incl)); factor validated on Appendix E
NGC4568,1.0,pre-peak,,,,,,,,,False,not present in Koppen2018 Appendix E,1676.0,17.0,306.0,69.967,8.99,,341.0,"computed from GoldMine MHI_GM, Aradius, distance, inclination, and WIDTHA",0.42637349196969154,0.5394190939,12.610003845664922,177.85077667951137,True,recomputed from live GoldMine with Köppen equations,MHI_GM,0.98*WIDTHA/(2*sin(incl)); factor validated on Appendix E
NGC4298,2.0,close-to-peak,0.27,0.94,8.9,148.8,0.24,0.37,0.31,6.9,True,Koppen2018 Appendix E; GoldMine-derived published row,,,,,,,,,0.27,0.94,8.9,148.8,True,published Köppen 2018 Appendix E (GoldMine-derived),,published Appendix-E vrot
NGC4302,2.0,close-to-peak,0.34,0.93,16.7,187.6,0.25,0.25,0.23,11.9,True,Koppen2018 Appendix E; GoldMine-derived published row,,,,,,,,,0.34,0.93,16.7,187.6,True,published Köppen 2018 Appendix E (GoldMine-derived),,published Appendix-E vrot
NGC4330,2.0,close-to-peak,0.89,0.63,14.5,121.8,0.52,0.32,0.86,6.2,True,Koppen2018 Appendix E; GoldMine-derived published row,,,,,,,,,0.89,0.63,14.5,121.8,True,published Köppen 2018 Appendix E (GoldMine-derived),,published Appendix-E vrot
NGC4388,2.0,close-to-peak,0.77,0.37,12.6,182.3,1.27,0.59,1.59,7.1,True,Koppen2018 Appendix E; GoldMine-derived published row,,,,,,,,,0.77,0.37,12.6,182.3,True,published Köppen 2018 Appendix E (GoldMine-derived),,published Appendix-E vrot
NGC4402,2.0,close-to-peak,0.61,0.4,9.8,122.5,1.13,0.28,0.62,6.7,True,Koppen2018 Appendix E; GoldMine-derived published row,,,,,,,,,0.61,0.4,9.8,122.5,True,published Köppen 2018 Appendix E (GoldMine-derived),,published Appendix-E vrot
NGC4424,2.0,close-to-peak,0.66,1.98,9.6,34.5,0.05,0.07,0.06,3.2,True,Koppen2018 Appendix E; GoldMine-derived published row,,,,,,,,,0.66,1.98,9.6,34.5,True,published Köppen 2018 Appendix E (GoldMine-derived),,published Appendix-E vrot
NGC4501,2.0,close-to-peak,0.41,0.61,17.9,296.0,0.55,0.43,0.68,14.4,True,Koppen2018 Appendix E; GoldMine-derived published row,,,,,,,,,0.41,0.61,17.9,296.0,True,published Köppen 2018 Appendix E (GoldMine-derived),,published Appendix-E vrot
NGC4522,2.0,close-to-peak,0.65,0.98,10.0,105.7,0.22,1.85,0.52,6.6,True,Koppen2018 Appendix E; GoldMine-derived published row,,,,,,,,,0.65,0.98,10.0,105.7,True,published Köppen 2018 Appendix E (GoldMine-derived),,published Appendix-E vrot
NGC4654,2.0,close-to-peak,-0.08,0.97,12.3,165.8,0.23,0.07,,17.0,True,Koppen2018 Appendix E; GoldMine-derived published row,,,,,,,,,-0.08,0.97,12.3,165.8,True,published Köppen 2018 Appendix E (GoldMine-derived),,published Appendix-E vrot
NGC4694,2.0,close-to-peak,0.46,3.75,6.2,34.7,0.01,0.07,0.06,3.4,True,Koppen2018 Appendix E; GoldMine-derived published row,,,,,,,,,0.46,3.75,6.2,34.7,True,published Köppen 2018 Appendix E (GoldMine-derived),,published Appendix-E vrot
NGC4064,3.0,post-peak,1.45,2.95,11.4,58.8,0.02,0.32,1.56,2.1,True,Koppen2018 Appendix E; GoldMine-derived published row,,,,,,,,,1.45,2.95,11.4,58.8,True,published Köppen 2018 Appendix E (GoldMine-derived),,published Appendix-E vrot
NGC4216,3.0,post-peak,0.51,1.1,22.5,260.7,0.18,0.38,0.51,14.1,True,Koppen2018 Appendix E; GoldMine-derived published row,,,,,,,,,0.51,1.1,22.5,260.7,True,published Köppen 2018 Appendix E (GoldMine-derived),,published Appendix-E vrot
NGC4293,3.0,post-peak,1.69,3.3,10.5,163.7,0.02,,24.8,,True,Koppen2018 Appendix E; GoldMine-derived published row,,,,,,,,,1.69,3.3,10.5,163.7,True,published Köppen 2018 Appendix E (GoldMine-derived),,published Appendix-E vrot
NGC4380,3.0,post-peak,0.91,6.1,11.8,151.3,0.0,0.7,1.98,5.0,True,Koppen2018 Appendix E; GoldMine-derived published row,,,,,,,,,0.91,6.1,11.8,151.3,True,published Köppen 2018 Appendix E (GoldMine-derived),,published Appendix-E vrot
NGC4394,3.0,post-peak,,,,,,,,,False,not present in Koppen2018 Appendix E,857.0,17.0,216.0,0.0,8.51,,174.0,"GoldMine MHI_GM and WIDTHA exist, but inclination=0 prevents Köppen vrot",0.7006494535200094,1.7620576749,8.90117918517524,,False,GoldMine record present but vrot undefined because inclination=0,MHI_GM,not computable: WIDTHA/sin(incl) with incl=0
NGC4405,3.0,post-peak,1.02,1.17,4.7,102.3,0.16,1.35,5.95,2.1,True,Koppen2018 Appendix E; GoldMine-derived published row,,,,,,,,,1.02,1.17,4.7,102.3,True,published Köppen 2018 Appendix E (GoldMine-derived),,published Appendix-E vrot
NGC4419,3.0,post-peak,1.24,0.84,8.7,195.7,0.3,3.01,15.3,2.7,True,Koppen2018 Appendix E; GoldMine-derived published row,,,,,,,,,1.24,0.84,8.7,195.7,True,published Köppen 2018 Appendix E (GoldMine-derived),,published Appendix-E vrot
NGC4450,3.0,post-peak,0.75,3.4,12.3,207.2,0.02,0.82,2.03,6.8,True,Koppen2018 Appendix E; GoldMine-derived published row,,,,,,,,,0.75,3.4,12.3,207.2,True,published Köppen 2018 Appendix E (GoldMine-derived),,published Appendix-E vrot
IC3392,3.0,post-peak,1.21,0.79,7.2,111.0,0.34,,6.08,,True,Koppen2018 Appendix E; GoldMine-derived published row,,,,,,,,,1.21,0.79,7.2,111.0,True,published Köppen 2018 Appendix E (GoldMine-derived),,published Appendix-E vrot
NGC4457,3.0,post-peak,,,,,,,,,False,not present in Koppen2018 Appendix E,1145.0,17.0,175.2,0.0,8.35,,172.0,"GoldMine MHI_GM and WIDTHA exist, but inclination=0 prevents Köppen vrot",0.7369987304463486,2.6179947395,7.219845339086581,,False,GoldMine record present but vrot undefined because inclination=0,MHI_GM,not computable: WIDTHA/sin(incl) with incl=0
NGC4548,3.0,post-peak,0.73,0.71,14.8,206.4,0.41,0.36,1.39,10.7,True,Koppen2018 Appendix E; GoldMine-derived published row,,,,,,,,,0.73,0.71,14.8,206.4,True,published Köppen 2018 Appendix E (GoldMine-derived),,published Appendix-E vrot
NGC4569,3.0,post-peak,1.05,0.49,26.5,215.9,0.8,0.49,1.69,9.4,True,Koppen2018 Appendix E; GoldMine-derived published row,,,,,,,,,1.05,0.49,26.5,215.9,True,published Köppen 2018 Appendix E (GoldMine-derived),,published Appendix-E vrot
NGC4579,3.0,post-peak,0.81,0.53,15.6,278.6,0.7,0.86,3.05,9.4,True,Koppen2018 Appendix E; GoldMine-derived published row,,,,,,,,,0.81,0.53,15.6,278.6,True,published Köppen 2018 Appendix E (GoldMine-derived),,published Appendix-E vrot
NGC4580,3.0,post-peak,1.23,5.81,6.9,138.5,0.0,2.39,10.92,2.0,True,Koppen2018 Appendix E; GoldMine-derived published row,,,,,,,,,1.23,5.81,6.9,138.5,True,published Köppen 2018 Appendix E (GoldMine-derived),,published Appendix-E vrot
NGC4606,3.0,post-peak,1.76,3.03,14.8,76.7,0.02,0.67,3.75,1.5,True,Koppen2018 Appendix E; GoldMine-derived published row,,,,,,,,,1.76,3.03,14.8,76.7,True,published Köppen 2018 Appendix E (GoldMine-derived),,published Appendix-E vrot
NGC4607,3.0,post-peak,0.97,0.77,9.8,91.5,0.36,0.3,1.21,4.7,True,Koppen2018 Appendix E; GoldMine-derived published row,,,,,,,,,0.97,0.77,9.8,91.5,True,published Köppen 2018 Appendix E (GoldMine-derived),,published Appendix-E vrot
NGC4689,3.0,post-peak,0.81,1.29,14.5,137.3,0.13,0.36,0.83,6.8,True,Koppen2018 Appendix E; GoldMine-derived published row,,,,,,,,,0.81,1.29,14.5,137.3,True,published Köppen 2018 Appendix E (GoldMine-derived),,published Appendix-E vrot
NGC4698,3.0,post-peak,0.25,1.73,14.0,236.6,0.07,0.09,0.34,20.2,True,Koppen2018 Appendix E; GoldMine-derived published row,,,,,,,,,0.25,1.73,14.0,236.6,True,published Köppen 2018 Appendix E (GoldMine-derived),,published Appendix-E vrot
